[30Jul2026 00:21:15.329] [main/INFO] [cpw.mods.modlauncher.Launcher/MODLAUNCHER]: ModLauncher running: args [--launchTarget, forgeserver, --fml.forgeVersion, 47.3.7, --fml.mcVersion, 1.20.1, --fml.forgeGroup, net.minecraftforge, --fml.mcpVersion, 20230612.114412, nogui]
[30Jul2026 00:21:15.333] [main/INFO] [cpw.mods.modlauncher.Launcher/MODLAUNCHER]: ModLauncher 10.0.9+10.0.9+main.dcd20f30 starting: java version 17.0.19 by Ubuntu; OS Linux arch amd64 version 6.8.0-1052-azure
[30Jul2026 00:21:15.362] [main/DEBUG] [cpw.mods.modlauncher.LaunchServiceHandler/MODLAUNCHER]: Found launch services [fmlclientdev,forgeclient,minecraft,forgegametestserverdev,fmlserveruserdev,fmlclient,fmldatauserdev,forgeserverdev,forgeserveruserdev,forgeclientdev,forgeclientuserdev,forgeserver,forgedatadev,fmlserver,fmlclientuserdev,fmlserverdev,forgedatauserdev,testharness,forgegametestserveruserdev]
[30Jul2026 00:21:15.373] [main/DEBUG] [cpw.mods.modlauncher.NameMappingServiceHandler/MODLAUNCHER]: Found naming services : [srgtomcp]
[30Jul2026 00:21:15.385] [main/DEBUG] [cpw.mods.modlauncher.LaunchPluginHandler/MODLAUNCHER]: Found launch plugins: [mixin,eventbus,slf4jfixer,object_holder_definalize,runtime_enum_extender,capability_token_subclass,accesstransformer,runtimedistcleaner]
[30Jul2026 00:21:15.393] [main/DEBUG] [cpw.mods.modlauncher.TransformationServicesHandler/MODLAUNCHER]: Discovering transformation services
[30Jul2026 00:21:15.397] [main/DEBUG] [net.minecraftforge.fml.loading.FMLPaths/CORE]: Path GAMEDIR is /workspaces/XDDDDDDD/servidor_minecraft
[30Jul2026 00:21:15.397] [main/DEBUG] [net.minecraftforge.fml.loading.FMLPaths/CORE]: Path MODSDIR is /workspaces/XDDDDDDD/servidor_minecraft/mods
[30Jul2026 00:21:15.397] [main/DEBUG] [net.minecraftforge.fml.loading.FMLPaths/CORE]: Path CONFIGDIR is /workspaces/XDDDDDDD/servidor_minecraft/config
[30Jul2026 00:21:15.398] [main/DEBUG] [net.minecraftforge.fml.loading.FMLPaths/CORE]: Path FMLCONFIG is /workspaces/XDDDDDDD/servidor_minecraft/config/fml.toml
[30Jul2026 00:21:15.857] [main/DEBUG] [cpw.mods.modlauncher.TransformationServicesHandler/MODLAUNCHER]: Found additional transformation services from discovery services: [/workspaces/XDDDDDDD/servidor_minecraft/mods/Connector-1.0.0-beta.49+1.20.1.jar][/workspaces/XDDDDDDD/servidor_minecraft/mods/Connector-1.0.0-beta.49+1.20.1.jar][/workspaces/XDDDDDDD/servidor_minecraft/mods/Connector-1.0.0-beta.49+1.20.1.jar]
[30Jul2026 00:21:15.897] [main/INFO] [net.minecraftforge.fml.loading.ImmediateWindowHandler/]: ImmediateWindowProvider not loading because launch target is forgeserver
[30Jul2026 00:21:15.904] [main/INFO] [mixin-transmog/]: Mixin Transmogrifier is definitely up to no good...
[30Jul2026 00:21:15.933] [main/DEBUG] [mixin-transmog/]: Replaced the mixin launch plugin
[30Jul2026 00:21:15.934] [main/INFO] [mixin-transmog/]: crimes against java were committed
[30Jul2026 00:21:15.937] [main/DEBUG] [cpw.mods.modlauncher.TransformationServicesHandler/MODLAUNCHER]: Found transformer services : [mixin,fml,mixin-transmogrifier,connector_loader]
[30Jul2026 00:21:15.937] [main/DEBUG] [cpw.mods.modlauncher.TransformationServicesHandler/MODLAUNCHER]: Transformation services loading
[30Jul2026 00:21:15.938] [main/DEBUG] [cpw.mods.modlauncher.TransformationServiceDecorator/MODLAUNCHER]: Loading service mixin
[30Jul2026 00:21:15.938] [main/DEBUG] [cpw.mods.modlauncher.TransformationServiceDecorator/MODLAUNCHER]: Loaded service mixin
[30Jul2026 00:21:15.938] [main/DEBUG] [cpw.mods.modlauncher.TransformationServiceDecorator/MODLAUNCHER]: Loading service fml
[30Jul2026 00:21:15.939] [main/DEBUG] [net.minecraftforge.fml.loading.LauncherVersion/CORE]: Found FMLLauncher version 1.0
[30Jul2026 00:21:15.939] [main/DEBUG] [net.minecraftforge.fml.loading.FMLLoader/CORE]: FML 1.0 loading
[30Jul2026 00:21:15.940] [main/DEBUG] [net.minecraftforge.fml.loading.FMLLoader/CORE]: FML found ModLauncher version : 10.0.9+10.0.9+main.dcd20f30
[30Jul2026 00:21:15.940] [main/DEBUG] [net.minecraftforge.fml.loading.FMLLoader/CORE]: FML found AccessTransformer version : 8.0.4+66+master.c09db6d7
[30Jul2026 00:21:15.940] [main/DEBUG] [net.minecraftforge.fml.loading.FMLLoader/CORE]: FML found EventBus version : 6.0.5+6.0.5+master.eb8e549b
[30Jul2026 00:21:15.941] [main/DEBUG] [net.minecraftforge.fml.loading.FMLLoader/CORE]: Found Runtime Dist Cleaner
[30Jul2026 00:21:15.942] [main/DEBUG] [net.minecraftforge.fml.loading.FMLLoader/CORE]: FML found CoreMod version : 5.1.6
[30Jul2026 00:21:15.942] [main/DEBUG] [net.minecraftforge.fml.loading.FMLLoader/CORE]: Found ForgeSPI package implementation version 7.0.1+7.0.1+master.d2b38bf6
[30Jul2026 00:21:15.943] [main/DEBUG] [net.minecraftforge.fml.loading.FMLLoader/CORE]: Found ForgeSPI package specification 5
[30Jul2026 00:21:15.943] [main/DEBUG] [cpw.mods.modlauncher.TransformationServiceDecorator/MODLAUNCHER]: Loaded service fml
[30Jul2026 00:21:15.943] [main/DEBUG] [cpw.mods.modlauncher.TransformationServiceDecorator/MODLAUNCHER]: Loading service mixin-transmogrifier
[30Jul2026 00:21:15.943] [main/DEBUG] [mixin-transmog/]: onLoad called
[30Jul2026 00:21:15.943] [main/DEBUG] [mixin-transmog/]: mixin, fml, mixin-transmogrifier, connector_loader
[30Jul2026 00:21:15.944] [main/DEBUG] [cpw.mods.modlauncher.TransformationServiceDecorator/MODLAUNCHER]: Loading service mixin
[30Jul2026 00:21:15.944] [main/DEBUG] [cpw.mods.modlauncher.TransformationServiceDecorator/MODLAUNCHER]: Loaded service mixin
[30Jul2026 00:21:15.944] [main/DEBUG] [cpw.mods.modlauncher.TransformationServiceDecorator/MODLAUNCHER]: Loaded service mixin-transmogrifier
[30Jul2026 00:21:15.944] [main/DEBUG] [cpw.mods.modlauncher.TransformationServiceDecorator/MODLAUNCHER]: Loading service connector_loader
[30Jul2026 00:21:15.945] [main/DEBUG] [cpw.mods.modlauncher.TransformationServiceDecorator/MODLAUNCHER]: Loaded service connector_loader
[30Jul2026 00:21:15.946] [main/DEBUG] [cpw.mods.modlauncher.TransformationServicesHandler/MODLAUNCHER]: Configuring option handling for services
[30Jul2026 00:21:15.952] [main/DEBUG] [cpw.mods.modlauncher.TransformationServicesHandler/MODLAUNCHER]: Transformation services initializing
[30Jul2026 00:21:15.952] [main/DEBUG] [cpw.mods.modlauncher.TransformationServiceDecorator/MODLAUNCHER]: Initializing transformation service mixin
[30Jul2026 00:21:15.952] [main/INFO] [mixin-transmog/]: Original mixin transformation service successfully crobbed by mixin-transmogrifier!
[30Jul2026 00:21:15.953] [main/DEBUG] [cpw.mods.modlauncher.TransformationServiceDecorator/MODLAUNCHER]: Initialized transformation service mixin
[30Jul2026 00:21:15.953] [main/DEBUG] [cpw.mods.modlauncher.TransformationServiceDecorator/MODLAUNCHER]: Initializing transformation service fml
[30Jul2026 00:21:15.953] [main/DEBUG] [net.minecraftforge.fml.loading.FMLServiceProvider/CORE]: Setting up basic FML game directories
[30Jul2026 00:21:15.954] [main/DEBUG] [net.minecraftforge.fml.loading.FMLPaths/CORE]: Path GAMEDIR is /workspaces/XDDDDDDD/servidor_minecraft
[30Jul2026 00:21:15.954] [main/DEBUG] [net.minecraftforge.fml.loading.FMLPaths/CORE]: Path MODSDIR is /workspaces/XDDDDDDD/servidor_minecraft/mods
[30Jul2026 00:21:15.954] [main/DEBUG] [net.minecraftforge.fml.loading.FMLPaths/CORE]: Path CONFIGDIR is /workspaces/XDDDDDDD/servidor_minecraft/config
[30Jul2026 00:21:15.955] [main/DEBUG] [net.minecraftforge.fml.loading.FMLPaths/CORE]: Path FMLCONFIG is /workspaces/XDDDDDDD/servidor_minecraft/config/fml.toml
[30Jul2026 00:21:15.955] [main/DEBUG] [net.minecraftforge.fml.loading.FMLServiceProvider/CORE]: Loading configuration
[30Jul2026 00:21:15.957] [main/DEBUG] [net.minecraftforge.fml.loading.FMLServiceProvider/CORE]: Preparing ModFile
[30Jul2026 00:21:15.960] [main/DEBUG] [net.minecraftforge.fml.loading.FMLServiceProvider/CORE]: Preparing launch handler
[30Jul2026 00:21:15.960] [main/DEBUG] [net.minecraftforge.fml.loading.FMLLoader/CORE]: Using forgeserver as launch service
[30Jul2026 00:21:15.978] [main/DEBUG] [net.minecraftforge.fml.loading.FMLLoader/CORE]: Received command line version data  : VersionInfo[forgeVersion=47.3.7, mcVersion=1.20.1, mcpVersion=20230612.114412, forgeGroup=net.minecraftforge]
[30Jul2026 00:21:15.981] [main/DEBUG] [cpw.mods.modlauncher.TransformationServiceDecorator/MODLAUNCHER]: Initialized transformation service fml
[30Jul2026 00:21:15.981] [main/DEBUG] [cpw.mods.modlauncher.TransformationServiceDecorator/MODLAUNCHER]: Initializing transformation service mixin-transmogrifier
[30Jul2026 00:21:15.981] [main/DEBUG] [mixin-transmog/]: initialize called
[30Jul2026 00:21:15.992] [main/DEBUG] [mixin/]: MixinService [ModLauncher] was successfully booted in cpw.mods.cl.ModuleClassLoader@77ec78b9
[30Jul2026 00:21:16.004] [main/INFO] [mixin/]: SpongePowered MIXIN Subsystem Version=0.8.5 Source=union:/workspaces/XDDDDDDD/servidor_minecraft/mods/Connector-1.0.0-beta.49+1.20.1.jar%23119%23122!/ Service=ModLauncher Env=SERVER
[30Jul2026 00:21:16.008] [main/DEBUG] [mixin/]: Initialising Mixin Platform Manager
[30Jul2026 00:21:16.008] [main/DEBUG] [mixin/]: Adding mixin platform agents for container ModLauncher Root Container(ModLauncher:4f56a0a2)
[30Jul2026 00:21:16.009] [main/DEBUG] [mixin/]: Instancing new MixinPlatformAgentMinecraftForge for ModLauncher Root Container(ModLauncher:4f56a0a2)
[30Jul2026 00:21:16.010] [main/DEBUG] [mixin/]: MixinPlatformAgentMinecraftForge rejected container ModLauncher Root Container(ModLauncher:4f56a0a2)
[30Jul2026 00:21:16.012] [main/DEBUG] [mixin/]: Instancing new MixinPlatformAgentDefault for ModLauncher Root Container(ModLauncher:4f56a0a2)
[30Jul2026 00:21:16.013] [main/DEBUG] [mixin/]: MixinPlatformAgentDefault accepted container ModLauncher Root Container(ModLauncher:4f56a0a2)
[30Jul2026 00:21:16.014] [main/DEBUG] [cpw.mods.modlauncher.TransformationServiceDecorator/MODLAUNCHER]: Initialized transformation service mixin-transmogrifier
[30Jul2026 00:21:16.015] [main/DEBUG] [cpw.mods.modlauncher.TransformationServiceDecorator/MODLAUNCHER]: Initializing transformation service connector_loader
[30Jul2026 00:21:16.018] [main/DEBUG] [cpw.mods.modlauncher.TransformationServiceDecorator/MODLAUNCHER]: Initialized transformation service connector_loader
[30Jul2026 00:21:16.019] [main/DEBUG] [cpw.mods.modlauncher.NameMappingServiceHandler/MODLAUNCHER]: Current naming domain is 'srg'
[30Jul2026 00:21:16.019] [main/DEBUG] [cpw.mods.modlauncher.NameMappingServiceHandler/MODLAUNCHER]: Identified name mapping providers {}
[30Jul2026 00:21:16.020] [main/DEBUG] [cpw.mods.modlauncher.TransformationServicesHandler/MODLAUNCHER]: Transformation services begin scanning
[30Jul2026 00:21:16.021] [main/DEBUG] [cpw.mods.modlauncher.TransformationServiceDecorator/MODLAUNCHER]: Beginning scan trigger - transformation service mixin
[30Jul2026 00:21:16.021] [main/DEBUG] [cpw.mods.modlauncher.TransformationServiceDecorator/MODLAUNCHER]: End scan trigger - transformation service mixin
[30Jul2026 00:21:16.022] [main/DEBUG] [cpw.mods.modlauncher.TransformationServiceDecorator/MODLAUNCHER]: Beginning scan trigger - transformation service fml
[30Jul2026 00:21:16.022] [main/DEBUG] [net.minecraftforge.fml.loading.FMLServiceProvider/CORE]: Initiating mod scan
[30Jul2026 00:21:16.039] [main/DEBUG] [net.minecraftforge.fml.loading.moddiscovery.ModListHandler/CORE]: Found mod coordinates from lists: []
[30Jul2026 00:21:16.047] [main/DEBUG] [net.minecraftforge.fml.loading.moddiscovery.ModDiscoverer/CORE]: Found Mod Locators : (connector_early_locator:1.0.0-beta.49+1.20.1),(mods folder:null),(maven libs:null),(exploded directory:null),(minecraft:null),(userdev classpath:null)
[30Jul2026 00:21:16.047] [main/DEBUG] [net.minecraftforge.fml.loading.moddiscovery.ModDiscoverer/CORE]: Found Dependency Locators : (connector_locator:1.0.0-beta.49+1.20.1),(JarInJar:null)
[30Jul2026 00:21:16.068] [main/DEBUG] [net.minecraftforge.fml.loading.moddiscovery.ModFileParser/LOADING]: Considering mod file candidate 
[30Jul2026 00:21:16.106] [main/DEBUG] [net.minecraftforge.fml.loading.moddiscovery.ModFileInfo/LOADING]: Found valid mod file Connector-1.0.0-beta.49+1.20.1-mod.jar with {connectormod} mods - versions {1.0.0-beta.49+1.20.1}
[30Jul2026 00:21:16.111] [main/DEBUG] [net.minecraftforge.fml.loading.moddiscovery.ModFileParser/LOADING]: Considering mod file candidate /workspaces/XDDDDDDD/servidor_minecraft/mods/architectury-9.2.14-forge.jar
[30Jul2026 00:21:16.112] [main/DEBUG] [net.minecraftforge.fml.loading.moddiscovery.ModFileInfo/LOADING]: Found valid mod file architectury-9.2.14-forge.jar with {architectury} mods - versions {9.2.14}
[30Jul2026 00:21:16.298] [main/DEBUG] [net.minecraftforge.fml.loading.moddiscovery.ModFileParser/LOADING]: Considering mod file candidate /workspaces/XDDDDDDD/servidor_minecraft/mods/cloth-config-11.1.136-forge.jar
[30Jul2026 00:21:16.300] [main/DEBUG] [net.minecraftforge.fml.loading.moddiscovery.ModFileInfo/LOADING]: Found valid mod file cloth-config-11.1.136-forge.jar with {cloth_config} mods - versions {11.1.136}
[30Jul2026 00:21:16.302] [main/DEBUG] [net.minecraftforge.fml.loading.moddiscovery.ModFileParser/LOADING]: Considering mod file candidate /workspaces/XDDDDDDD/servidor_minecraft/mods/CreativeCore_FORGE_v2.12.39_mc1.20.1.jar
[30Jul2026 00:21:16.303] [main/DEBUG] [net.minecraftforge.fml.loading.moddiscovery.ModFileInfo/LOADING]: Found valid mod file CreativeCore_FORGE_v2.12.39_mc1.20.1.jar with {creativecore} mods - versions {2.12.39}
[30Jul2026 00:21:16.303] [main/DEBUG] [net.minecraftforge.fml.loading.moddiscovery.ModFileParser/LOADING]: Considering mod file candidate /workspaces/XDDDDDDD/servidor_minecraft/mods/fabric-api-0.92.6+1.11.14+1.20.1.jar
[30Jul2026 00:21:16.304] [main/DEBUG] [net.minecraftforge.fml.loading.moddiscovery.ModFileInfo/LOADING]: Found valid mod file fabric-api-0.92.6+1.11.14+1.20.1.jar with {fabric_api} mods - versions {0.92.6+1.11.14+1.20.1}
[30Jul2026 00:21:16.309] [main/DEBUG] [net.minecraftforge.fml.loading.moddiscovery.ModFileParser/LOADING]: Considering mod file candidate /workspaces/XDDDDDDD/servidor_minecraft/mods/ferritecore-6.0.1-forge.jar
[30Jul2026 00:21:16.310] [main/DEBUG] [net.minecraftforge.fml.loading.moddiscovery.ModFileInfo/LOADING]: Found valid mod file ferritecore-6.0.1-forge.jar with {ferritecore} mods - versions {6.0.1}
[30Jul2026 00:21:16.312] [main/DEBUG] [net.minecraftforge.fml.loading.moddiscovery.ModFileParser/LOADING]: Considering mod file candidate /workspaces/XDDDDDDD/servidor_minecraft/mods/Immersive Vehicles-1.20.1-24.0.0.jar
[30Jul2026 00:21:16.313] [main/DEBUG] [net.minecraftforge.fml.loading.moddiscovery.ModFileInfo/LOADING]: Found valid mod file Immersive Vehicles-1.20.1-24.0.0.jar with {mts} mods - versions {24.0.0}
[30Jul2026 00:21:16.314] [main/DEBUG] [net.minecraftforge.fml.loading.moddiscovery.ModFileParser/LOADING]: Considering mod file candidate /workspaces/XDDDDDDD/servidor_minecraft/mods/jei-1.20.1-forge-15.21.0.148.jar
[30Jul2026 00:21:16.316] [main/DEBUG] [net.minecraftforge.fml.loading.moddiscovery.ModFileInfo/LOADING]: Found valid mod file jei-1.20.1-forge-15.21.0.148.jar with {jei} mods - versions {15.21.0.148}
[30Jul2026 00:21:16.380] [main/DEBUG] [net.minecraftforge.fml.loading.moddiscovery.ModFileParser/LOADING]: Considering mod file candidate /workspaces/XDDDDDDD/servidor_minecraft/mods/Ksyxis-1.4.3.jar
[30Jul2026 00:21:16.382] [main/DEBUG] [net.minecraftforge.fml.loading.moddiscovery.ModFileInfo/LOADING]: Found valid mod file Ksyxis-1.4.3.jar with {ksyxis} mods - versions {1.4.3}
[30Jul2026 00:21:16.382] [main/DEBUG] [net.minecraftforge.fml.loading.moddiscovery.ModFileParser/LOADING]: Considering mod file candidate /workspaces/XDDDDDDD/servidor_minecraft/mods/lrtactical-1.20.1-0.4.1.jar
[30Jul2026 00:21:16.384] [main/DEBUG] [net.minecraftforge.fml.loading.moddiscovery.ModFileInfo/LOADING]: Found valid mod file lrtactical-1.20.1-0.4.1.jar with {lrtactical} mods - versions {0.4.1}
[30Jul2026 00:21:16.384] [main/DEBUG] [net.minecraftforge.fml.loading.moddiscovery.ModFileParser/LOADING]: Considering mod file candidate /workspaces/XDDDDDDD/servidor_minecraft/mods/memoryleakfix-forge-1.17+-1.1.5.jar
[30Jul2026 00:21:16.385] [main/DEBUG] [net.minecraftforge.fml.loading.moddiscovery.ModFileInfo/LOADING]: Found valid mod file memoryleakfix-forge-1.17+-1.1.5.jar with {memoryleakfix} mods - versions {1.1.5}
[30Jul2026 00:21:16.386] [main/DEBUG] [net.minecraftforge.fml.loading.moddiscovery.ModFileParser/LOADING]: Considering mod file candidate /workspaces/XDDDDDDD/servidor_minecraft/mods/midnightlib-forge-1.9.2+1.20.1.jar
[30Jul2026 00:21:16.387] [main/DEBUG] [net.minecraftforge.fml.loading.moddiscovery.ModFileInfo/LOADING]: Found valid mod file midnightlib-forge-1.9.2+1.20.1.jar with {midnightlib} mods - versions {1.9.2}
[30Jul2026 00:21:16.388] [main/DEBUG] [net.minecraftforge.fml.loading.moddiscovery.ModFileParser/LOADING]: Considering mod file candidate /workspaces/XDDDDDDD/servidor_minecraft/mods/modernfix-forge-5.27.40+mc1.20.1.jar
[30Jul2026 00:21:16.389] [main/DEBUG] [net.minecraftforge.fml.loading.moddiscovery.ModFileInfo/LOADING]: Found valid mod file modernfix-forge-5.27.40+mc1.20.1.jar with {modernfix} mods - versions {5.27.40+mc1.20.1}
[30Jul2026 00:21:16.392] [main/DEBUG] [net.minecraftforge.fml.loading.moddiscovery.ModFileParser/LOADING]: Considering mod file candidate /workspaces/XDDDDDDD/servidor_minecraft/mods/MTS Official Pack-1.20.1-V29.jar
[30Jul2026 00:21:16.393] [main/DEBUG] [net.minecraftforge.fml.loading.moddiscovery.ModFileInfo/LOADING]: Found valid mod file MTS Official Pack-1.20.1-V29.jar with {mtsofficialpack} mods - versions {29}
[30Jul2026 00:21:16.394] [main/DEBUG] [net.minecraftforge.fml.loading.moddiscovery.ModFileParser/LOADING]: Considering mod file candidate /workspaces/XDDDDDDD/servidor_minecraft/mods/starlight-1.1.2+forge.1cda73c.jar
[30Jul2026 00:21:16.395] [main/DEBUG] [net.minecraftforge.fml.loading.moddiscovery.ModFileInfo/LOADING]: Found valid mod file starlight-1.1.2+forge.1cda73c.jar with {starlight} mods - versions {1.1.2+forge.1cda73c}
[30Jul2026 00:21:16.398] [main/DEBUG] [net.minecraftforge.fml.loading.moddiscovery.ModFileParser/LOADING]: Considering mod file candidate /workspaces/XDDDDDDD/servidor_minecraft/mods/tacz-1.20.1-1.1.8-hotfix.jar
[30Jul2026 00:21:16.400] [main/DEBUG] [net.minecraftforge.fml.loading.moddiscovery.ModFileInfo/LOADING]: Found valid mod file tacz-1.20.1-1.1.8-hotfix.jar with {tacz} mods - versions {1.1.8-hotfix}
[30Jul2026 00:21:16.402] [main/DEBUG] [net.minecraftforge.fml.loading.moddiscovery.ModFileParser/LOADING]: Considering mod file candidate /workspaces/XDDDDDDD/servidor_minecraft/mods/UniLib-1.2.1+1.20.1-forge.jar
[30Jul2026 00:21:16.403] [main/DEBUG] [net.minecraftforge.fml.loading.moddiscovery.ModFileInfo/LOADING]: Found valid mod file UniLib-1.2.1+1.20.1-forge.jar with {unilib} mods - versions {1.2.1}
[30Jul2026 00:21:16.517] [main/DEBUG] [net.minecraftforge.fml.loading.moddiscovery.ModFileInfo/LOADING]: Found valid mod file server-1.20.1-20230612.114412-srg.jar with {minecraft} mods - versions {1.20.1}
[30Jul2026 00:21:16.519] [main/DEBUG] [net.minecraftforge.fml.loading.moddiscovery.ModFileParser/LOADING]: Considering mod file candidate /workspaces/XDDDDDDD/servidor_minecraft/libraries/net/minecraftforge/fmlcore/1.20.1-47.3.7/fmlcore-1.20.1-47.3.7.jar
[30Jul2026 00:21:16.519] [main/WARN] [net.minecraftforge.fml.loading.moddiscovery.ModFileParser/LOADING]: Mod file /workspaces/XDDDDDDD/servidor_minecraft/libraries/net/minecraftforge/fmlcore/1.20.1-47.3.7/fmlcore-1.20.1-47.3.7.jar is missing mods.toml file
[30Jul2026 00:21:16.523] [main/DEBUG] [net.minecraftforge.fml.loading.moddiscovery.ModFileParser/LOADING]: Considering mod file candidate /workspaces/XDDDDDDD/servidor_minecraft/libraries/net/minecraftforge/javafmllanguage/1.20.1-47.3.7/javafmllanguage-1.20.1-47.3.7.jar
[30Jul2026 00:21:16.524] [main/WARN] [net.minecraftforge.fml.loading.moddiscovery.ModFileParser/LOADING]: Mod file /workspaces/XDDDDDDD/servidor_minecraft/libraries/net/minecraftforge/javafmllanguage/1.20.1-47.3.7/javafmllanguage-1.20.1-47.3.7.jar is missing mods.toml file
[30Jul2026 00:21:16.525] [main/DEBUG] [net.minecraftforge.fml.loading.moddiscovery.ModFileParser/LOADING]: Considering mod file candidate /workspaces/XDDDDDDD/servidor_minecraft/libraries/net/minecraftforge/lowcodelanguage/1.20.1-47.3.7/lowcodelanguage-1.20.1-47.3.7.jar
[30Jul2026 00:21:16.525] [main/WARN] [net.minecraftforge.fml.loading.moddiscovery.ModFileParser/LOADING]: Mod file /workspaces/XDDDDDDD/servidor_minecraft/libraries/net/minecraftforge/lowcodelanguage/1.20.1-47.3.7/lowcodelanguage-1.20.1-47.3.7.jar is missing mods.toml file
[30Jul2026 00:21:16.526] [main/DEBUG] [net.minecraftforge.fml.loading.moddiscovery.ModFileParser/LOADING]: Considering mod file candidate /workspaces/XDDDDDDD/servidor_minecraft/libraries/net/minecraftforge/mclanguage/1.20.1-47.3.7/mclanguage-1.20.1-47.3.7.jar
[30Jul2026 00:21:16.526] [main/WARN] [net.minecraftforge.fml.loading.moddiscovery.ModFileParser/LOADING]: Mod file /workspaces/XDDDDDDD/servidor_minecraft/libraries/net/minecraftforge/mclanguage/1.20.1-47.3.7/mclanguage-1.20.1-47.3.7.jar is missing mods.toml file
[30Jul2026 00:21:16.582] [main/DEBUG] [net.minecraftforge.fml.loading.moddiscovery.ModFileParser/LOADING]: Considering mod file candidate /workspaces/XDDDDDDD/servidor_minecraft/libraries/net/minecraftforge/forge/1.20.1-47.3.7/forge-1.20.1-47.3.7-universal.jar
[30Jul2026 00:21:16.583] [main/DEBUG] [net.minecraftforge.fml.loading.moddiscovery.ModFileInfo/LOADING]: Found valid mod file forge-1.20.1-47.3.7-universal.jar with {forge} mods - versions {47.3.7}
[30Jul2026 00:21:16.597] [main/DEBUG] [net.minecraftforge.fml.loading.moddiscovery.AbstractJarFileDependencyLocator/]: Failed to load resource META-INF/jarjar/metadata.json from server-1.20.1-20230612.114412-srg.jar, it does not contain dependency information.
[30Jul2026 00:21:16.598] [main/DEBUG] [net.minecraftforge.fml.loading.moddiscovery.AbstractJarFileDependencyLocator/]: Failed to load resource META-INF/jarjar/metadata.json from MTS Official Pack-1.20.1-V29.jar, it does not contain dependency information.
[30Jul2026 00:21:16.598] [main/DEBUG] [net.minecraftforge.fml.loading.moddiscovery.AbstractJarFileDependencyLocator/]: Failed to load resource META-INF/jarjar/metadata.json from midnightlib-forge-1.9.2+1.20.1.jar, it does not contain dependency information.
[30Jul2026 00:21:16.598] [main/DEBUG] [net.minecraftforge.fml.loading.moddiscovery.AbstractJarFileDependencyLocator/]: Failed to load resource META-INF/jarjar/metadata.json from starlight-1.1.2+forge.1cda73c.jar, it does not contain dependency information.
[30Jul2026 00:21:16.598] [main/DEBUG] [net.minecraftforge.fml.loading.moddiscovery.AbstractJarFileDependencyLocator/]: Failed to load resource META-INF/jarjar/metadata.json from architectury-9.2.14-forge.jar, it does not contain dependency information.
[30Jul2026 00:21:16.599] [main/DEBUG] [net.minecraftforge.fml.loading.moddiscovery.AbstractJarFileDependencyLocator/]: Failed to load resource META-INF/jarjar/metadata.json from ferritecore-6.0.1-forge.jar, it does not contain dependency information.
[30Jul2026 00:21:16.599] [main/DEBUG] [net.minecraftforge.fml.loading.moddiscovery.AbstractJarFileDependencyLocator/]: Failed to load resource META-INF/jarjar/metadata.json from CreativeCore_FORGE_v2.12.39_mc1.20.1.jar, it does not contain dependency information.
[30Jul2026 00:21:16.599] [main/DEBUG] [net.minecraftforge.fml.loading.moddiscovery.AbstractJarFileDependencyLocator/]: Failed to load resource META-INF/jarjar/metadata.json from Immersive Vehicles-1.20.1-24.0.0.jar, it does not contain dependency information.
[30Jul2026 00:21:16.599] [main/DEBUG] [net.minecraftforge.fml.loading.moddiscovery.AbstractJarFileDependencyLocator/]: Failed to load resource META-INF/jarjar/metadata.json from jei-1.20.1-forge-15.21.0.148.jar, it does not contain dependency information.
[30Jul2026 00:21:16.599] [main/DEBUG] [net.minecraftforge.fml.loading.moddiscovery.AbstractJarFileDependencyLocator/]: Failed to load resource META-INF/jarjar/metadata.json from memoryleakfix-forge-1.17+-1.1.5.jar, it does not contain dependency information.
[30Jul2026 00:21:16.599] [main/DEBUG] [net.minecraftforge.fml.loading.moddiscovery.AbstractJarFileDependencyLocator/]: Failed to load resource META-INF/jarjar/metadata.json from Ksyxis-1.4.3.jar, it does not contain dependency information.
[30Jul2026 00:21:16.599] [main/DEBUG] [net.minecraftforge.fml.loading.moddiscovery.AbstractJarFileDependencyLocator/]: Failed to load resource META-INF/jarjar/metadata.json from UniLib-1.2.1+1.20.1-forge.jar, it does not contain dependency information.
[30Jul2026 00:21:16.600] [main/DEBUG] [net.minecraftforge.fml.loading.moddiscovery.AbstractJarFileDependencyLocator/]: Failed to load resource META-INF/jarjar/metadata.json from lrtactical-1.20.1-0.4.1.jar, it does not contain dependency information.
[30Jul2026 00:21:16.600] [main/DEBUG] [net.minecraftforge.fml.loading.moddiscovery.AbstractJarFileDependencyLocator/]: Failed to load resource META-INF/jarjar/metadata.json from cloth-config-11.1.136-forge.jar, it does not contain dependency information.
[30Jul2026 00:21:16.600] [main/DEBUG] [net.minecraftforge.fml.loading.moddiscovery.AbstractJarFileDependencyLocator/]: Failed to load resource META-INF/jarjar/metadata.json from forge-1.20.1-47.3.7-universal.jar, it does not contain dependency information.
[30Jul2026 00:21:16.600] [main/DEBUG] [net.minecraftforge.fml.loading.moddiscovery.AbstractJarFileDependencyLocator/]: Failed to load resource META-INF/jarjar/metadata.json from mclanguage-1.20.1-47.3.7.jar, it does not contain dependency information.
[30Jul2026 00:21:16.600] [main/DEBUG] [net.minecraftforge.fml.loading.moddiscovery.AbstractJarFileDependencyLocator/]: Failed to load resource META-INF/jarjar/metadata.json from javafmllanguage-1.20.1-47.3.7.jar, it does not contain dependency information.
[30Jul2026 00:21:16.600] [main/DEBUG] [net.minecraftforge.fml.loading.moddiscovery.AbstractJarFileDependencyLocator/]: Failed to load resource META-INF/jarjar/metadata.json from fmlcore-1.20.1-47.3.7.jar, it does not contain dependency information.
[30Jul2026 00:21:16.601] [main/DEBUG] [net.minecraftforge.fml.loading.moddiscovery.AbstractJarFileDependencyLocator/]: Failed to load resource META-INF/jarjar/metadata.json from lowcodelanguage-1.20.1-47.3.7.jar, it does not contain dependency information.
[30Jul2026 00:21:16.663] [main/DEBUG] [net.minecraftforge.fml.loading.moddiscovery.ModFileParser/LOADING]: Considering mod file candidate 
[30Jul2026 00:21:16.664] [main/DEBUG] [net.minecraftforge.fml.loading.moddiscovery.ModFileInfo/LOADING]: Found valid mod file kffmod-4.12.0.jar with {kotlinforforge} mods - versions {4.12.0}
[30Jul2026 00:21:16.669] [main/DEBUG] [net.minecraftforge.fml.loading.moddiscovery.ModFileParser/LOADING]: Considering mod file candidate 
[30Jul2026 00:21:16.670] [main/DEBUG] [net.minecraftforge.fml.loading.moddiscovery.ModFileInfo/LOADING]: Found valid mod file simplebedrockmodel-2.2.2-forge+mc1.20.1.jar with {simplebedrockmodel} mods - versions {2.2.2-forge+mc1.20.1}
[30Jul2026 00:21:16.753] [main/DEBUG] [net.minecraftforge.fml.loading.moddiscovery.ModFileParser/LOADING]: Considering mod file candidate 
[30Jul2026 00:21:16.754] [main/DEBUG] [net.minecraftforge.fml.loading.moddiscovery.ModFileInfo/LOADING]: Found valid mod file mixinextras-forge-0.3.6.jar with {mixinextras} mods - versions {0.3.6}
[30Jul2026 00:21:16.769] [main/DEBUG] [net.minecraftforge.fml.loading.moddiscovery.ModFileParser/LOADING]: Considering mod file candidate 
[30Jul2026 00:21:16.769] [main/DEBUG] [net.minecraftforge.fml.loading.moddiscovery.ModFileInfo/LOADING]: Found valid mod file mixinextras-forge-0.4.1.jar with {mixinextras} mods - versions {0.4.1}
[30Jul2026 00:21:16.771] [main/DEBUG] [net.minecraftforge.fml.loading.moddiscovery.ModFileParser/LOADING]: Considering mod file candidate 
[30Jul2026 00:21:16.771] [main/DEBUG] [net.minecraftforge.fml.loading.moddiscovery.ModFileInfo/LOADING]: Found valid mod file fabric-api-base-0.4.32+ef105b4977.jar with {fabric_api_base} mods - versions {0.4.32+ef105b4977}
[30Jul2026 00:21:16.773] [main/DEBUG] [net.minecraftforge.fml.loading.moddiscovery.ModFileParser/LOADING]: Considering mod file candidate 
[30Jul2026 00:21:16.774] [main/DEBUG] [net.minecraftforge.fml.loading.moddiscovery.ModFileInfo/LOADING]: Found valid mod file fabric-api-lookup-api-v1-1.6.37+67f9824077.jar with {fabric_api_lookup_api_v1} mods - versions {1.6.37+67f9824077}
[30Jul2026 00:21:16.776] [main/DEBUG] [net.minecraftforge.fml.loading.moddiscovery.ModFileParser/LOADING]: Considering mod file candidate 
[30Jul2026 00:21:16.776] [main/DEBUG] [net.minecraftforge.fml.loading.moddiscovery.ModFileInfo/LOADING]: Found valid mod file fabric-biome-api-v1-13.0.14+dc36698e77.jar with {fabric_biome_api_v1} mods - versions {13.0.14+dc36698e77}
[30Jul2026 00:21:16.777] [main/DEBUG] [net.minecraftforge.fml.loading.moddiscovery.ModFileParser/LOADING]: Considering mod file candidate 
[30Jul2026 00:21:16.778] [main/DEBUG] [net.minecraftforge.fml.loading.moddiscovery.ModFileInfo/LOADING]: Found valid mod file fabric-block-api-v1-1.0.12+0e6cb7f777.jar with {fabric_block_api_v1} mods - versions {1.0.12+0e6cb7f777}
[30Jul2026 00:21:16.779] [main/DEBUG] [net.minecraftforge.fml.loading.moddiscovery.ModFileParser/LOADING]: Considering mod file candidate 
[30Jul2026 00:21:16.780] [main/DEBUG] [net.minecraftforge.fml.loading.moddiscovery.ModFileInfo/LOADING]: Found valid mod file fabric-block-view-api-v2-1.0.3+53347ba977.jar with {fabric_block_view_api_v2} mods - versions {1.0.3+53347ba977}
[30Jul2026 00:21:16.781] [main/DEBUG] [net.minecraftforge.fml.loading.moddiscovery.ModFileParser/LOADING]: Considering mod file candidate 
[30Jul2026 00:21:16.782] [main/DEBUG] [net.minecraftforge.fml.loading.moddiscovery.ModFileInfo/LOADING]: Found valid mod file fabric-blockrenderlayer-v1-1.1.42+1d0da21e77.jar with {fabric_blockrenderlayer_v1} mods - versions {1.1.42+1d0da21e77}
[30Jul2026 00:21:16.783] [main/DEBUG] [net.minecraftforge.fml.loading.moddiscovery.ModFileParser/LOADING]: Considering mod file candidate 
[30Jul2026 00:21:16.783] [main/DEBUG] [net.minecraftforge.fml.loading.moddiscovery.ModFileInfo/LOADING]: Found valid mod file fabric-client-tags-api-v1-1.1.3+5d6761b877.jar with {fabric_client_tags_api_v1} mods - versions {1.1.3+5d6761b877}
[30Jul2026 00:21:16.785] [main/DEBUG] [net.minecraftforge.fml.loading.moddiscovery.ModFileParser/LOADING]: Considering mod file candidate 
[30Jul2026 00:21:16.785] [main/DEBUG] [net.minecraftforge.fml.loading.moddiscovery.ModFileInfo/LOADING]: Found valid mod file fabric-command-api-v2-2.2.14+561530ec77.jar with {fabric_command_api_v2} mods - versions {2.2.14+561530ec77}
[30Jul2026 00:21:16.787] [main/DEBUG] [net.minecraftforge.fml.loading.moddiscovery.ModFileParser/LOADING]: Considering mod file candidate 
[30Jul2026 00:21:16.787] [main/DEBUG] [net.minecraftforge.fml.loading.moddiscovery.ModFileInfo/LOADING]: Found valid mod file fabric-content-registries-v0-4.0.13+a670df1e77.jar with {fabric_content_registries_v0} mods - versions {4.0.13+a670df1e77}
[30Jul2026 00:21:16.789] [main/DEBUG] [net.minecraftforge.fml.loading.moddiscovery.ModFileParser/LOADING]: Considering mod file candidate 
[30Jul2026 00:21:16.790] [main/DEBUG] [net.minecraftforge.fml.loading.moddiscovery.ModFileInfo/LOADING]: Found valid mod file fabric-convention-tags-v1-1.5.6+fa3d1c0177.jar with {fabric_convention_tags_v1} mods - versions {1.5.6+fa3d1c0177}
[30Jul2026 00:21:16.792] [main/DEBUG] [net.minecraftforge.fml.loading.moddiscovery.ModFileParser/LOADING]: Considering mod file candidate 
[30Jul2026 00:21:16.792] [main/DEBUG] [net.minecraftforge.fml.loading.moddiscovery.ModFileInfo/LOADING]: Found valid mod file fabric-data-attachment-api-v1-1.0.2+30ef839e77.jar with {fabric_data_attachment_api_v1} mods - versions {1.0.2+30ef839e77}
[30Jul2026 00:21:16.795] [main/DEBUG] [net.minecraftforge.fml.loading.moddiscovery.ModFileParser/LOADING]: Considering mod file candidate 
[30Jul2026 00:21:16.797] [main/DEBUG] [net.minecraftforge.fml.loading.moddiscovery.ModFileInfo/LOADING]: Found valid mod file fabric-data-generation-api-v1-12.3.7+369cb3a477.jar with {fabric_data_generation_api_v1} mods - versions {12.3.7+369cb3a477}
[30Jul2026 00:21:16.798] [main/DEBUG] [net.minecraftforge.fml.loading.moddiscovery.ModFileParser/LOADING]: Considering mod file candidate 
[30Jul2026 00:21:16.799] [main/DEBUG] [net.minecraftforge.fml.loading.moddiscovery.ModFileInfo/LOADING]: Found valid mod file fabric-dimensions-v1-2.1.55+8005d10d77.jar with {fabric_dimensions_v1} mods - versions {2.1.55+8005d10d77}
[30Jul2026 00:21:16.800] [main/DEBUG] [net.minecraftforge.fml.loading.moddiscovery.ModFileParser/LOADING]: Considering mod file candidate 
[30Jul2026 00:21:16.801] [main/DEBUG] [net.minecraftforge.fml.loading.moddiscovery.ModFileInfo/LOADING]: Found valid mod file fabric-entity-events-v1-1.6.1+4ca7515277.jar with {fabric_entity_events_v1} mods - versions {1.6.1+4ca7515277}
[30Jul2026 00:21:16.803] [main/DEBUG] [net.minecraftforge.fml.loading.moddiscovery.ModFileParser/LOADING]: Considering mod file candidate 
[30Jul2026 00:21:16.803] [main/DEBUG] [net.minecraftforge.fml.loading.moddiscovery.ModFileInfo/LOADING]: Found valid mod file fabric-events-interaction-v0-0.6.5+0f26153f77.jar with {fabric_events_interaction_v0} mods - versions {0.6.5+0f26153f77}
[30Jul2026 00:21:16.805] [main/DEBUG] [net.minecraftforge.fml.loading.moddiscovery.ModFileParser/LOADING]: Considering mod file candidate 
[30Jul2026 00:21:16.805] [main/DEBUG] [net.minecraftforge.fml.loading.moddiscovery.ModFileInfo/LOADING]: Found valid mod file fabric-game-rule-api-v1-1.0.41+683d4da877.jar with {fabric_game_rule_api_v1} mods - versions {1.0.41+683d4da877}
[30Jul2026 00:21:16.808] [main/DEBUG] [net.minecraftforge.fml.loading.moddiscovery.ModFileParser/LOADING]: Considering mod file candidate 
[30Jul2026 00:21:16.808] [main/DEBUG] [net.minecraftforge.fml.loading.moddiscovery.ModFileInfo/LOADING]: Found valid mod file fabric-item-api-v1-2.1.29+4d0bbcfa77.jar with {fabric_item_api_v1} mods - versions {2.1.29+4d0bbcfa77}
[30Jul2026 00:21:16.810] [main/DEBUG] [net.minecraftforge.fml.loading.moddiscovery.ModFileParser/LOADING]: Considering mod file candidate 
[30Jul2026 00:21:16.810] [main/DEBUG] [net.minecraftforge.fml.loading.moddiscovery.ModFileInfo/LOADING]: Found valid mod file fabric-item-group-api-v1-4.0.14+c9161c2d77.jar with {fabric_item_group_api_v1} mods - versions {4.0.14+c9161c2d77}
[30Jul2026 00:21:16.811] [main/DEBUG] [net.minecraftforge.fml.loading.moddiscovery.ModFileParser/LOADING]: Considering mod file candidate 
[30Jul2026 00:21:16.812] [main/DEBUG] [net.minecraftforge.fml.loading.moddiscovery.ModFileInfo/LOADING]: Found valid mod file fabric-key-binding-api-v1-1.0.38+561530ec77.jar with {fabric_key_binding_api_v1} mods - versions {1.0.38+561530ec77}
[30Jul2026 00:21:16.814] [main/DEBUG] [net.minecraftforge.fml.loading.moddiscovery.ModFileParser/LOADING]: Considering mod file candidate 
[30Jul2026 00:21:16.815] [main/DEBUG] [net.minecraftforge.fml.loading.moddiscovery.ModFileInfo/LOADING]: Found valid mod file fabric-lifecycle-events-v1-2.2.23+afab492177.jar with {fabric_lifecycle_events_v1} mods - versions {2.2.23+afab492177}
[30Jul2026 00:21:16.816] [main/DEBUG] [net.minecraftforge.fml.loading.moddiscovery.ModFileParser/LOADING]: Considering mod file candidate 
[30Jul2026 00:21:16.817] [main/DEBUG] [net.minecraftforge.fml.loading.moddiscovery.ModFileInfo/LOADING]: Found valid mod file fabric-loot-api-v2-1.2.3+eb28f93e77.jar with {fabric_loot_api_v2} mods - versions {1.2.3+eb28f93e77}
[30Jul2026 00:21:16.822] [main/DEBUG] [net.minecraftforge.fml.loading.moddiscovery.ModFileParser/LOADING]: Considering mod file candidate 
[30Jul2026 00:21:16.823] [main/DEBUG] [net.minecraftforge.fml.loading.moddiscovery.ModFileInfo/LOADING]: Found valid mod file fabric-message-api-v1-5.1.10+52cc178c77.jar with {fabric_message_api_v1} mods - versions {5.1.10+52cc178c77}
[30Jul2026 00:21:16.824] [main/DEBUG] [net.minecraftforge.fml.loading.moddiscovery.ModFileParser/LOADING]: Considering mod file candidate 
[30Jul2026 00:21:16.824] [main/DEBUG] [net.minecraftforge.fml.loading.moddiscovery.ModFileInfo/LOADING]: Found valid mod file fabric-mining-level-api-v1-2.1.52+561530ec77.jar with {fabric_mining_level_api_v1} mods - versions {2.1.52+561530ec77}
[30Jul2026 00:21:16.827] [main/DEBUG] [net.minecraftforge.fml.loading.moddiscovery.ModFileParser/LOADING]: Considering mod file candidate 
[30Jul2026 00:21:16.830] [main/DEBUG] [net.minecraftforge.fml.loading.moddiscovery.ModFileInfo/LOADING]: Found valid mod file fabric-model-loading-api-v1-1.0.4+6274ab9d77.jar with {fabric_model_loading_api_v1} mods - versions {1.0.4+6274ab9d77}
[30Jul2026 00:21:16.834] [main/DEBUG] [net.minecraftforge.fml.loading.moddiscovery.ModFileParser/LOADING]: Considering mod file candidate 
[30Jul2026 00:21:16.834] [main/DEBUG] [net.minecraftforge.fml.loading.moddiscovery.ModFileInfo/LOADING]: Found valid mod file fabric-networking-api-v1-1.3.14+fb7c822677.jar with {fabric_networking_api_v1} mods - versions {1.3.14+fb7c822677}
[30Jul2026 00:21:16.836] [main/DEBUG] [net.minecraftforge.fml.loading.moddiscovery.ModFileParser/LOADING]: Considering mod file candidate 
[30Jul2026 00:21:16.837] [main/DEBUG] [net.minecraftforge.fml.loading.moddiscovery.ModFileInfo/LOADING]: Found valid mod file fabric-object-builder-api-v1-11.1.5+f8c414ce77.jar with {fabric_object_builder_api_v1} mods - versions {11.1.5+f8c414ce77}
[30Jul2026 00:21:16.838] [main/DEBUG] [net.minecraftforge.fml.loading.moddiscovery.ModFileParser/LOADING]: Considering mod file candidate 
[30Jul2026 00:21:16.839] [main/DEBUG] [net.minecraftforge.fml.loading.moddiscovery.ModFileInfo/LOADING]: Found valid mod file fabric-particles-v1-1.1.3+78e1ecb877.jar with {fabric_particles_v1} mods - versions {1.1.3+78e1ecb877}
[30Jul2026 00:21:16.841] [main/DEBUG] [net.minecraftforge.fml.loading.moddiscovery.ModFileParser/LOADING]: Considering mod file candidate 
[30Jul2026 00:21:16.842] [main/DEBUG] [net.minecraftforge.fml.loading.moddiscovery.ModFileInfo/LOADING]: Found valid mod file fabric-recipe-api-v1-1.0.24+514a076577.jar with {fabric_recipe_api_v1} mods - versions {1.0.24+514a076577}
[30Jul2026 00:21:16.844] [main/DEBUG] [net.minecraftforge.fml.loading.moddiscovery.ModFileParser/LOADING]: Considering mod file candidate 
[30Jul2026 00:21:16.845] [main/DEBUG] [net.minecraftforge.fml.loading.moddiscovery.ModFileInfo/LOADING]: Found valid mod file fabric-registry-sync-v0-2.3.6+1c0ea72177.jar with {fabric_registry_sync_v0} mods - versions {2.3.6+1c0ea72177}
[30Jul2026 00:21:16.848] [main/DEBUG] [net.minecraftforge.fml.loading.moddiscovery.ModFileParser/LOADING]: Considering mod file candidate 
[30Jul2026 00:21:16.848] [main/DEBUG] [net.minecraftforge.fml.loading.moddiscovery.ModFileInfo/LOADING]: Found valid mod file fabric-renderer-api-v1-3.2.2+cf68abbe77.jar with {fabric_renderer_api_v1} mods - versions {3.2.2+cf68abbe77}
[30Jul2026 00:21:16.851] [main/DEBUG] [net.minecraftforge.fml.loading.moddiscovery.ModFileParser/LOADING]: Considering mod file candidate 
[30Jul2026 00:21:16.851] [main/DEBUG] [net.minecraftforge.fml.loading.moddiscovery.ModFileInfo/LOADING]: Found valid mod file fabric-renderer-indigo-1.5.3+b5b2da4177.jar with {fabric_renderer_indigo} mods - versions {1.5.3+b5b2da4177}
[30Jul2026 00:21:16.853] [main/DEBUG] [net.minecraftforge.fml.loading.moddiscovery.ModFileParser/LOADING]: Considering mod file candidate 
[30Jul2026 00:21:16.856] [main/DEBUG] [net.minecraftforge.fml.loading.moddiscovery.ModFileInfo/LOADING]: Found valid mod file fabric-rendering-fluids-v1-3.0.29+4ac5e37a77.jar with {fabric_rendering_fluids_v1} mods - versions {3.0.29+4ac5e37a77}
[30Jul2026 00:21:16.859] [main/DEBUG] [net.minecraftforge.fml.loading.moddiscovery.ModFileParser/LOADING]: Considering mod file candidate 
[30Jul2026 00:21:16.859] [main/DEBUG] [net.minecraftforge.fml.loading.moddiscovery.ModFileInfo/LOADING]: Found valid mod file fabric-rendering-v1-3.0.9+66e9a48f77.jar with {fabric_rendering_v1} mods - versions {3.0.9+66e9a48f77}
[30Jul2026 00:21:16.861] [main/DEBUG] [net.minecraftforge.fml.loading.moddiscovery.ModFileParser/LOADING]: Considering mod file candidate 
[30Jul2026 00:21:16.861] [main/DEBUG] [net.minecraftforge.fml.loading.moddiscovery.ModFileInfo/LOADING]: Found valid mod file fabric-resource-conditions-api-v1-2.3.9+996d00b277.jar with {fabric_resource_conditions_api_v1} mods - versions {2.3.9+996d00b277}
[30Jul2026 00:21:16.863] [main/DEBUG] [net.minecraftforge.fml.loading.moddiscovery.ModFileParser/LOADING]: Considering mod file candidate 
[30Jul2026 00:21:16.864] [main/DEBUG] [net.minecraftforge.fml.loading.moddiscovery.ModFileInfo/LOADING]: Found valid mod file fabric-resource-loader-v0-0.11.12+4b4151c077.jar with {fabric_resource_loader_v0} mods - versions {0.11.12+4b4151c077}
[30Jul2026 00:21:16.865] [main/DEBUG] [net.minecraftforge.fml.loading.moddiscovery.ModFileParser/LOADING]: Considering mod file candidate 
[30Jul2026 00:21:16.866] [main/DEBUG] [net.minecraftforge.fml.loading.moddiscovery.ModFileInfo/LOADING]: Found valid mod file fabric-screen-api-v1-2.0.9+45a670a577.jar with {fabric_screen_api_v1} mods - versions {2.0.9+45a670a577}
[30Jul2026 00:21:16.867] [main/DEBUG] [net.minecraftforge.fml.loading.moddiscovery.ModFileParser/LOADING]: Considering mod file candidate 
[30Jul2026 00:21:16.868] [main/DEBUG] [net.minecraftforge.fml.loading.moddiscovery.ModFileInfo/LOADING]: Found valid mod file fabric-screen-handler-api-v1-1.3.33+561530ec77.jar with {fabric_screen_handler_api_v1} mods - versions {1.3.33+561530ec77}
[30Jul2026 00:21:16.869] [main/DEBUG] [net.minecraftforge.fml.loading.moddiscovery.ModFileParser/LOADING]: Considering mod file candidate 
[30Jul2026 00:21:16.869] [main/DEBUG] [net.minecraftforge.fml.loading.moddiscovery.ModFileInfo/LOADING]: Found valid mod file fabric-sound-api-v1-1.0.14+4f23bd8477.jar with {fabric_sound_api_v1} mods - versions {1.0.14+4f23bd8477}
[30Jul2026 00:21:16.873] [main/DEBUG] [net.minecraftforge.fml.loading.moddiscovery.ModFileParser/LOADING]: Considering mod file candidate 
[30Jul2026 00:21:16.874] [main/DEBUG] [net.minecraftforge.fml.loading.moddiscovery.ModFileInfo/LOADING]: Found valid mod file fabric-transfer-api-v1-3.3.6+631c9cd677.jar with {fabric_transfer_api_v1} mods - versions {3.3.6+631c9cd677}
[30Jul2026 00:21:16.875] [main/DEBUG] [net.minecraftforge.fml.loading.moddiscovery.ModFileParser/LOADING]: Considering mod file candidate 
[30Jul2026 00:21:16.875] [main/DEBUG] [net.minecraftforge.fml.loading.moddiscovery.ModFileInfo/LOADING]: Found valid mod file fabric-transitive-access-wideners-v1-4.3.2+1880499877.jar with {fabric_transitive_access_wideners_v1} mods - versions {4.3.2+1880499877}
[30Jul2026 00:21:16.876] [main/DEBUG] [net.minecraftforge.fml.loading.moddiscovery.ModFileParser/LOADING]: Considering mod file candidate 
[30Jul2026 00:21:16.877] [main/DEBUG] [net.minecraftforge.fml.loading.moddiscovery.ModFileInfo/LOADING]: Found valid mod file fabric-command-api-v1-1.2.35+f71b366f77.jar with {fabric_command_api_v1} mods - versions {1.2.35+f71b366f77}
[30Jul2026 00:21:16.878] [main/DEBUG] [net.minecraftforge.fml.loading.moddiscovery.ModFileParser/LOADING]: Considering mod file candidate 
[30Jul2026 00:21:16.878] [main/DEBUG] [net.minecraftforge.fml.loading.moddiscovery.ModFileInfo/LOADING]: Found valid mod file fabric-models-v0-0.4.3+7c3892a477.jar with {fabric_models_v0} mods - versions {0.4.3+7c3892a477}
[30Jul2026 00:21:16.879] [main/DEBUG] [net.minecraftforge.fml.loading.moddiscovery.ModFileParser/LOADING]: Considering mod file candidate 
[30Jul2026 00:21:16.880] [main/DEBUG] [net.minecraftforge.fml.loading.moddiscovery.ModFileInfo/LOADING]: Found valid mod file fabric-rendering-data-attachment-v1-0.3.39+a6081afc77.jar with {fabric_rendering_data_attachment_v1} mods - versions {0.3.39+a6081afc77}
[30Jul2026 00:21:16.882] [main/DEBUG] [net.minecraftforge.fml.loading.moddiscovery.ModFileParser/LOADING]: Considering mod file candidate 
[30Jul2026 00:21:16.882] [main/DEBUG] [net.minecraftforge.fml.loading.moddiscovery.ModFileInfo/LOADING]: Found valid mod file mixinextras-forge-0.4.1.jar with {mixinextras} mods - versions {0.4.1}
[30Jul2026 00:21:16.884] [main/DEBUG] [net.minecraftforge.fml.loading.moddiscovery.ModFileParser/LOADING]: Considering mod file candidate 
[30Jul2026 00:21:16.884] [main/DEBUG] [net.minecraftforge.fml.loading.moddiscovery.ModFileInfo/LOADING]: Found valid mod file mixinextras-forge-0.3.2.jar with {mixinextras} mods - versions {0.3.2}
[30Jul2026 00:21:16.886] [main/DEBUG] [net.minecraftforge.fml.loading.moddiscovery.AbstractJarFileDependencyLocator/]: Failed to load resource META-INF/jarjar/metadata.json from kfflang-4.12.0.jar, it does not contain dependency information.
[30Jul2026 00:21:16.886] [main/DEBUG] [net.minecraftforge.fml.loading.moddiscovery.AbstractJarFileDependencyLocator/]: Failed to load resource META-INF/jarjar/metadata.json from kfflib-4.12.0.jar, it does not contain dependency information.
[30Jul2026 00:21:16.886] [main/DEBUG] [net.minecraftforge.fml.loading.moddiscovery.AbstractJarFileDependencyLocator/]: Failed to load resource META-INF/jarjar/metadata.json from kffmod-4.12.0.jar, it does not contain dependency information.
[30Jul2026 00:21:16.892] [main/DEBUG] [net.minecraftforge.fml.loading.moddiscovery.AbstractJarFileDependencyLocator/]: Failed to load resource META-INF/jarjar/metadata.json from commons-math3-3.6.1.jar, it does not contain dependency information.
[30Jul2026 00:21:16.892] [main/DEBUG] [net.minecraftforge.fml.loading.moddiscovery.AbstractJarFileDependencyLocator/]: Failed to load resource META-INF/jarjar/metadata.json from luaj-core-3.0.8-figura.jar, it does not contain dependency information.
[30Jul2026 00:21:16.892] [main/DEBUG] [net.minecraftforge.fml.loading.moddiscovery.AbstractJarFileDependencyLocator/]: Failed to load resource META-INF/jarjar/metadata.json from luaj-jse-3.0.8-figura.jar, it does not contain dependency information.
[30Jul2026 00:21:16.892] [main/DEBUG] [net.minecraftforge.fml.loading.moddiscovery.AbstractJarFileDependencyLocator/]: Failed to load resource META-INF/jarjar/metadata.json from bcel-6.6.1.jar, it does not contain dependency information.
[30Jul2026 00:21:16.896] [main/DEBUG] [net.minecraftforge.fml.loading.moddiscovery.AbstractJarFileDependencyLocator/]: Failed to load resource META-INF/jarjar/metadata.json from fabric-loader-2.6.0+0.15.0+1.20.1-full.jar, it does not contain dependency information.
[30Jul2026 00:21:16.901] [main/DEBUG] [net.minecraftforge.fml.loading.moddiscovery.AbstractJarFileDependencyLocator/]: Failed to load resource META-INF/jarjar/metadata.json from fabric-api-base-0.4.32+ef105b4977.jar, it does not contain dependency information.
[30Jul2026 00:21:16.901] [main/DEBUG] [net.minecraftforge.fml.loading.moddiscovery.AbstractJarFileDependencyLocator/]: Failed to load resource META-INF/jarjar/metadata.json from fabric-api-lookup-api-v1-1.6.37+67f9824077.jar, it does not contain dependency information.
[30Jul2026 00:21:16.902] [main/DEBUG] [net.minecraftforge.fml.loading.moddiscovery.AbstractJarFileDependencyLocator/]: Failed to load resource META-INF/jarjar/metadata.json from fabric-biome-api-v1-13.0.14+dc36698e77.jar, it does not contain dependency information.
[30Jul2026 00:21:16.902] [main/DEBUG] [net.minecraftforge.fml.loading.moddiscovery.AbstractJarFileDependencyLocator/]: Failed to load resource META-INF/jarjar/metadata.json from fabric-block-api-v1-1.0.12+0e6cb7f777.jar, it does not contain dependency information.
[30Jul2026 00:21:16.902] [main/DEBUG] [net.minecraftforge.fml.loading.moddiscovery.AbstractJarFileDependencyLocator/]: Failed to load resource META-INF/jarjar/metadata.json from fabric-block-view-api-v2-1.0.3+53347ba977.jar, it does not contain dependency information.
[30Jul2026 00:21:16.902] [main/DEBUG] [net.minecraftforge.fml.loading.moddiscovery.AbstractJarFileDependencyLocator/]: Failed to load resource META-INF/jarjar/metadata.json from fabric-blockrenderlayer-v1-1.1.42+1d0da21e77.jar, it does not contain dependency information.
[30Jul2026 00:21:16.902] [main/DEBUG] [net.minecraftforge.fml.loading.moddiscovery.AbstractJarFileDependencyLocator/]: Failed to load resource META-INF/jarjar/metadata.json from fabric-client-tags-api-v1-1.1.3+5d6761b877.jar, it does not contain dependency information.
[30Jul2026 00:21:16.902] [main/DEBUG] [net.minecraftforge.fml.loading.moddiscovery.AbstractJarFileDependencyLocator/]: Failed to load resource META-INF/jarjar/metadata.json from fabric-command-api-v2-2.2.14+561530ec77.jar, it does not contain dependency information.
[30Jul2026 00:21:16.902] [main/DEBUG] [net.minecraftforge.fml.loading.moddiscovery.AbstractJarFileDependencyLocator/]: Failed to load resource META-INF/jarjar/metadata.json from fabric-content-registries-v0-4.0.13+a670df1e77.jar, it does not contain dependency information.
[30Jul2026 00:21:16.903] [main/DEBUG] [net.minecraftforge.fml.loading.moddiscovery.AbstractJarFileDependencyLocator/]: Failed to load resource META-INF/jarjar/metadata.json from fabric-convention-tags-v1-1.5.6+fa3d1c0177.jar, it does not contain dependency information.
[30Jul2026 00:21:16.903] [main/DEBUG] [net.minecraftforge.fml.loading.moddiscovery.AbstractJarFileDependencyLocator/]: Failed to load resource META-INF/jarjar/metadata.json from fabric-data-attachment-api-v1-1.0.2+30ef839e77.jar, it does not contain dependency information.
[30Jul2026 00:21:16.903] [main/DEBUG] [net.minecraftforge.fml.loading.moddiscovery.AbstractJarFileDependencyLocator/]: Failed to load resource META-INF/jarjar/metadata.json from fabric-data-generation-api-v1-12.3.7+369cb3a477.jar, it does not contain dependency information.
[30Jul2026 00:21:16.903] [main/DEBUG] [net.minecraftforge.fml.loading.moddiscovery.AbstractJarFileDependencyLocator/]: Failed to load resource META-INF/jarjar/metadata.json from fabric-dimensions-v1-2.1.55+8005d10d77.jar, it does not contain dependency information.
[30Jul2026 00:21:16.903] [main/DEBUG] [net.minecraftforge.fml.loading.moddiscovery.AbstractJarFileDependencyLocator/]: Failed to load resource META-INF/jarjar/metadata.json from fabric-entity-events-v1-1.6.1+4ca7515277.jar, it does not contain dependency information.
[30Jul2026 00:21:16.903] [main/DEBUG] [net.minecraftforge.fml.loading.moddiscovery.AbstractJarFileDependencyLocator/]: Failed to load resource META-INF/jarjar/metadata.json from fabric-events-interaction-v0-0.6.5+0f26153f77.jar, it does not contain dependency information.
[30Jul2026 00:21:16.903] [main/DEBUG] [net.minecraftforge.fml.loading.moddiscovery.AbstractJarFileDependencyLocator/]: Failed to load resource META-INF/jarjar/metadata.json from fabric-game-rule-api-v1-1.0.41+683d4da877.jar, it does not contain dependency information.
[30Jul2026 00:21:16.904] [main/DEBUG] [net.minecraftforge.fml.loading.moddiscovery.AbstractJarFileDependencyLocator/]: Failed to load resource META-INF/jarjar/metadata.json from fabric-item-api-v1-2.1.29+4d0bbcfa77.jar, it does not contain dependency information.
[30Jul2026 00:21:16.904] [main/DEBUG] [net.minecraftforge.fml.loading.moddiscovery.AbstractJarFileDependencyLocator/]: Failed to load resource META-INF/jarjar/metadata.json from fabric-item-group-api-v1-4.0.14+c9161c2d77.jar, it does not contain dependency information.
[30Jul2026 00:21:16.904] [main/DEBUG] [net.minecraftforge.fml.loading.moddiscovery.AbstractJarFileDependencyLocator/]: Failed to load resource META-INF/jarjar/metadata.json from fabric-key-binding-api-v1-1.0.38+561530ec77.jar, it does not contain dependency information.
[30Jul2026 00:21:16.904] [main/DEBUG] [net.minecraftforge.fml.loading.moddiscovery.AbstractJarFileDependencyLocator/]: Failed to load resource META-INF/jarjar/metadata.json from fabric-lifecycle-events-v1-2.2.23+afab492177.jar, it does not contain dependency information.
[30Jul2026 00:21:16.904] [main/DEBUG] [net.minecraftforge.fml.loading.moddiscovery.AbstractJarFileDependencyLocator/]: Failed to load resource META-INF/jarjar/metadata.json from fabric-loot-api-v2-1.2.3+eb28f93e77.jar, it does not contain dependency information.
[30Jul2026 00:21:16.904] [main/DEBUG] [net.minecraftforge.fml.loading.moddiscovery.AbstractJarFileDependencyLocator/]: Failed to load resource META-INF/jarjar/metadata.json from fabric-message-api-v1-5.1.10+52cc178c77.jar, it does not contain dependency information.
[30Jul2026 00:21:16.904] [main/DEBUG] [net.minecraftforge.fml.loading.moddiscovery.AbstractJarFileDependencyLocator/]: Failed to load resource META-INF/jarjar/metadata.json from fabric-mining-level-api-v1-2.1.52+561530ec77.jar, it does not contain dependency information.
[30Jul2026 00:21:16.904] [main/DEBUG] [net.minecraftforge.fml.loading.moddiscovery.AbstractJarFileDependencyLocator/]: Failed to load resource META-INF/jarjar/metadata.json from fabric-model-loading-api-v1-1.0.4+6274ab9d77.jar, it does not contain dependency information.
[30Jul2026 00:21:16.904] [main/DEBUG] [net.minecraftforge.fml.loading.moddiscovery.AbstractJarFileDependencyLocator/]: Failed to load resource META-INF/jarjar/metadata.json from fabric-networking-api-v1-1.3.14+fb7c822677.jar, it does not contain dependency information.
[30Jul2026 00:21:16.904] [main/DEBUG] [net.minecraftforge.fml.loading.moddiscovery.AbstractJarFileDependencyLocator/]: Failed to load resource META-INF/jarjar/metadata.json from fabric-object-builder-api-v1-11.1.5+f8c414ce77.jar, it does not contain dependency information.
[30Jul2026 00:21:16.905] [main/DEBUG] [net.minecraftforge.fml.loading.moddiscovery.AbstractJarFileDependencyLocator/]: Failed to load resource META-INF/jarjar/metadata.json from fabric-particles-v1-1.1.3+78e1ecb877.jar, it does not contain dependency information.
[30Jul2026 00:21:16.905] [main/DEBUG] [net.minecraftforge.fml.loading.moddiscovery.AbstractJarFileDependencyLocator/]: Failed to load resource META-INF/jarjar/metadata.json from fabric-recipe-api-v1-1.0.24+514a076577.jar, it does not contain dependency information.
[30Jul2026 00:21:16.905] [main/DEBUG] [net.minecraftforge.fml.loading.moddiscovery.AbstractJarFileDependencyLocator/]: Failed to load resource META-INF/jarjar/metadata.json from fabric-registry-sync-v0-2.3.6+1c0ea72177.jar, it does not contain dependency information.
[30Jul2026 00:21:16.905] [main/DEBUG] [net.minecraftforge.fml.loading.moddiscovery.AbstractJarFileDependencyLocator/]: Failed to load resource META-INF/jarjar/metadata.json from fabric-renderer-api-v1-3.2.2+cf68abbe77.jar, it does not contain dependency information.
[30Jul2026 00:21:16.905] [main/DEBUG] [net.minecraftforge.fml.loading.moddiscovery.AbstractJarFileDependencyLocator/]: Failed to load resource META-INF/jarjar/metadata.json from fabric-renderer-indigo-1.5.3+b5b2da4177.jar, it does not contain dependency information.
[30Jul2026 00:21:16.905] [main/DEBUG] [net.minecraftforge.fml.loading.moddiscovery.AbstractJarFileDependencyLocator/]: Failed to load resource META-INF/jarjar/metadata.json from fabric-rendering-fluids-v1-3.0.29+4ac5e37a77.jar, it does not contain dependency information.
[30Jul2026 00:21:16.905] [main/DEBUG] [net.minecraftforge.fml.loading.moddiscovery.AbstractJarFileDependencyLocator/]: Failed to load resource META-INF/jarjar/metadata.json from fabric-rendering-v1-3.0.9+66e9a48f77.jar, it does not contain dependency information.
[30Jul2026 00:21:16.905] [main/DEBUG] [net.minecraftforge.fml.loading.moddiscovery.AbstractJarFileDependencyLocator/]: Failed to load resource META-INF/jarjar/metadata.json from fabric-resource-conditions-api-v1-2.3.9+996d00b277.jar, it does not contain dependency information.
[30Jul2026 00:21:16.905] [main/DEBUG] [net.minecraftforge.fml.loading.moddiscovery.AbstractJarFileDependencyLocator/]: Failed to load resource META-INF/jarjar/metadata.json from fabric-resource-loader-v0-0.11.12+4b4151c077.jar, it does not contain dependency information.
[30Jul2026 00:21:16.906] [main/DEBUG] [net.minecraftforge.fml.loading.moddiscovery.AbstractJarFileDependencyLocator/]: Failed to load resource META-INF/jarjar/metadata.json from fabric-screen-api-v1-2.0.9+45a670a577.jar, it does not contain dependency information.
[30Jul2026 00:21:16.906] [main/DEBUG] [net.minecraftforge.fml.loading.moddiscovery.AbstractJarFileDependencyLocator/]: Failed to load resource META-INF/jarjar/metadata.json from fabric-screen-handler-api-v1-1.3.33+561530ec77.jar, it does not contain dependency information.
[30Jul2026 00:21:16.906] [main/DEBUG] [net.minecraftforge.fml.loading.moddiscovery.AbstractJarFileDependencyLocator/]: Failed to load resource META-INF/jarjar/metadata.json from fabric-sound-api-v1-1.0.14+4f23bd8477.jar, it does not contain dependency information.
[30Jul2026 00:21:16.906] [main/DEBUG] [net.minecraftforge.fml.loading.moddiscovery.AbstractJarFileDependencyLocator/]: Failed to load resource META-INF/jarjar/metadata.json from fabric-transfer-api-v1-3.3.6+631c9cd677.jar, it does not contain dependency information.
[30Jul2026 00:21:16.906] [main/DEBUG] [net.minecraftforge.fml.loading.moddiscovery.AbstractJarFileDependencyLocator/]: Failed to load resource META-INF/jarjar/metadata.json from fabric-transitive-access-wideners-v1-4.3.2+1880499877.jar, it does not contain dependency information.
[30Jul2026 00:21:16.906] [main/DEBUG] [net.minecraftforge.fml.loading.moddiscovery.AbstractJarFileDependencyLocator/]: Failed to load resource META-INF/jarjar/metadata.json from fabric-command-api-v1-1.2.35+f71b366f77.jar, it does not contain dependency information.
[30Jul2026 00:21:16.906] [main/DEBUG] [net.minecraftforge.fml.loading.moddiscovery.AbstractJarFileDependencyLocator/]: Failed to load resource META-INF/jarjar/metadata.json from fabric-models-v0-0.4.3+7c3892a477.jar, it does not contain dependency information.
[30Jul2026 00:21:16.907] [main/DEBUG] [net.minecraftforge.fml.loading.moddiscovery.AbstractJarFileDependencyLocator/]: Failed to load resource META-INF/jarjar/metadata.json from fabric-rendering-data-attachment-v1-0.3.39+a6081afc77.jar, it does not contain dependency information.
[30Jul2026 00:21:16.918] [main/DEBUG] [net.minecraftforge.fml.loading.moddiscovery.AbstractJarFileDependencyLocator/]: Failed to load resource META-INF/jarjar/metadata.json from runtime-1.0.0+1.20.1.jar, it does not contain dependency information.
[30Jul2026 00:21:16.919] [main/DEBUG] [net.minecraftforge.fml.loading.moddiscovery.AbstractJarFileDependencyLocator/]: Failed to load resource META-INF/jarjar/metadata.json from Connector-1.0.0-beta.49+1.20.1-fabricloader.jar, it does not contain dependency information.
[30Jul2026 00:21:16.919] [main/DEBUG] [net.minecraftforge.fml.loading.moddiscovery.AbstractJarFileDependencyLocator/]: Failed to load resource META-INF/jarjar/metadata.json from mae-1.1.2.jar, it does not contain dependency information.
[30Jul2026 00:21:16.919] [main/DEBUG] [net.minecraftforge.fml.loading.moddiscovery.AbstractJarFileDependencyLocator/]: Failed to load resource META-INF/jarjar/metadata.json from MixinExtras-0.3.6.jar, it does not contain dependency information.
[30Jul2026 00:21:16.919] [main/DEBUG] [net.minecraftforge.fml.loading.moddiscovery.AbstractJarFileDependencyLocator/]: Failed to load resource META-INF/jarjar/metadata.json from MixinExtras-0.4.1.jar, it does not contain dependency information.
[30Jul2026 00:21:16.919] [main/DEBUG] [net.minecraftforge.fml.loading.moddiscovery.AbstractJarFileDependencyLocator/]: Failed to load resource META-INF/jarjar/metadata.json from MixinExtras-0.4.1.jar, it does not contain dependency information.
[30Jul2026 00:21:16.919] [main/DEBUG] [net.minecraftforge.fml.loading.moddiscovery.AbstractJarFileDependencyLocator/]: Failed to load resource META-INF/jarjar/metadata.json from MixinExtras-0.3.2.jar, it does not contain dependency information.
[30Jul2026 00:21:16.949] [main/DEBUG] [net.minecraftforge.fml.loading.moddiscovery.ModFileParser/LOADING]: Considering mod file candidate 
[30Jul2026 00:21:16.950] [main/DEBUG] [net.minecraftforge.fml.loading.moddiscovery.ModFileInfo/LOADING]: Found valid mod file fabric-rendering-v1-3.0.9+66e9a48f77.jar with {fabric_rendering_v1} mods - versions {3.0.9+66e9a48f77}
[30Jul2026 00:21:16.951] [main/DEBUG] [net.minecraftforge.fml.loading.moddiscovery.ModFileParser/LOADING]: Considering mod file candidate 
[30Jul2026 00:21:16.951] [main/DEBUG] [net.minecraftforge.fml.loading.moddiscovery.ModFileInfo/LOADING]: Found valid mod file fabric-transitive-access-wideners-v1-4.3.2+1880499877.jar with {fabric_transitive_access_wideners_v1} mods - versions {4.3.2+1880499877}
[30Jul2026 00:21:16.985] [main/DEBUG] [net.minecraftforge.fml.loading.moddiscovery.ModFileParser/LOADING]: Considering mod file candidate 
[30Jul2026 00:21:16.986] [main/DEBUG] [net.minecraftforge.fml.loading.moddiscovery.ModFileInfo/LOADING]: Found valid mod file fabric-renderer-indigo-1.5.3+b5b2da4177.jar with {fabric_renderer_indigo} mods - versions {1.5.3+b5b2da4177}
[30Jul2026 00:21:16.989] [main/DEBUG] [net.minecraftforge.fml.loading.moddiscovery.ModFileParser/LOADING]: Considering mod file candidate 
[30Jul2026 00:21:16.990] [main/DEBUG] [net.minecraftforge.fml.loading.moddiscovery.ModFileInfo/LOADING]: Found valid mod file simplebedrockmodel-2.2.2-forge+mc1.20.1.jar with {simplebedrockmodel} mods - versions {2.2.2-forge+mc1.20.1}
[30Jul2026 00:21:16.993] [main/DEBUG] [net.minecraftforge.fml.loading.moddiscovery.ModFileParser/LOADING]: Considering mod file candidate 
[30Jul2026 00:21:16.994] [main/DEBUG] [net.minecraftforge.fml.loading.moddiscovery.ModFileInfo/LOADING]: Found valid mod file fabric-transfer-api-v1-3.3.6+631c9cd677.jar with {fabric_transfer_api_v1} mods - versions {3.3.6+631c9cd677}
[30Jul2026 00:21:16.995] [main/DEBUG] [net.minecraftforge.fml.loading.moddiscovery.ModFileParser/LOADING]: Considering mod file candidate 
[30Jul2026 00:21:16.995] [main/DEBUG] [net.minecraftforge.fml.loading.moddiscovery.ModFileInfo/LOADING]: Found valid mod file fabric-item-group-api-v1-4.0.14+c9161c2d77.jar with {fabric_item_group_api_v1} mods - versions {4.0.14+c9161c2d77}
[30Jul2026 00:21:16.996] [main/DEBUG] [net.minecraftforge.fml.loading.moddiscovery.ModFileParser/LOADING]: Considering mod file candidate 
[30Jul2026 00:21:16.997] [main/DEBUG] [net.minecraftforge.fml.loading.moddiscovery.ModFileInfo/LOADING]: Found valid mod file kffmod-4.12.0.jar with {kotlinforforge} mods - versions {4.12.0}
[30Jul2026 00:21:16.997] [main/DEBUG] [net.minecraftforge.fml.loading.moddiscovery.ModFileParser/LOADING]: Considering mod file candidate 
[30Jul2026 00:21:16.998] [main/DEBUG] [net.minecraftforge.fml.loading.moddiscovery.ModFileInfo/LOADING]: Found valid mod file fabric-client-tags-api-v1-1.1.3+5d6761b877.jar with {fabric_client_tags_api_v1} mods - versions {1.1.3+5d6761b877}
[30Jul2026 00:21:16.999] [main/DEBUG] [net.minecraftforge.fml.loading.moddiscovery.ModFileParser/LOADING]: Considering mod file candidate 
[30Jul2026 00:21:17.000] [main/DEBUG] [net.minecraftforge.fml.loading.moddiscovery.ModFileInfo/LOADING]: Found valid mod file fabric-lifecycle-events-v1-2.2.23+afab492177.jar with {fabric_lifecycle_events_v1} mods - versions {2.2.23+afab492177}
[30Jul2026 00:21:17.001] [main/DEBUG] [net.minecraftforge.fml.loading.moddiscovery.ModFileParser/LOADING]: Considering mod file candidate 
[30Jul2026 00:21:17.001] [main/DEBUG] [net.minecraftforge.fml.loading.moddiscovery.ModFileInfo/LOADING]: Found valid mod file mixinextras-forge-0.4.1.jar with {mixinextras} mods - versions {0.4.1}
[30Jul2026 00:21:17.002] [main/DEBUG] [net.minecraftforge.fml.loading.moddiscovery.ModFileParser/LOADING]: Considering mod file candidate 
[30Jul2026 00:21:17.003] [main/DEBUG] [net.minecraftforge.fml.loading.moddiscovery.ModFileInfo/LOADING]: Found valid mod file fabric-data-attachment-api-v1-1.0.2+30ef839e77.jar with {fabric_data_attachment_api_v1} mods - versions {1.0.2+30ef839e77}
[30Jul2026 00:21:17.005] [main/DEBUG] [net.minecraftforge.fml.loading.moddiscovery.ModFileParser/LOADING]: Considering mod file candidate 
[30Jul2026 00:21:17.005] [main/DEBUG] [net.minecraftforge.fml.loading.moddiscovery.ModFileInfo/LOADING]: Found valid mod file fabric-data-generation-api-v1-12.3.7+369cb3a477.jar with {fabric_data_generation_api_v1} mods - versions {12.3.7+369cb3a477}
[30Jul2026 00:21:17.006] [main/DEBUG] [net.minecraftforge.fml.loading.moddiscovery.ModFileParser/LOADING]: Considering mod file candidate 
[30Jul2026 00:21:17.006] [main/DEBUG] [net.minecraftforge.fml.loading.moddiscovery.ModFileInfo/LOADING]: Found valid mod file fabric-command-api-v1-1.2.35+f71b366f77.jar with {fabric_command_api_v1} mods - versions {1.2.35+f71b366f77}
[30Jul2026 00:21:17.007] [main/DEBUG] [net.minecraftforge.fml.loading.moddiscovery.ModFileParser/LOADING]: Considering mod file candidate 
[30Jul2026 00:21:17.008] [main/DEBUG] [net.minecraftforge.fml.loading.moddiscovery.ModFileInfo/LOADING]: Found valid mod file fabric-block-api-v1-1.0.12+0e6cb7f777.jar with {fabric_block_api_v1} mods - versions {1.0.12+0e6cb7f777}
[30Jul2026 00:21:17.008] [main/DEBUG] [net.minecraftforge.fml.loading.moddiscovery.ModFileParser/LOADING]: Considering mod file candidate 
[30Jul2026 00:21:17.009] [main/DEBUG] [net.minecraftforge.fml.loading.moddiscovery.ModFileInfo/LOADING]: Found valid mod file fabric-dimensions-v1-2.1.55+8005d10d77.jar with {fabric_dimensions_v1} mods - versions {2.1.55+8005d10d77}
[30Jul2026 00:21:17.010] [main/DEBUG] [net.minecraftforge.fml.loading.moddiscovery.ModFileParser/LOADING]: Considering mod file candidate 
[30Jul2026 00:21:17.011] [main/DEBUG] [net.minecraftforge.fml.loading.moddiscovery.ModFileInfo/LOADING]: Found valid mod file fabric-object-builder-api-v1-11.1.5+f8c414ce77.jar with {fabric_object_builder_api_v1} mods - versions {11.1.5+f8c414ce77}
[30Jul2026 00:21:17.012] [main/DEBUG] [net.minecraftforge.fml.loading.moddiscovery.ModFileParser/LOADING]: Considering mod file candidate 
[30Jul2026 00:21:17.012] [main/DEBUG] [net.minecraftforge.fml.loading.moddiscovery.ModFileInfo/LOADING]: Found valid mod file fabric-sound-api-v1-1.0.14+4f23bd8477.jar with {fabric_sound_api_v1} mods - versions {1.0.14+4f23bd8477}
[30Jul2026 00:21:17.014] [main/DEBUG] [net.minecraftforge.fml.loading.moddiscovery.ModFileParser/LOADING]: Considering mod file candidate 
[30Jul2026 00:21:17.015] [main/DEBUG] [net.minecraftforge.fml.loading.moddiscovery.ModFileInfo/LOADING]: Found valid mod file fabric-networking-api-v1-1.3.14+fb7c822677.jar with {fabric_networking_api_v1} mods - versions {1.3.14+fb7c822677}
[30Jul2026 00:21:17.018] [main/DEBUG] [net.minecraftforge.fml.loading.moddiscovery.ModFileParser/LOADING]: Considering mod file candidate 
[30Jul2026 00:21:17.018] [main/DEBUG] [net.minecraftforge.fml.loading.moddiscovery.ModFileInfo/LOADING]: Found valid mod file fabric-blockrenderlayer-v1-1.1.42+1d0da21e77.jar with {fabric_blockrenderlayer_v1} mods - versions {1.1.42+1d0da21e77}
[30Jul2026 00:21:17.019] [main/DEBUG] [net.minecraftforge.fml.loading.moddiscovery.ModFileParser/LOADING]: Considering mod file candidate 
[30Jul2026 00:21:17.019] [main/DEBUG] [net.minecraftforge.fml.loading.moddiscovery.ModFileInfo/LOADING]: Found valid mod file fabric-command-api-v2-2.2.14+561530ec77.jar with {fabric_command_api_v2} mods - versions {2.2.14+561530ec77}
[30Jul2026 00:21:17.030] [main/DEBUG] [net.minecraftforge.fml.loading.moddiscovery.ModFileParser/LOADING]: Considering mod file candidate 
[30Jul2026 00:21:17.031] [main/DEBUG] [net.minecraftforge.fml.loading.moddiscovery.ModFileInfo/LOADING]: Found valid mod file fabric-model-loading-api-v1-1.0.4+6274ab9d77.jar with {fabric_model_loading_api_v1} mods - versions {1.0.4+6274ab9d77}
[30Jul2026 00:21:17.036] [main/DEBUG] [net.minecraftforge.fml.loading.moddiscovery.ModFileParser/LOADING]: Considering mod file candidate 
[30Jul2026 00:21:17.036] [main/DEBUG] [net.minecraftforge.fml.loading.moddiscovery.ModFileInfo/LOADING]: Found valid mod file fabric-resource-conditions-api-v1-2.3.9+996d00b277.jar with {fabric_resource_conditions_api_v1} mods - versions {2.3.9+996d00b277}
[30Jul2026 00:21:17.043] [main/DEBUG] [net.minecraftforge.fml.loading.moddiscovery.ModFileParser/LOADING]: Considering mod file candidate 
[30Jul2026 00:21:17.044] [main/DEBUG] [net.minecraftforge.fml.loading.moddiscovery.ModFileInfo/LOADING]: Found valid mod file fabric-key-binding-api-v1-1.0.38+561530ec77.jar with {fabric_key_binding_api_v1} mods - versions {1.0.38+561530ec77}
[30Jul2026 00:21:17.045] [main/DEBUG] [net.minecraftforge.fml.loading.moddiscovery.ModFileParser/LOADING]: Considering mod file candidate 
[30Jul2026 00:21:17.045] [main/DEBUG] [net.minecraftforge.fml.loading.moddiscovery.ModFileInfo/LOADING]: Found valid mod file fabric-biome-api-v1-13.0.14+dc36698e77.jar with {fabric_biome_api_v1} mods - versions {13.0.14+dc36698e77}
[30Jul2026 00:21:17.051] [main/DEBUG] [net.minecraftforge.fml.loading.moddiscovery.ModFileParser/LOADING]: Considering mod file candidate 
[30Jul2026 00:21:17.051] [main/DEBUG] [net.minecraftforge.fml.loading.moddiscovery.ModFileInfo/LOADING]: Found valid mod file fabric-mining-level-api-v1-2.1.52+561530ec77.jar with {fabric_mining_level_api_v1} mods - versions {2.1.52+561530ec77}
[30Jul2026 00:21:17.052] [main/DEBUG] [net.minecraftforge.fml.loading.moddiscovery.ModFileParser/LOADING]: Considering mod file candidate 
[30Jul2026 00:21:17.053] [main/DEBUG] [net.minecraftforge.fml.loading.moddiscovery.ModFileInfo/LOADING]: Found valid mod file fabric-message-api-v1-5.1.10+52cc178c77.jar with {fabric_message_api_v1} mods - versions {5.1.10+52cc178c77}
[30Jul2026 00:21:17.054] [main/DEBUG] [net.minecraftforge.fml.loading.moddiscovery.ModFileParser/LOADING]: Considering mod file candidate 
[30Jul2026 00:21:17.054] [main/DEBUG] [net.minecraftforge.fml.loading.moddiscovery.ModFileInfo/LOADING]: Found valid mod file fabric-loot-api-v2-1.2.3+eb28f93e77.jar with {fabric_loot_api_v2} mods - versions {1.2.3+eb28f93e77}
[30Jul2026 00:21:17.055] [main/DEBUG] [net.minecraftforge.fml.loading.moddiscovery.ModFileParser/LOADING]: Considering mod file candidate 
[30Jul2026 00:21:17.056] [main/DEBUG] [net.minecraftforge.fml.loading.moddiscovery.ModFileInfo/LOADING]: Found valid mod file fabric-api-lookup-api-v1-1.6.37+67f9824077.jar with {fabric_api_lookup_api_v1} mods - versions {1.6.37+67f9824077}
[30Jul2026 00:21:17.057] [main/DEBUG] [net.minecraftforge.fml.loading.moddiscovery.ModFileParser/LOADING]: Considering mod file candidate 
[30Jul2026 00:21:17.058] [main/DEBUG] [net.minecraftforge.fml.loading.moddiscovery.ModFileInfo/LOADING]: Found valid mod file fabric-resource-loader-v0-0.11.12+4b4151c077.jar with {fabric_resource_loader_v0} mods - versions {0.11.12+4b4151c077}
[30Jul2026 00:21:17.062] [main/DEBUG] [net.minecraftforge.fml.loading.moddiscovery.ModFileParser/LOADING]: Considering mod file candidate 
[30Jul2026 00:21:17.063] [main/DEBUG] [net.minecraftforge.fml.loading.moddiscovery.ModFileInfo/LOADING]: Found valid mod file fabric-renderer-api-v1-3.2.2+cf68abbe77.jar with {fabric_renderer_api_v1} mods - versions {3.2.2+cf68abbe77}
[30Jul2026 00:21:17.064] [main/DEBUG] [net.minecraftforge.fml.loading.moddiscovery.ModFileParser/LOADING]: Considering mod file candidate 
[30Jul2026 00:21:17.064] [main/DEBUG] [net.minecraftforge.fml.loading.moddiscovery.ModFileInfo/LOADING]: Found valid mod file fabric-recipe-api-v1-1.0.24+514a076577.jar with {fabric_recipe_api_v1} mods - versions {1.0.24+514a076577}
[30Jul2026 00:21:17.066] [main/DEBUG] [net.minecraftforge.fml.loading.moddiscovery.ModFileParser/LOADING]: Considering mod file candidate 
[30Jul2026 00:21:17.066] [main/DEBUG] [net.minecraftforge.fml.loading.moddiscovery.ModFileInfo/LOADING]: Found valid mod file fabric-registry-sync-v0-2.3.6+1c0ea72177.jar with {fabric_registry_sync_v0} mods - versions {2.3.6+1c0ea72177}
[30Jul2026 00:21:17.067] [main/DEBUG] [net.minecraftforge.fml.loading.moddiscovery.ModFileParser/LOADING]: Considering mod file candidate 
[30Jul2026 00:21:17.068] [main/DEBUG] [net.minecraftforge.fml.loading.moddiscovery.ModFileInfo/LOADING]: Found valid mod file fabric-models-v0-0.4.3+7c3892a477.jar with {fabric_models_v0} mods - versions {0.4.3+7c3892a477}
[30Jul2026 00:21:17.069] [main/DEBUG] [net.minecraftforge.fml.loading.moddiscovery.ModFileParser/LOADING]: Considering mod file candidate 
[30Jul2026 00:21:17.069] [main/DEBUG] [net.minecraftforge.fml.loading.moddiscovery.ModFileInfo/LOADING]: Found valid mod file fabric-entity-events-v1-1.6.1+4ca7515277.jar with {fabric_entity_events_v1} mods - versions {1.6.1+4ca7515277}
[30Jul2026 00:21:17.070] [main/DEBUG] [net.minecraftforge.fml.loading.moddiscovery.ModFileParser/LOADING]: Considering mod file candidate 
[30Jul2026 00:21:17.071] [main/DEBUG] [net.minecraftforge.fml.loading.moddiscovery.ModFileInfo/LOADING]: Found valid mod file fabric-convention-tags-v1-1.5.6+fa3d1c0177.jar with {fabric_convention_tags_v1} mods - versions {1.5.6+fa3d1c0177}
[30Jul2026 00:21:17.072] [main/DEBUG] [net.minecraftforge.fml.loading.moddiscovery.ModFileParser/LOADING]: Considering mod file candidate 
[30Jul2026 00:21:17.073] [main/DEBUG] [net.minecraftforge.fml.loading.moddiscovery.ModFileInfo/LOADING]: Found valid mod file fabric-content-registries-v0-4.0.13+a670df1e77.jar with {fabric_content_registries_v0} mods - versions {4.0.13+a670df1e77}
[30Jul2026 00:21:17.074] [main/DEBUG] [net.minecraftforge.fml.loading.moddiscovery.ModFileParser/LOADING]: Considering mod file candidate 
[30Jul2026 00:21:17.075] [main/DEBUG] [net.minecraftforge.fml.loading.moddiscovery.ModFileInfo/LOADING]: Found valid mod file fabric-screen-api-v1-2.0.9+45a670a577.jar with {fabric_screen_api_v1} mods - versions {2.0.9+45a670a577}
[30Jul2026 00:21:17.076] [main/DEBUG] [net.minecraftforge.fml.loading.moddiscovery.ModFileParser/LOADING]: Considering mod file candidate 
[30Jul2026 00:21:17.076] [main/DEBUG] [net.minecraftforge.fml.loading.moddiscovery.ModFileInfo/LOADING]: Found valid mod file fabric-screen-handler-api-v1-1.3.33+561530ec77.jar with {fabric_screen_handler_api_v1} mods - versions {1.3.33+561530ec77}
[30Jul2026 00:21:17.077] [main/DEBUG] [net.minecraftforge.fml.loading.moddiscovery.ModFileParser/LOADING]: Considering mod file candidate 
[30Jul2026 00:21:17.077] [main/DEBUG] [net.minecraftforge.fml.loading.moddiscovery.ModFileInfo/LOADING]: Found valid mod file fabric-rendering-data-attachment-v1-0.3.39+a6081afc77.jar with {fabric_rendering_data_attachment_v1} mods - versions {0.3.39+a6081afc77}
[30Jul2026 00:21:17.078] [main/DEBUG] [net.minecraftforge.fml.loading.moddiscovery.ModFileParser/LOADING]: Considering mod file candidate 
[30Jul2026 00:21:17.078] [main/DEBUG] [net.minecraftforge.fml.loading.moddiscovery.ModFileInfo/LOADING]: Found valid mod file fabric-block-view-api-v2-1.0.3+53347ba977.jar with {fabric_block_view_api_v2} mods - versions {1.0.3+53347ba977}
[30Jul2026 00:21:17.079] [main/DEBUG] [net.minecraftforge.fml.loading.moddiscovery.ModFileParser/LOADING]: Considering mod file candidate 
[30Jul2026 00:21:17.080] [main/DEBUG] [net.minecraftforge.fml.loading.moddiscovery.ModFileInfo/LOADING]: Found valid mod file fabric-item-api-v1-2.1.29+4d0bbcfa77.jar with {fabric_item_api_v1} mods - versions {2.1.29+4d0bbcfa77}
[30Jul2026 00:21:17.081] [main/DEBUG] [net.minecraftforge.fml.loading.moddiscovery.ModFileParser/LOADING]: Considering mod file candidate 
[30Jul2026 00:21:17.081] [main/DEBUG] [net.minecraftforge.fml.loading.moddiscovery.ModFileInfo/LOADING]: Found valid mod file fabric-game-rule-api-v1-1.0.41+683d4da877.jar with {fabric_game_rule_api_v1} mods - versions {1.0.41+683d4da877}
[30Jul2026 00:21:17.082] [main/DEBUG] [net.minecraftforge.fml.loading.moddiscovery.ModFileParser/LOADING]: Considering mod file candidate 
[30Jul2026 00:21:17.083] [main/DEBUG] [net.minecraftforge.fml.loading.moddiscovery.ModFileInfo/LOADING]: Found valid mod file fabric-events-interaction-v0-0.6.5+0f26153f77.jar with {fabric_events_interaction_v0} mods - versions {0.6.5+0f26153f77}
[30Jul2026 00:21:17.084] [main/DEBUG] [net.minecraftforge.fml.loading.moddiscovery.ModFileParser/LOADING]: Considering mod file candidate 
[30Jul2026 00:21:17.084] [main/DEBUG] [net.minecraftforge.fml.loading.moddiscovery.ModFileInfo/LOADING]: Found valid mod file fabric-api-base-0.4.32+ef105b4977.jar with {fabric_api_base} mods - versions {0.4.32+ef105b4977}
[30Jul2026 00:21:17.085] [main/DEBUG] [net.minecraftforge.fml.loading.moddiscovery.ModFileParser/LOADING]: Considering mod file candidate 
[30Jul2026 00:21:17.085] [main/DEBUG] [net.minecraftforge.fml.loading.moddiscovery.ModFileInfo/LOADING]: Found valid mod file fabric-particles-v1-1.1.3+78e1ecb877.jar with {fabric_particles_v1} mods - versions {1.1.3+78e1ecb877}
[30Jul2026 00:21:17.086] [main/DEBUG] [net.minecraftforge.fml.loading.moddiscovery.ModFileParser/LOADING]: Considering mod file candidate 
[30Jul2026 00:21:17.087] [main/DEBUG] [net.minecraftforge.fml.loading.moddiscovery.ModFileInfo/LOADING]: Found valid mod file fabric-rendering-fluids-v1-3.0.29+4ac5e37a77.jar with {fabric_rendering_fluids_v1} mods - versions {3.0.29+4ac5e37a77}
[30Jul2026 00:21:17.089] [main/INFO] [net.minecraftforge.fml.loading.moddiscovery.JarInJarDependencyLocator/]: Found 56 dependencies adding them to mods collection
[30Jul2026 00:21:17.665] [main/INFO] [org.sinytra.connector.locator.DependencyResolver/]: Dependency resolution found 4 candidates to load
[30Jul2026 00:21:17.751] [main/DEBUG] [org.sinytra.connector.locator.SplitPackageMerger/]: Found 0 split packages across 0 jars
[30Jul2026 00:21:18.320] [main/DEBUG] [org.sinytra.connector.locator.SplitPackageMerger/]: Excluding existing package org.luaj.vm2.lib from jar Axiom._for.MC1._20._1.mapped.srg._1._20._1
[30Jul2026 00:21:18.322] [main/DEBUG] [org.sinytra.connector.locator.SplitPackageMerger/]: Excluding existing package org.luaj.vm2.lib.jse from jar Axiom._for.MC1._20._1.mapped.srg._1._20._1
[30Jul2026 00:21:18.322] [main/DEBUG] [org.sinytra.connector.locator.SplitPackageMerger/]: Excluding existing package org.apache.bcel.util from jar Axiom._for.MC1._20._1.mapped.srg._1._20._1
[30Jul2026 00:21:18.322] [main/DEBUG] [org.sinytra.connector.locator.SplitPackageMerger/]: Excluding existing package org.apache.bcel.generic from jar Axiom._for.MC1._20._1.mapped.srg._1._20._1
[30Jul2026 00:21:18.322] [main/DEBUG] [org.sinytra.connector.locator.SplitPackageMerger/]: Excluding existing package org.slf4j from jar Axiom._for.MC1._20._1.mapped.srg._1._20._1
[30Jul2026 00:21:18.322] [main/DEBUG] [org.sinytra.connector.locator.SplitPackageMerger/]: Excluding existing package org.slf4j.helpers from jar Axiom._for.MC1._20._1.mapped.srg._1._20._1
[30Jul2026 00:21:18.323] [main/DEBUG] [org.sinytra.connector.locator.SplitPackageMerger/]: Excluding existing package org.apache.bcel from jar Axiom._for.MC1._20._1.mapped.srg._1._20._1
[30Jul2026 00:21:18.323] [main/DEBUG] [org.sinytra.connector.locator.SplitPackageMerger/]: Excluding existing package org.luaj.vm2.compiler from jar Axiom._for.MC1._20._1.mapped.srg._1._20._1
[30Jul2026 00:21:18.323] [main/DEBUG] [org.sinytra.connector.locator.SplitPackageMerger/]: Excluding existing package org.luaj.vm2.ast from jar Axiom._for.MC1._20._1.mapped.srg._1._20._1
[30Jul2026 00:21:18.323] [main/DEBUG] [org.sinytra.connector.locator.SplitPackageMerger/]: Excluding existing package org.apache.bcel.verifier from jar Axiom._for.MC1._20._1.mapped.srg._1._20._1
[30Jul2026 00:21:18.323] [main/DEBUG] [org.sinytra.connector.locator.SplitPackageMerger/]: Excluding existing package org.luaj.vm2.server from jar Axiom._for.MC1._20._1.mapped.srg._1._20._1
[30Jul2026 00:21:18.323] [main/DEBUG] [org.sinytra.connector.locator.SplitPackageMerger/]: Excluding existing package org.slf4j.spi from jar Axiom._for.MC1._20._1.mapped.srg._1._20._1
[30Jul2026 00:21:18.324] [main/DEBUG] [org.sinytra.connector.locator.SplitPackageMerger/]: Excluding existing package org.luaj.vm2.parser from jar Axiom._for.MC1._20._1.mapped.srg._1._20._1
[30Jul2026 00:21:18.324] [main/DEBUG] [org.sinytra.connector.locator.SplitPackageMerger/]: Excluding existing package org.luaj.vm2 from jar Axiom._for.MC1._20._1.mapped.srg._1._20._1
[30Jul2026 00:21:18.324] [main/DEBUG] [org.sinytra.connector.locator.SplitPackageMerger/]: Excluding existing package org.apache.bcel.verifier.statics from jar Axiom._for.MC1._20._1.mapped.srg._1._20._1
[30Jul2026 00:21:18.324] [main/DEBUG] [org.sinytra.connector.locator.SplitPackageMerger/]: Excluding existing package org.apache.bcel.classfile from jar Axiom._for.MC1._20._1.mapped.srg._1._20._1
[30Jul2026 00:21:18.325] [main/DEBUG] [org.sinytra.connector.locator.SplitPackageMerger/]: Excluding existing package org.luaj.vm2.script from jar Axiom._for.MC1._20._1.mapped.srg._1._20._1
[30Jul2026 00:21:18.325] [main/DEBUG] [org.sinytra.connector.locator.SplitPackageMerger/]: Excluding existing package org.luaj.vm2.parser.lua51 from jar Axiom._for.MC1._20._1.mapped.srg._1._20._1
[30Jul2026 00:21:18.325] [main/DEBUG] [org.sinytra.connector.locator.SplitPackageMerger/]: Excluding existing package org.luaj.vm2.parser.lua52 from jar Axiom._for.MC1._20._1.mapped.srg._1._20._1
[30Jul2026 00:21:18.325] [main/DEBUG] [org.sinytra.connector.locator.SplitPackageMerger/]: Excluding existing package org.apache.bcel.verifier.structurals from jar Axiom._for.MC1._20._1.mapped.srg._1._20._1
[30Jul2026 00:21:18.325] [main/DEBUG] [org.sinytra.connector.locator.SplitPackageMerger/]: Excluding existing package org.apache.bcel.verifier.exc from jar Axiom._for.MC1._20._1.mapped.srg._1._20._1
[30Jul2026 00:21:18.326] [main/DEBUG] [org.sinytra.connector.locator.SplitPackageMerger/]: Excluding existing package org.luaj.vm2.luajc from jar Axiom._for.MC1._20._1.mapped.srg._1._20._1
[30Jul2026 00:21:18.339] [main/DEBUG] [net.minecraftforge.fml.loading.moddiscovery.ModFileInfo/LOADING]: Found valid mod file Axiom-5.1.1-for-MC1.20.1_mapped_srg_1.20.1.jar with {axiom} mods - versions {5.1.1}
[30Jul2026 00:21:18.340] [main/DEBUG] [net.minecraftforge.fml.loading.moddiscovery.ModFileInfo/LOADING]: Found valid mod file Axiom-5.1.1-for-MC1.20.1$axiomclientapi_mapped_srg_1.20.1.jar with {com_moulberry_axiomclientapi} mods - versions {1.0.19}
[30Jul2026 00:21:18.341] [main/DEBUG] [net.minecraftforge.fml.loading.moddiscovery.ModFileInfo/LOADING]: Found valid mod file Axiom-5.1.1-for-MC1.20.1$mixinconstraints-1.0.9_mapped_srg_1.20.1.jar with {com_moulberry_mixinconstraints} mods - versions {1.0.9}
[30Jul2026 00:21:18.342] [main/DEBUG] [net.minecraftforge.fml.loading.moddiscovery.ModFileInfo/LOADING]: Found valid mod file Axiom-5.1.1-for-MC1.20.1$lattice-1.2.16_mapped_srg_1.20.1.jar with {lattice} mods - versions {1.2.16}
[30Jul2026 00:21:18.345] [main/DEBUG] [net.minecraftforge.fml.loading.moddiscovery.ModFileParser/LOADING]: Considering mod file candidate 
[30Jul2026 00:21:18.346] [main/DEBUG] [net.minecraftforge.fml.loading.moddiscovery.ModFileInfo/LOADING]: Found valid mod file fabric-transfer-api-v1-3.3.6+631c9cd677.jar with {fabric_transfer_api_v1} mods - versions {3.3.6+631c9cd677}
[30Jul2026 00:21:18.348] [main/DEBUG] [net.minecraftforge.fml.loading.moddiscovery.ModFile/LOADING]: Loading mod file  with languages [LanguageSpec[languageName=javafml, acceptedVersions=[47,)]]
[30Jul2026 00:21:18.348] [main/DEBUG] [net.minecraftforge.fml.loading.moddiscovery.ModFileParser/LOADING]: Considering mod file candidate 
[30Jul2026 00:21:18.349] [main/DEBUG] [net.minecraftforge.fml.loading.moddiscovery.ModFileInfo/LOADING]: Found valid mod file fabric-dimensions-v1-2.1.55+8005d10d77.jar with {fabric_dimensions_v1} mods - versions {2.1.55+8005d10d77}
[30Jul2026 00:21:18.349] [main/DEBUG] [net.minecraftforge.fml.loading.moddiscovery.ModFile/LOADING]: Loading mod file  with languages [LanguageSpec[languageName=javafml, acceptedVersions=[47,)]]
[30Jul2026 00:21:18.349] [main/DEBUG] [net.minecraftforge.fml.loading.moddiscovery.ModFileParser/LOADING]: Considering mod file candidate 
[30Jul2026 00:21:18.350] [main/DEBUG] [net.minecraftforge.fml.loading.moddiscovery.ModFileInfo/LOADING]: Found valid mod file fabric-renderer-api-v1-3.2.2+cf68abbe77.jar with {fabric_renderer_api_v1} mods - versions {3.2.2+cf68abbe77}
[30Jul2026 00:21:18.350] [main/DEBUG] [net.minecraftforge.fml.loading.moddiscovery.ModFile/LOADING]: Loading mod file  with languages [LanguageSpec[languageName=javafml, acceptedVersions=[47,)]]
[30Jul2026 00:21:18.350] [main/DEBUG] [net.minecraftforge.fml.loading.moddiscovery.ModFileParser/LOADING]: Considering mod file candidate 
[30Jul2026 00:21:18.350] [main/DEBUG] [net.minecraftforge.fml.loading.moddiscovery.ModFileInfo/LOADING]: Found valid mod file fabric-model-loading-api-v1-1.0.4+6274ab9d77.jar with {fabric_model_loading_api_v1} mods - versions {1.0.4+6274ab9d77}
[30Jul2026 00:21:18.350] [main/DEBUG] [net.minecraftforge.fml.loading.moddiscovery.ModFile/LOADING]: Loading mod file  with languages [LanguageSpec[languageName=javafml, acceptedVersions=[47,)]]
[30Jul2026 00:21:18.351] [main/DEBUG] [net.minecraftforge.fml.loading.moddiscovery.ModFileParser/LOADING]: Considering mod file candidate 
[30Jul2026 00:21:18.351] [main/DEBUG] [net.minecraftforge.fml.loading.moddiscovery.ModFileInfo/LOADING]: Found valid mod file fabric-item-api-v1-2.1.29+4d0bbcfa77.jar with {fabric_item_api_v1} mods - versions {2.1.29+4d0bbcfa77}
[30Jul2026 00:21:18.351] [main/DEBUG] [net.minecraftforge.fml.loading.moddiscovery.ModFile/LOADING]: Loading mod file  with languages [LanguageSpec[languageName=javafml, acceptedVersions=[47,)]]
[30Jul2026 00:21:18.353] [main/DEBUG] [net.minecraftforge.fml.loading.moddiscovery.ModFileParser/LOADING]: Found coremod implementFabricItem with Javascript path META-INF/asm/implementFabricItem.js
[30Jul2026 00:21:18.353] [main/DEBUG] [net.minecraftforge.fml.loading.moddiscovery.ModFile/LOADING]: Found coremod META-INF/asm/implementFabricItem.js
[30Jul2026 00:21:18.353] [main/DEBUG] [net.minecraftforge.fml.loading.moddiscovery.ModFileParser/LOADING]: Considering mod file candidate /workspaces/XDDDDDDD/servidor_minecraft/mods/jei-1.20.1-forge-15.21.0.148.jar
[30Jul2026 00:21:18.354] [main/DEBUG] [net.minecraftforge.fml.loading.moddiscovery.ModFileInfo/LOADING]: Found valid mod file jei-1.20.1-forge-15.21.0.148.jar with {jei} mods - versions {15.21.0.148}
[30Jul2026 00:21:18.354] [main/DEBUG] [net.minecraftforge.fml.loading.moddiscovery.ModFile/LOADING]: Loading mod file /workspaces/XDDDDDDD/servidor_minecraft/mods/jei-1.20.1-forge-15.21.0.148.jar with languages [LanguageSpec[languageName=javafml, acceptedVersions=[47,)]]
[30Jul2026 00:21:18.354] [main/DEBUG] [net.minecraftforge.fml.loading.moddiscovery.ModFileParser/LOADING]: Considering mod file candidate 
[30Jul2026 00:21:18.354] [main/DEBUG] [net.minecraftforge.fml.loading.moddiscovery.ModFileInfo/LOADING]: Found valid mod file fabric-rendering-fluids-v1-3.0.29+4ac5e37a77.jar with {fabric_rendering_fluids_v1} mods - versions {3.0.29+4ac5e37a77}
[30Jul2026 00:21:18.355] [main/DEBUG] [net.minecraftforge.fml.loading.moddiscovery.ModFile/LOADING]: Loading mod file  with languages [LanguageSpec[languageName=javafml, acceptedVersions=[47,)]]
[30Jul2026 00:21:18.355] [main/DEBUG] [net.minecraftforge.fml.loading.moddiscovery.ModFileParser/LOADING]: Considering mod file candidate 
[30Jul2026 00:21:18.355] [main/DEBUG] [net.minecraftforge.fml.loading.moddiscovery.ModFileInfo/LOADING]: Found valid mod file fabric-screen-handler-api-v1-1.3.33+561530ec77.jar with {fabric_screen_handler_api_v1} mods - versions {1.3.33+561530ec77}
[30Jul2026 00:21:18.355] [main/DEBUG] [net.minecraftforge.fml.loading.moddiscovery.ModFile/LOADING]: Loading mod file  with languages [LanguageSpec[languageName=javafml, acceptedVersions=[47,)]]
[30Jul2026 00:21:18.355] [main/DEBUG] [net.minecraftforge.fml.loading.moddiscovery.ModFileParser/LOADING]: Considering mod file candidate /workspaces/XDDDDDDD/servidor_minecraft/mods/tacz-1.20.1-1.1.8-hotfix.jar
[30Jul2026 00:21:18.356] [main/DEBUG] [net.minecraftforge.fml.loading.moddiscovery.ModFileInfo/LOADING]: Found valid mod file tacz-1.20.1-1.1.8-hotfix.jar with {tacz} mods - versions {1.1.8-hotfix}
[30Jul2026 00:21:18.356] [main/DEBUG] [net.minecraftforge.fml.loading.moddiscovery.ModFile/LOADING]: Loading mod file /workspaces/XDDDDDDD/servidor_minecraft/mods/tacz-1.20.1-1.1.8-hotfix.jar with languages [LanguageSpec[languageName=javafml, acceptedVersions=[46,)]]
[30Jul2026 00:21:18.356] [main/DEBUG] [net.minecraftforge.fml.loading.moddiscovery.ModFileParser/LOADING]: Considering mod file candidate 
[30Jul2026 00:21:18.356] [main/DEBUG] [net.minecraftforge.fml.loading.moddiscovery.ModFileInfo/LOADING]: Found valid mod file fabric-resource-loader-v0-0.11.12+4b4151c077.jar with {fabric_resource_loader_v0} mods - versions {0.11.12+4b4151c077}
[30Jul2026 00:21:18.357] [main/DEBUG] [net.minecraftforge.fml.loading.moddiscovery.ModFile/LOADING]: Loading mod file  with languages [LanguageSpec[languageName=javafml, acceptedVersions=[47,)]]
[30Jul2026 00:21:18.357] [main/DEBUG] [net.minecraftforge.fml.loading.moddiscovery.ModFileParser/LOADING]: Considering mod file candidate 
[30Jul2026 00:21:18.357] [main/DEBUG] [net.minecraftforge.fml.loading.moddiscovery.ModFileInfo/LOADING]: Found valid mod file fabric-models-v0-0.4.3+7c3892a477.jar with {fabric_models_v0} mods - versions {0.4.3+7c3892a477}
[30Jul2026 00:21:18.357] [main/DEBUG] [net.minecraftforge.fml.loading.moddiscovery.ModFile/LOADING]: Loading mod file  with languages [LanguageSpec[languageName=javafml, acceptedVersions=[47,)]]
[30Jul2026 00:21:18.357] [main/DEBUG] [net.minecraftforge.fml.loading.moddiscovery.ModFileParser/LOADING]: Considering mod file candidate 
[30Jul2026 00:21:18.358] [main/DEBUG] [net.minecraftforge.fml.loading.moddiscovery.ModFileInfo/LOADING]: Found valid mod file fabric-rendering-v1-3.0.9+66e9a48f77.jar with {fabric_rendering_v1} mods - versions {3.0.9+66e9a48f77}
[30Jul2026 00:21:18.358] [main/DEBUG] [net.minecraftforge.fml.loading.moddiscovery.ModFile/LOADING]: Loading mod file  with languages [LanguageSpec[languageName=javafml, acceptedVersions=[47,)]]
[30Jul2026 00:21:18.358] [main/DEBUG] [net.minecraftforge.fml.loading.moddiscovery.ModFileParser/LOADING]: Considering mod file candidate 
[30Jul2026 00:21:18.359] [main/DEBUG] [net.minecraftforge.fml.loading.moddiscovery.ModFileInfo/LOADING]: Found valid mod file fabric-renderer-indigo-1.5.3+b5b2da4177.jar with {fabric_renderer_indigo} mods - versions {1.5.3+b5b2da4177}
[30Jul2026 00:21:18.359] [main/DEBUG] [net.minecraftforge.fml.loading.moddiscovery.ModFile/LOADING]: Loading mod file  with languages [LanguageSpec[languageName=javafml, acceptedVersions=[47,)]]
[30Jul2026 00:21:18.359] [main/DEBUG] [net.minecraftforge.fml.loading.moddiscovery.ModFileParser/LOADING]: Considering mod file candidate 
[30Jul2026 00:21:18.359] [main/DEBUG] [net.minecraftforge.fml.loading.moddiscovery.ModFileInfo/LOADING]: Found valid mod file fabric-convention-tags-v1-1.5.6+fa3d1c0177.jar with {fabric_convention_tags_v1} mods - versions {1.5.6+fa3d1c0177}
[30Jul2026 00:21:18.359] [main/DEBUG] [net.minecraftforge.fml.loading.moddiscovery.ModFile/LOADING]: Loading mod file  with languages [LanguageSpec[languageName=javafml, acceptedVersions=[47,)]]
[30Jul2026 00:21:18.360] [main/DEBUG] [net.minecraftforge.fml.loading.moddiscovery.ModFileParser/LOADING]: Considering mod file candidate 
[30Jul2026 00:21:18.360] [main/DEBUG] [net.minecraftforge.fml.loading.moddiscovery.ModFileInfo/LOADING]: Found valid mod file fabric-command-api-v1-1.2.35+f71b366f77.jar with {fabric_command_api_v1} mods - versions {1.2.35+f71b366f77}
[30Jul2026 00:21:18.360] [main/DEBUG] [net.minecraftforge.fml.loading.moddiscovery.ModFile/LOADING]: Loading mod file  with languages [LanguageSpec[languageName=javafml, acceptedVersions=[47,)]]
[30Jul2026 00:21:18.360] [main/DEBUG] [net.minecraftforge.fml.loading.moddiscovery.ModFileParser/LOADING]: Considering mod file candidate 
[30Jul2026 00:21:18.361] [main/DEBUG] [net.minecraftforge.fml.loading.moddiscovery.ModFileInfo/LOADING]: Found valid mod file fabric-mining-level-api-v1-2.1.52+561530ec77.jar with {fabric_mining_level_api_v1} mods - versions {2.1.52+561530ec77}
[30Jul2026 00:21:18.361] [main/DEBUG] [net.minecraftforge.fml.loading.moddiscovery.ModFile/LOADING]: Loading mod file  with languages [LanguageSpec[languageName=javafml, acceptedVersions=[47,)]]
[30Jul2026 00:21:18.361] [main/DEBUG] [net.minecraftforge.fml.loading.moddiscovery.ModFileParser/LOADING]: Considering mod file candidate /workspaces/XDDDDDDD/servidor_minecraft/mods/modernfix-forge-5.27.40+mc1.20.1.jar
[30Jul2026 00:21:18.362] [main/DEBUG] [net.minecraftforge.fml.loading.moddiscovery.ModFileInfo/LOADING]: Found valid mod file modernfix-forge-5.27.40+mc1.20.1.jar with {modernfix} mods - versions {5.27.40+mc1.20.1}
[30Jul2026 00:21:18.362] [main/DEBUG] [net.minecraftforge.fml.loading.moddiscovery.ModFile/LOADING]: Loading mod file /workspaces/XDDDDDDD/servidor_minecraft/mods/modernfix-forge-5.27.40+mc1.20.1.jar with languages [LanguageSpec[languageName=javafml, acceptedVersions=[46,)]]
[30Jul2026 00:21:18.362] [main/DEBUG] [net.minecraftforge.fml.loading.moddiscovery.ModFileParser/LOADING]: Considering mod file candidate 
[30Jul2026 00:21:18.362] [main/DEBUG] [net.minecraftforge.fml.loading.moddiscovery.ModFileInfo/LOADING]: Found valid mod file fabric-command-api-v2-2.2.14+561530ec77.jar with {fabric_command_api_v2} mods - versions {2.2.14+561530ec77}
[30Jul2026 00:21:18.363] [main/DEBUG] [net.minecraftforge.fml.loading.moddiscovery.ModFile/LOADING]: Loading mod file  with languages [LanguageSpec[languageName=javafml, acceptedVersions=[47,)]]
[30Jul2026 00:21:18.363] [main/DEBUG] [net.minecraftforge.fml.loading.moddiscovery.ModFileParser/LOADING]: Considering mod file candidate 
[30Jul2026 00:21:18.363] [main/DEBUG] [net.minecraftforge.fml.loading.moddiscovery.ModFileInfo/LOADING]: Found valid mod file fabric-block-view-api-v2-1.0.3+53347ba977.jar with {fabric_block_view_api_v2} mods - versions {1.0.3+53347ba977}
[30Jul2026 00:21:18.363] [main/DEBUG] [net.minecraftforge.fml.loading.moddiscovery.ModFile/LOADING]: Loading mod file  with languages [LanguageSpec[languageName=javafml, acceptedVersions=[47,)]]
[30Jul2026 00:21:18.363] [main/DEBUG] [net.minecraftforge.fml.loading.moddiscovery.ModFileParser/LOADING]: Considering mod file candidate 
[30Jul2026 00:21:18.364] [main/DEBUG] [net.minecraftforge.fml.loading.moddiscovery.ModFileInfo/LOADING]: Found valid mod file fabric-data-attachment-api-v1-1.0.2+30ef839e77.jar with {fabric_data_attachment_api_v1} mods - versions {1.0.2+30ef839e77}
[30Jul2026 00:21:18.364] [main/DEBUG] [net.minecraftforge.fml.loading.moddiscovery.ModFile/LOADING]: Loading mod file  with languages [LanguageSpec[languageName=javafml, acceptedVersions=[47,)]]
[30Jul2026 00:21:18.364] [main/DEBUG] [net.minecraftforge.fml.loading.moddiscovery.ModFileParser/LOADING]: Considering mod file candidate /workspaces/XDDDDDDD/servidor_minecraft/mods/midnightlib-forge-1.9.2+1.20.1.jar
[30Jul2026 00:21:18.365] [main/DEBUG] [net.minecraftforge.fml.loading.moddiscovery.ModFileInfo/LOADING]: Found valid mod file midnightlib-forge-1.9.2+1.20.1.jar with {midnightlib} mods - versions {1.9.2}
[30Jul2026 00:21:18.365] [main/DEBUG] [net.minecraftforge.fml.loading.moddiscovery.ModFile/LOADING]: Loading mod file /workspaces/XDDDDDDD/servidor_minecraft/mods/midnightlib-forge-1.9.2+1.20.1.jar with languages [LanguageSpec[languageName=javafml, acceptedVersions=[43,)]]
[30Jul2026 00:21:18.365] [main/DEBUG] [net.minecraftforge.fml.loading.moddiscovery.ModFileParser/LOADING]: Considering mod file candidate /workspaces/XDDDDDDD/servidor_minecraft/mods/starlight-1.1.2+forge.1cda73c.jar
[30Jul2026 00:21:18.365] [main/DEBUG] [net.minecraftforge.fml.loading.moddiscovery.ModFileInfo/LOADING]: Found valid mod file starlight-1.1.2+forge.1cda73c.jar with {starlight} mods - versions {1.1.2+forge.1cda73c}
[30Jul2026 00:21:18.366] [main/DEBUG] [net.minecraftforge.fml.loading.moddiscovery.ModFile/LOADING]: Loading mod file /workspaces/XDDDDDDD/servidor_minecraft/mods/starlight-1.1.2+forge.1cda73c.jar with languages [LanguageSpec[languageName=javafml, acceptedVersions=[46,)]]
[30Jul2026 00:21:18.366] [main/DEBUG] [net.minecraftforge.fml.loading.moddiscovery.ModFileParser/LOADING]: Considering mod file candidate /workspaces/XDDDDDDD/servidor_minecraft/mods/Immersive Vehicles-1.20.1-24.0.0.jar
[30Jul2026 00:21:18.366] [main/DEBUG] [net.minecraftforge.fml.loading.moddiscovery.ModFileInfo/LOADING]: Found valid mod file Immersive Vehicles-1.20.1-24.0.0.jar with {mts} mods - versions {24.0.0}
[30Jul2026 00:21:18.366] [main/DEBUG] [net.minecraftforge.fml.loading.moddiscovery.ModFile/LOADING]: Loading mod file /workspaces/XDDDDDDD/servidor_minecraft/mods/Immersive Vehicles-1.20.1-24.0.0.jar with languages [LanguageSpec[languageName=javafml, acceptedVersions=[47,)]]
[30Jul2026 00:21:18.366] [main/DEBUG] [net.minecraftforge.fml.loading.moddiscovery.ModFileParser/LOADING]: Considering mod file candidate 
[30Jul2026 00:21:18.367] [main/DEBUG] [net.minecraftforge.fml.loading.moddiscovery.ModFileInfo/LOADING]: Found valid mod file fabric-screen-api-v1-2.0.9+45a670a577.jar with {fabric_screen_api_v1} mods - versions {2.0.9+45a670a577}
[30Jul2026 00:21:18.367] [main/DEBUG] [net.minecraftforge.fml.loading.moddiscovery.ModFile/LOADING]: Loading mod file  with languages [LanguageSpec[languageName=javafml, acceptedVersions=[47,)]]
[30Jul2026 00:21:18.367] [main/DEBUG] [net.minecraftforge.fml.loading.moddiscovery.ModFileParser/LOADING]: Considering mod file candidate /workspaces/XDDDDDDD/servidor_minecraft/mods/memoryleakfix-forge-1.17+-1.1.5.jar
[30Jul2026 00:21:18.368] [main/DEBUG] [net.minecraftforge.fml.loading.moddiscovery.ModFileInfo/LOADING]: Found valid mod file memoryleakfix-forge-1.17+-1.1.5.jar with {memoryleakfix} mods - versions {1.1.5}
[30Jul2026 00:21:18.368] [main/DEBUG] [net.minecraftforge.fml.loading.moddiscovery.ModFile/LOADING]: Loading mod file /workspaces/XDDDDDDD/servidor_minecraft/mods/memoryleakfix-forge-1.17+-1.1.5.jar with languages [LanguageSpec[languageName=javafml, acceptedVersions=*]]
[30Jul2026 00:21:18.368] [main/DEBUG] [net.minecraftforge.fml.loading.moddiscovery.ModFileParser/LOADING]: Considering mod file candidate 
[30Jul2026 00:21:18.368] [main/DEBUG] [net.minecraftforge.fml.loading.moddiscovery.ModFileInfo/LOADING]: Found valid mod file fabric-particles-v1-1.1.3+78e1ecb877.jar with {fabric_particles_v1} mods - versions {1.1.3+78e1ecb877}
[30Jul2026 00:21:18.368] [main/DEBUG] [net.minecraftforge.fml.loading.moddiscovery.ModFile/LOADING]: Loading mod file  with languages [LanguageSpec[languageName=javafml, acceptedVersions=[47,)]]
[30Jul2026 00:21:18.369] [main/DEBUG] [net.minecraftforge.fml.loading.moddiscovery.ModFileParser/LOADING]: Considering mod file candidate /workspaces/XDDDDDDD/servidor_minecraft/mods/cloth-config-11.1.136-forge.jar
[30Jul2026 00:21:18.369] [main/DEBUG] [net.minecraftforge.fml.loading.moddiscovery.ModFileInfo/LOADING]: Found valid mod file cloth-config-11.1.136-forge.jar with {cloth_config} mods - versions {11.1.136}
[30Jul2026 00:21:18.369] [main/DEBUG] [net.minecraftforge.fml.loading.moddiscovery.ModFile/LOADING]: Loading mod file /workspaces/XDDDDDDD/servidor_minecraft/mods/cloth-config-11.1.136-forge.jar with languages [LanguageSpec[languageName=javafml, acceptedVersions=[34,)]]
[30Jul2026 00:21:18.369] [main/DEBUG] [net.minecraftforge.fml.loading.moddiscovery.ModFileParser/LOADING]: Considering mod file candidate /workspaces/XDDDDDDD/servidor_minecraft/libraries/net/minecraftforge/forge/1.20.1-47.3.7/forge-1.20.1-47.3.7-universal.jar
[30Jul2026 00:21:18.370] [main/DEBUG] [net.minecraftforge.fml.loading.moddiscovery.ModFileInfo/LOADING]: Found valid mod file forge-1.20.1-47.3.7-universal.jar with {forge} mods - versions {47.3.7}
[30Jul2026 00:21:18.370] [main/DEBUG] [net.minecraftforge.fml.loading.moddiscovery.ModFile/LOADING]: Loading mod file /workspaces/XDDDDDDD/servidor_minecraft/libraries/net/minecraftforge/forge/1.20.1-47.3.7/forge-1.20.1-47.3.7-universal.jar with languages [LanguageSpec[languageName=javafml, acceptedVersions=[24,]]]
[30Jul2026 00:21:18.370] [main/DEBUG] [net.minecraftforge.fml.loading.moddiscovery.ModFileParser/LOADING]: Found coremod field_to_method with Javascript path coremods/field_to_method.js
[30Jul2026 00:21:18.370] [main/DEBUG] [net.minecraftforge.fml.loading.moddiscovery.ModFileParser/LOADING]: Found coremod field_to_instanceof with Javascript path coremods/field_to_instanceof.js
[30Jul2026 00:21:18.370] [main/DEBUG] [net.minecraftforge.fml.loading.moddiscovery.ModFileParser/LOADING]: Found coremod add_bouncer_method with Javascript path coremods/add_bouncer_method.js
[30Jul2026 00:21:18.371] [main/DEBUG] [net.minecraftforge.fml.loading.moddiscovery.ModFileParser/LOADING]: Found coremod method_redirector with Javascript path coremods/method_redirector.js
[30Jul2026 00:21:18.371] [main/DEBUG] [net.minecraftforge.fml.loading.moddiscovery.ModFile/LOADING]: Found coremod coremods/field_to_method.js
[30Jul2026 00:21:18.371] [main/DEBUG] [net.minecraftforge.fml.loading.moddiscovery.ModFile/LOADING]: Found coremod coremods/field_to_instanceof.js
[30Jul2026 00:21:18.371] [main/DEBUG] [net.minecraftforge.fml.loading.moddiscovery.ModFile/LOADING]: Found coremod coremods/add_bouncer_method.js
[30Jul2026 00:21:18.371] [main/DEBUG] [net.minecraftforge.fml.loading.moddiscovery.ModFile/LOADING]: Found coremod coremods/method_redirector.js
[30Jul2026 00:21:18.371] [main/DEBUG] [net.minecraftforge.fml.loading.moddiscovery.ModFileParser/LOADING]: Considering mod file candidate /workspaces/XDDDDDDD/servidor_minecraft/mods/fabric-api-0.92.6+1.11.14+1.20.1.jar
[30Jul2026 00:21:18.371] [main/DEBUG] [net.minecraftforge.fml.loading.moddiscovery.ModFileInfo/LOADING]: Found valid mod file fabric-api-0.92.6+1.11.14+1.20.1.jar with {fabric_api} mods - versions {0.92.6+1.11.14+1.20.1}
[30Jul2026 00:21:18.371] [main/DEBUG] [net.minecraftforge.fml.loading.moddiscovery.ModFile/LOADING]: Loading mod file /workspaces/XDDDDDDD/servidor_minecraft/mods/fabric-api-0.92.6+1.11.14+1.20.1.jar with languages [LanguageSpec[languageName=javafml, acceptedVersions=[47,)]]
[30Jul2026 00:21:18.371] [main/DEBUG] [net.minecraftforge.fml.loading.moddiscovery.ModFileParser/LOADING]: Considering mod file candidate 
[30Jul2026 00:21:18.372] [main/DEBUG] [net.minecraftforge.fml.loading.moddiscovery.ModFileInfo/LOADING]: Found valid mod file fabric-content-registries-v0-4.0.13+a670df1e77.jar with {fabric_content_registries_v0} mods - versions {4.0.13+a670df1e77}
[30Jul2026 00:21:18.372] [main/DEBUG] [net.minecraftforge.fml.loading.moddiscovery.ModFile/LOADING]: Loading mod file  with languages [LanguageSpec[languageName=javafml, acceptedVersions=[47,)]]
[30Jul2026 00:21:18.372] [main/DEBUG] [net.minecraftforge.fml.loading.moddiscovery.ModFileParser/LOADING]: Found coremod mutableWeatherableBlocks with Javascript path META-INF/asm/mutableOxidizableBlocks.js
[30Jul2026 00:21:18.372] [main/DEBUG] [net.minecraftforge.fml.loading.moddiscovery.ModFile/LOADING]: Found coremod META-INF/asm/mutableOxidizableBlocks.js
[30Jul2026 00:21:18.373] [main/DEBUG] [net.minecraftforge.fml.loading.moddiscovery.ModFileParser/LOADING]: Considering mod file candidate 
[30Jul2026 00:21:18.373] [main/DEBUG] [net.minecraftforge.fml.loading.moddiscovery.ModFileInfo/LOADING]: Found valid mod file fabric-transitive-access-wideners-v1-4.3.2+1880499877.jar with {fabric_transitive_access_wideners_v1} mods - versions {4.3.2+1880499877}
[30Jul2026 00:21:18.373] [main/DEBUG] [net.minecraftforge.fml.loading.moddiscovery.ModFile/LOADING]: Loading mod file  with languages [LanguageSpec[languageName=lowcodefml, acceptedVersions=[47,)]]
[30Jul2026 00:21:18.373] [main/DEBUG] [net.minecraftforge.fml.loading.moddiscovery.ModFileInfo/LOADING]: Found valid mod file server-1.20.1-20230612.114412-srg.jar with {minecraft} mods - versions {1.20.1}
[30Jul2026 00:21:18.373] [main/DEBUG] [net.minecraftforge.fml.loading.moddiscovery.ModFile/LOADING]: Loading mod file /workspaces/XDDDDDDD/servidor_minecraft/libraries/net/minecraft/server/1.20.1-20230612.114412/server-1.20.1-20230612.114412-srg.jar with languages [LanguageSpec[languageName=minecraft, acceptedVersions=1]]
[30Jul2026 00:21:18.374] [main/DEBUG] [net.minecraftforge.fml.loading.moddiscovery.ModFileParser/LOADING]: Considering mod file candidate /workspaces/XDDDDDDD/servidor_minecraft/mods/MTS Official Pack-1.20.1-V29.jar
[30Jul2026 00:21:18.374] [main/DEBUG] [net.minecraftforge.fml.loading.moddiscovery.ModFileInfo/LOADING]: Found valid mod file MTS Official Pack-1.20.1-V29.jar with {mtsofficialpack} mods - versions {29}
[30Jul2026 00:21:18.374] [main/DEBUG] [net.minecraftforge.fml.loading.moddiscovery.ModFile/LOADING]: Loading mod file /workspaces/XDDDDDDD/servidor_minecraft/mods/MTS Official Pack-1.20.1-V29.jar with languages [LanguageSpec[languageName=javafml, acceptedVersions=[36,)]]
[30Jul2026 00:21:18.374] [main/DEBUG] [net.minecraftforge.fml.loading.moddiscovery.ModFileParser/LOADING]: Considering mod file candidate 
[30Jul2026 00:21:18.375] [main/DEBUG] [net.minecraftforge.fml.loading.moddiscovery.ModFileInfo/LOADING]: Found valid mod file fabric-game-rule-api-v1-1.0.41+683d4da877.jar with {fabric_game_rule_api_v1} mods - versions {1.0.41+683d4da877}
[30Jul2026 00:21:18.375] [main/DEBUG] [net.minecraftforge.fml.loading.moddiscovery.ModFile/LOADING]: Loading mod file  with languages [LanguageSpec[languageName=javafml, acceptedVersions=[47,)]]
[30Jul2026 00:21:18.375] [main/DEBUG] [net.minecraftforge.fml.loading.moddiscovery.ModFileParser/LOADING]: Considering mod file candidate 
[30Jul2026 00:21:18.375] [main/DEBUG] [net.minecraftforge.fml.loading.moddiscovery.ModFileInfo/LOADING]: Found valid mod file fabric-api-base-0.4.32+ef105b4977.jar with {fabric_api_base} mods - versions {0.4.32+ef105b4977}
[30Jul2026 00:21:18.376] [main/DEBUG] [net.minecraftforge.fml.loading.moddiscovery.ModFile/LOADING]: Loading mod file  with languages [LanguageSpec[languageName=javafml, acceptedVersions=[47,)]]
[30Jul2026 00:21:18.376] [main/DEBUG] [net.minecraftforge.fml.loading.moddiscovery.ModFileParser/LOADING]: Considering mod file candidate 
[30Jul2026 00:21:18.376] [main/DEBUG] [net.minecraftforge.fml.loading.moddiscovery.ModFileInfo/LOADING]: Found valid mod file fabric-api-lookup-api-v1-1.6.37+67f9824077.jar with {fabric_api_lookup_api_v1} mods - versions {1.6.37+67f9824077}
[30Jul2026 00:21:18.376] [main/DEBUG] [net.minecraftforge.fml.loading.moddiscovery.ModFile/LOADING]: Loading mod file  with languages [LanguageSpec[languageName=javafml, acceptedVersions=[47,)]]
[30Jul2026 00:21:18.376] [main/DEBUG] [net.minecraftforge.fml.loading.moddiscovery.ModFileParser/LOADING]: Considering mod file candidate 
[30Jul2026 00:21:18.377] [main/DEBUG] [net.minecraftforge.fml.loading.moddiscovery.ModFileInfo/LOADING]: Found valid mod file fabric-blockrenderlayer-v1-1.1.42+1d0da21e77.jar with {fabric_blockrenderlayer_v1} mods - versions {1.1.42+1d0da21e77}
[30Jul2026 00:21:18.377] [main/DEBUG] [net.minecraftforge.fml.loading.moddiscovery.ModFile/LOADING]: Loading mod file  with languages [LanguageSpec[languageName=javafml, acceptedVersions=[47,)]]
[30Jul2026 00:21:18.377] [main/DEBUG] [net.minecraftforge.fml.loading.moddiscovery.ModFileParser/LOADING]: Considering mod file candidate /workspaces/XDDDDDDD/servidor_minecraft/mods/CreativeCore_FORGE_v2.12.39_mc1.20.1.jar
[30Jul2026 00:21:18.377] [main/DEBUG] [net.minecraftforge.fml.loading.moddiscovery.ModFileInfo/LOADING]: Found valid mod file CreativeCore_FORGE_v2.12.39_mc1.20.1.jar with {creativecore} mods - versions {2.12.39}
[30Jul2026 00:21:18.378] [main/DEBUG] [net.minecraftforge.fml.loading.moddiscovery.ModFile/LOADING]: Loading mod file /workspaces/XDDDDDDD/servidor_minecraft/mods/CreativeCore_FORGE_v2.12.39_mc1.20.1.jar with languages [LanguageSpec[languageName=javafml, acceptedVersions=[46,)]]
[30Jul2026 00:21:18.378] [main/DEBUG] [net.minecraftforge.fml.loading.moddiscovery.ModFileParser/LOADING]: Considering mod file candidate 
[30Jul2026 00:21:18.378] [main/DEBUG] [net.minecraftforge.fml.loading.moddiscovery.ModFileInfo/LOADING]: Found valid mod file fabric-block-api-v1-1.0.12+0e6cb7f777.jar with {fabric_block_api_v1} mods - versions {1.0.12+0e6cb7f777}
[30Jul2026 00:21:18.378] [main/DEBUG] [net.minecraftforge.fml.loading.moddiscovery.ModFile/LOADING]: Loading mod file  with languages [LanguageSpec[languageName=javafml, acceptedVersions=[47,)]]
[30Jul2026 00:21:18.379] [main/DEBUG] [net.minecraftforge.fml.loading.moddiscovery.ModFileParser/LOADING]: Found coremod implementFabricBlock with Javascript path META-INF/asm/implementFabricBlock.js
[30Jul2026 00:21:18.379] [main/DEBUG] [net.minecraftforge.fml.loading.moddiscovery.ModFileParser/LOADING]: Found coremod implementFabricBlockState with Javascript path META-INF/asm/implementFabricBlockState.js
[30Jul2026 00:21:18.379] [main/DEBUG] [net.minecraftforge.fml.loading.moddiscovery.ModFile/LOADING]: Found coremod META-INF/asm/implementFabricBlock.js
[30Jul2026 00:21:18.379] [main/DEBUG] [net.minecraftforge.fml.loading.moddiscovery.ModFile/LOADING]: Found coremod META-INF/asm/implementFabricBlockState.js
[30Jul2026 00:21:18.379] [main/DEBUG] [net.minecraftforge.fml.loading.moddiscovery.ModFileParser/LOADING]: Considering mod file candidate 
[30Jul2026 00:21:18.379] [main/DEBUG] [net.minecraftforge.fml.loading.moddiscovery.ModFileInfo/LOADING]: Found valid mod file fabric-resource-conditions-api-v1-2.3.9+996d00b277.jar with {fabric_resource_conditions_api_v1} mods - versions {2.3.9+996d00b277}
[30Jul2026 00:21:18.379] [main/DEBUG] [net.minecraftforge.fml.loading.moddiscovery.ModFile/LOADING]: Loading mod file  with languages [LanguageSpec[languageName=javafml, acceptedVersions=[47,)]]
[30Jul2026 00:21:18.380] [main/DEBUG] [net.minecraftforge.fml.loading.moddiscovery.ModFileParser/LOADING]: Found coremod injectDataProvider with Javascript path META-INF/asm/injectDataProvider.js
[30Jul2026 00:21:18.380] [main/DEBUG] [net.minecraftforge.fml.loading.moddiscovery.ModFile/LOADING]: Found coremod META-INF/asm/injectDataProvider.js
[30Jul2026 00:21:18.380] [main/DEBUG] [net.minecraftforge.fml.loading.moddiscovery.ModFileParser/LOADING]: Considering mod file candidate /workspaces/XDDDDDDD/servidor_minecraft/mods/Ksyxis-1.4.3.jar
[30Jul2026 00:21:18.380] [main/DEBUG] [net.minecraftforge.fml.loading.moddiscovery.ModFileInfo/LOADING]: Found valid mod file Ksyxis-1.4.3.jar with {ksyxis} mods - versions {1.4.3}
[30Jul2026 00:21:18.380] [main/DEBUG] [net.minecraftforge.fml.loading.moddiscovery.ModFile/LOADING]: Loading mod file /workspaces/XDDDDDDD/servidor_minecraft/mods/Ksyxis-1.4.3.jar with languages [LanguageSpec[languageName=javafml, acceptedVersions=*]]
[30Jul2026 00:21:18.380] [main/DEBUG] [net.minecraftforge.fml.loading.moddiscovery.ModFileParser/LOADING]: Considering mod file candidate /workspaces/XDDDDDDD/servidor_minecraft/mods/lrtactical-1.20.1-0.4.1.jar
[30Jul2026 00:21:18.381] [main/DEBUG] [net.minecraftforge.fml.loading.moddiscovery.ModFileInfo/LOADING]: Found valid mod file lrtactical-1.20.1-0.4.1.jar with {lrtactical} mods - versions {0.4.1}
[30Jul2026 00:21:18.381] [main/DEBUG] [net.minecraftforge.fml.loading.moddiscovery.ModFile/LOADING]: Loading mod file /workspaces/XDDDDDDD/servidor_minecraft/mods/lrtactical-1.20.1-0.4.1.jar with languages [LanguageSpec[languageName=javafml, acceptedVersions=[47,)]]
[30Jul2026 00:21:18.382] [main/DEBUG] [net.minecraftforge.fml.loading.moddiscovery.ModFileInfo/LOADING]: Found valid mod file Axiom-5.1.1-for-MC1.20.1$axiomclientapi_mapped_srg_1.20.1.jar with {com_moulberry_axiomclientapi} mods - versions {1.0.19}
[30Jul2026 00:21:18.382] [main/DEBUG] [net.minecraftforge.fml.loading.moddiscovery.ModFile/LOADING]: Loading mod file /workspaces/XDDDDDDD/servidor_minecraft/mods/.connector/Axiom-5.1.1-for-MC1.20.1$axiomclientapi_mapped_srg_1.20.1.jar with languages [LanguageSpec[languageName=javafml, acceptedVersions=[0,)]]
[30Jul2026 00:21:18.382] [main/DEBUG] [net.minecraftforge.fml.loading.moddiscovery.ModFileParser/LOADING]: Considering mod file candidate 
[30Jul2026 00:21:18.382] [main/DEBUG] [net.minecraftforge.fml.loading.moddiscovery.ModFileInfo/LOADING]: Found valid mod file kffmod-4.12.0.jar with {kotlinforforge} mods - versions {4.12.0}
[30Jul2026 00:21:18.382] [main/DEBUG] [net.minecraftforge.fml.loading.moddiscovery.ModFile/LOADING]: Loading mod file  with languages [LanguageSpec[languageName=kotlinforforge, acceptedVersions=[4,)]]
[30Jul2026 00:21:18.382] [main/DEBUG] [net.minecraftforge.fml.loading.moddiscovery.ModFileParser/LOADING]: Considering mod file candidate 
[30Jul2026 00:21:18.383] [main/DEBUG] [net.minecraftforge.fml.loading.moddiscovery.ModFileInfo/LOADING]: Found valid mod file simplebedrockmodel-2.2.2-forge+mc1.20.1.jar with {simplebedrockmodel} mods - versions {2.2.2-forge+mc1.20.1}
[30Jul2026 00:21:18.383] [main/DEBUG] [net.minecraftforge.fml.loading.moddiscovery.ModFile/LOADING]: Loading mod file  with languages [LanguageSpec[languageName=javafml, acceptedVersions=[47,)]]
[30Jul2026 00:21:18.383] [main/DEBUG] [net.minecraftforge.fml.loading.moddiscovery.ModFileParser/LOADING]: Considering mod file candidate 
[30Jul2026 00:21:18.383] [main/DEBUG] [net.minecraftforge.fml.loading.moddiscovery.ModFileInfo/LOADING]: Found valid mod file fabric-item-group-api-v1-4.0.14+c9161c2d77.jar with {fabric_item_group_api_v1} mods - versions {4.0.14+c9161c2d77}
[30Jul2026 00:21:18.384] [main/DEBUG] [net.minecraftforge.fml.loading.moddiscovery.ModFile/LOADING]: Loading mod file  with languages [LanguageSpec[languageName=javafml, acceptedVersions=[47,)]]
[30Jul2026 00:21:18.384] [main/DEBUG] [net.minecraftforge.fml.loading.moddiscovery.ModFileParser/LOADING]: Considering mod file candidate 
[30Jul2026 00:21:18.384] [main/DEBUG] [net.minecraftforge.fml.loading.moddiscovery.ModFileInfo/LOADING]: Found valid mod file fabric-biome-api-v1-13.0.14+dc36698e77.jar with {fabric_biome_api_v1} mods - versions {13.0.14+dc36698e77}
[30Jul2026 00:21:18.384] [main/DEBUG] [net.minecraftforge.fml.loading.moddiscovery.ModFile/LOADING]: Loading mod file  with languages [LanguageSpec[languageName=javafml, acceptedVersions=[47,)]]
[30Jul2026 00:21:18.384] [main/DEBUG] [net.minecraftforge.fml.loading.moddiscovery.ModFileParser/LOADING]: Considering mod file candidate 
[30Jul2026 00:21:18.385] [main/DEBUG] [net.minecraftforge.fml.loading.moddiscovery.ModFileInfo/LOADING]: Found valid mod file Connector-1.0.0-beta.49+1.20.1-mod.jar with {connectormod} mods - versions {1.0.0-beta.49+1.20.1}
[30Jul2026 00:21:18.385] [main/DEBUG] [net.minecraftforge.fml.loading.moddiscovery.ModFile/LOADING]: Loading mod file  with languages [LanguageSpec[languageName=javafml, acceptedVersions=[47,)]]
[30Jul2026 00:21:18.385] [main/DEBUG] [net.minecraftforge.fml.loading.moddiscovery.ModFileParser/LOADING]: Found coremod injectCreativeModeTabCtr with Javascript path META-INF/asm/injectCreativeModeTabCtr.js
[30Jul2026 00:21:18.385] [main/DEBUG] [net.minecraftforge.fml.loading.moddiscovery.ModFileParser/LOADING]: Found coremod injectFabricASM with Javascript path META-INF/asm/injectFabricASM.js
[30Jul2026 00:21:18.385] [main/DEBUG] [net.minecraftforge.fml.loading.moddiscovery.ModFileParser/LOADING]: Found coremod updateItemUseStartTreshold with Javascript path META-INF/asm/updateItemUseStartTreshold.js
[30Jul2026 00:21:18.385] [main/DEBUG] [net.minecraftforge.fml.loading.moddiscovery.ModFileParser/LOADING]: Found coremod expandLocalVarScope with Javascript path META-INF/asm/expandLocalVarScope.js
[30Jul2026 00:21:18.386] [main/DEBUG] [net.minecraftforge.fml.loading.moddiscovery.ModFileParser/LOADING]: Found coremod fixFieldSignatureChanges with Javascript path META-INF/asm/fixFieldSignatureChanges.js
[30Jul2026 00:21:18.386] [main/DEBUG] [net.minecraftforge.fml.loading.moddiscovery.ModFile/LOADING]: Found coremod META-INF/asm/injectCreativeModeTabCtr.js
[30Jul2026 00:21:18.386] [main/DEBUG] [net.minecraftforge.fml.loading.moddiscovery.ModFile/LOADING]: Found coremod META-INF/asm/injectFabricASM.js
[30Jul2026 00:21:18.386] [main/DEBUG] [net.minecraftforge.fml.loading.moddiscovery.ModFile/LOADING]: Found coremod META-INF/asm/updateItemUseStartTreshold.js
[30Jul2026 00:21:18.386] [main/DEBUG] [net.minecraftforge.fml.loading.moddiscovery.ModFile/LOADING]: Found coremod META-INF/asm/expandLocalVarScope.js
[30Jul2026 00:21:18.386] [main/DEBUG] [net.minecraftforge.fml.loading.moddiscovery.ModFile/LOADING]: Found coremod META-INF/asm/fixFieldSignatureChanges.js
[30Jul2026 00:21:18.386] [main/DEBUG] [net.minecraftforge.fml.loading.moddiscovery.ModFileParser/LOADING]: Considering mod file candidate 
[30Jul2026 00:21:18.386] [main/DEBUG] [net.minecraftforge.fml.loading.moddiscovery.ModFileInfo/LOADING]: Found valid mod file fabric-entity-events-v1-1.6.1+4ca7515277.jar with {fabric_entity_events_v1} mods - versions {1.6.1+4ca7515277}
[30Jul2026 00:21:18.386] [main/DEBUG] [net.minecraftforge.fml.loading.moddiscovery.ModFile/LOADING]: Loading mod file  with languages [LanguageSpec[languageName=javafml, acceptedVersions=[47,)]]
[30Jul2026 00:21:18.386] [main/DEBUG] [net.minecraftforge.fml.loading.moddiscovery.ModFileParser/LOADING]: Considering mod file candidate 
[30Jul2026 00:21:18.387] [main/DEBUG] [net.minecraftforge.fml.loading.moddiscovery.ModFileInfo/LOADING]: Found valid mod file fabric-registry-sync-v0-2.3.6+1c0ea72177.jar with {fabric_registry_sync_v0} mods - versions {2.3.6+1c0ea72177}
[30Jul2026 00:21:18.387] [main/DEBUG] [net.minecraftforge.fml.loading.moddiscovery.ModFile/LOADING]: Loading mod file  with languages [LanguageSpec[languageName=javafml, acceptedVersions=[47,)]]
[30Jul2026 00:21:18.387] [main/DEBUG] [net.minecraftforge.fml.loading.moddiscovery.ModFileParser/LOADING]: Considering mod file candidate 
[30Jul2026 00:21:18.388] [main/DEBUG] [net.minecraftforge.fml.loading.moddiscovery.ModFileInfo/LOADING]: Found valid mod file fabric-recipe-api-v1-1.0.24+514a076577.jar with {fabric_recipe_api_v1} mods - versions {1.0.24+514a076577}
[30Jul2026 00:21:18.388] [main/DEBUG] [net.minecraftforge.fml.loading.moddiscovery.ModFile/LOADING]: Loading mod file  with languages [LanguageSpec[languageName=javafml, acceptedVersions=[47,)]]
[30Jul2026 00:21:18.388] [main/DEBUG] [net.minecraftforge.fml.loading.moddiscovery.ModFileParser/LOADING]: Considering mod file candidate /workspaces/XDDDDDDD/servidor_minecraft/mods/architectury-9.2.14-forge.jar
[30Jul2026 00:21:18.388] [main/DEBUG] [net.minecraftforge.fml.loading.moddiscovery.ModFileInfo/LOADING]: Found valid mod file architectury-9.2.14-forge.jar with {architectury} mods - versions {9.2.14}
[30Jul2026 00:21:18.388] [main/DEBUG] [net.minecraftforge.fml.loading.moddiscovery.ModFile/LOADING]: Loading mod file /workspaces/XDDDDDDD/servidor_minecraft/mods/architectury-9.2.14-forge.jar with languages [LanguageSpec[languageName=javafml, acceptedVersions=[46,)]]
[30Jul2026 00:21:18.389] [main/DEBUG] [net.minecraftforge.fml.loading.moddiscovery.ModFileParser/LOADING]: Considering mod file candidate 
[30Jul2026 00:21:18.389] [main/DEBUG] [net.minecraftforge.fml.loading.moddiscovery.ModFileInfo/LOADING]: Found valid mod file fabric-object-builder-api-v1-11.1.5+f8c414ce77.jar with {fabric_object_builder_api_v1} mods - versions {11.1.5+f8c414ce77}
[30Jul2026 00:21:18.389] [main/DEBUG] [net.minecraftforge.fml.loading.moddiscovery.ModFile/LOADING]: Loading mod file  with languages [LanguageSpec[languageName=javafml, acceptedVersions=[47,)]]
[30Jul2026 00:21:18.389] [main/DEBUG] [net.minecraftforge.fml.loading.moddiscovery.ModFileParser/LOADING]: Considering mod file candidate 
[30Jul2026 00:21:18.390] [main/DEBUG] [net.minecraftforge.fml.loading.moddiscovery.ModFileInfo/LOADING]: Found valid mod file fabric-loot-api-v2-1.2.3+eb28f93e77.jar with {fabric_loot_api_v2} mods - versions {1.2.3+eb28f93e77}
[30Jul2026 00:21:18.390] [main/DEBUG] [net.minecraftforge.fml.loading.moddiscovery.ModFile/LOADING]: Loading mod file  with languages [LanguageSpec[languageName=javafml, acceptedVersions=[47,)]]
[30Jul2026 00:21:18.390] [main/DEBUG] [net.minecraftforge.fml.loading.moddiscovery.ModFileParser/LOADING]: Considering mod file candidate /workspaces/XDDDDDDD/servidor_minecraft/mods/ferritecore-6.0.1-forge.jar
[30Jul2026 00:21:18.390] [main/DEBUG] [net.minecraftforge.fml.loading.moddiscovery.ModFileInfo/LOADING]: Found valid mod file ferritecore-6.0.1-forge.jar with {ferritecore} mods - versions {6.0.1}
[30Jul2026 00:21:18.390] [main/DEBUG] [net.minecraftforge.fml.loading.moddiscovery.ModFile/LOADING]: Loading mod file /workspaces/XDDDDDDD/servidor_minecraft/mods/ferritecore-6.0.1-forge.jar with languages [LanguageSpec[languageName=javafml, acceptedVersions=[28,)]]
[30Jul2026 00:21:18.391] [main/DEBUG] [net.minecraftforge.fml.loading.moddiscovery.ModFileParser/LOADING]: Considering mod file candidate 
[30Jul2026 00:21:18.391] [main/DEBUG] [net.minecraftforge.fml.loading.moddiscovery.ModFileInfo/LOADING]: Found valid mod file fabric-rendering-data-attachment-v1-0.3.39+a6081afc77.jar with {fabric_rendering_data_attachment_v1} mods - versions {0.3.39+a6081afc77}
[30Jul2026 00:21:18.391] [main/DEBUG] [net.minecraftforge.fml.loading.moddiscovery.ModFile/LOADING]: Loading mod file  with languages [LanguageSpec[languageName=javafml, acceptedVersions=[47,)]]
[30Jul2026 00:21:18.391] [main/DEBUG] [net.minecraftforge.fml.loading.moddiscovery.ModFileParser/LOADING]: Considering mod file candidate 
[30Jul2026 00:21:18.392] [main/DEBUG] [net.minecraftforge.fml.loading.moddiscovery.ModFileInfo/LOADING]: Found valid mod file fabric-networking-api-v1-1.3.14+fb7c822677.jar with {fabric_networking_api_v1} mods - versions {1.3.14+fb7c822677}
[30Jul2026 00:21:18.392] [main/DEBUG] [net.minecraftforge.fml.loading.moddiscovery.ModFile/LOADING]: Loading mod file  with languages [LanguageSpec[languageName=javafml, acceptedVersions=[47,)]]
[30Jul2026 00:21:18.392] [main/DEBUG] [net.minecraftforge.fml.loading.moddiscovery.ModFileParser/LOADING]: Considering mod file candidate /workspaces/XDDDDDDD/servidor_minecraft/mods/UniLib-1.2.1+1.20.1-forge.jar
[30Jul2026 00:21:18.392] [main/DEBUG] [net.minecraftforge.fml.loading.moddiscovery.ModFileInfo/LOADING]: Found valid mod file UniLib-1.2.1+1.20.1-forge.jar with {unilib} mods - versions {1.2.1}
[30Jul2026 00:21:18.392] [main/DEBUG] [net.minecraftforge.fml.loading.moddiscovery.ModFile/LOADING]: Loading mod file /workspaces/XDDDDDDD/servidor_minecraft/mods/UniLib-1.2.1+1.20.1-forge.jar with languages [LanguageSpec[languageName=javafml, acceptedVersions=[46,)]]
[30Jul2026 00:21:18.392] [main/DEBUG] [net.minecraftforge.fml.loading.moddiscovery.ModFileParser/LOADING]: Considering mod file candidate 
[30Jul2026 00:21:18.393] [main/DEBUG] [net.minecraftforge.fml.loading.moddiscovery.ModFileInfo/LOADING]: Found valid mod file fabric-sound-api-v1-1.0.14+4f23bd8477.jar with {fabric_sound_api_v1} mods - versions {1.0.14+4f23bd8477}
[30Jul2026 00:21:18.393] [main/DEBUG] [net.minecraftforge.fml.loading.moddiscovery.ModFile/LOADING]: Loading mod file  with languages [LanguageSpec[languageName=javafml, acceptedVersions=[47,)]]
[30Jul2026 00:21:18.393] [main/DEBUG] [net.minecraftforge.fml.loading.moddiscovery.ModFileInfo/LOADING]: Found valid mod file Axiom-5.1.1-for-MC1.20.1$lattice-1.2.16_mapped_srg_1.20.1.jar with {lattice} mods - versions {1.2.16}
[30Jul2026 00:21:18.393] [main/DEBUG] [net.minecraftforge.fml.loading.moddiscovery.ModFile/LOADING]: Loading mod file /workspaces/XDDDDDDD/servidor_minecraft/mods/.connector/Axiom-5.1.1-for-MC1.20.1$lattice-1.2.16_mapped_srg_1.20.1.jar with languages [LanguageSpec[languageName=javafml, acceptedVersions=[0,)]]
[30Jul2026 00:21:18.393] [main/DEBUG] [net.minecraftforge.fml.loading.moddiscovery.ModFileParser/LOADING]: Considering mod file candidate 
[30Jul2026 00:21:18.394] [main/DEBUG] [net.minecraftforge.fml.loading.moddiscovery.ModFileInfo/LOADING]: Found valid mod file fabric-message-api-v1-5.1.10+52cc178c77.jar with {fabric_message_api_v1} mods - versions {5.1.10+52cc178c77}
[30Jul2026 00:21:18.394] [main/DEBUG] [net.minecraftforge.fml.loading.moddiscovery.ModFile/LOADING]: Loading mod file  with languages [LanguageSpec[languageName=javafml, acceptedVersions=[47,)]]
[30Jul2026 00:21:18.394] [main/DEBUG] [net.minecraftforge.fml.loading.moddiscovery.ModFileParser/LOADING]: Considering mod file candidate 
[30Jul2026 00:21:18.395] [main/DEBUG] [net.minecraftforge.fml.loading.moddiscovery.ModFileInfo/LOADING]: Found valid mod file fabric-lifecycle-events-v1-2.2.23+afab492177.jar with {fabric_lifecycle_events_v1} mods - versions {2.2.23+afab492177}
[30Jul2026 00:21:18.395] [main/DEBUG] [net.minecraftforge.fml.loading.moddiscovery.ModFile/LOADING]: Loading mod file  with languages [LanguageSpec[languageName=javafml, acceptedVersions=[47,)]]
[30Jul2026 00:21:18.395] [main/DEBUG] [net.minecraftforge.fml.loading.moddiscovery.ModFileParser/LOADING]: Considering mod file candidate 
[30Jul2026 00:21:18.395] [main/DEBUG] [net.minecraftforge.fml.loading.moddiscovery.ModFileInfo/LOADING]: Found valid mod file fabric-data-generation-api-v1-12.3.7+369cb3a477.jar with {fabric_data_generation_api_v1} mods - versions {12.3.7+369cb3a477}
[30Jul2026 00:21:18.395] [main/DEBUG] [net.minecraftforge.fml.loading.moddiscovery.ModFile/LOADING]: Loading mod file  with languages [LanguageSpec[languageName=javafml, acceptedVersions=[47,)]]
[30Jul2026 00:21:18.396] [main/DEBUG] [net.minecraftforge.fml.loading.moddiscovery.ModFileParser/LOADING]: Found coremod addFabricKeySortOrders with Javascript path META-INF/asm/addFabricKeySortOrders.js
[30Jul2026 00:21:18.396] [main/DEBUG] [net.minecraftforge.fml.loading.moddiscovery.ModFile/LOADING]: Found coremod META-INF/asm/addFabricKeySortOrders.js
[30Jul2026 00:21:18.396] [main/DEBUG] [net.minecraftforge.fml.loading.moddiscovery.ModFileParser/LOADING]: Considering mod file candidate 
[30Jul2026 00:21:18.396] [main/DEBUG] [net.minecraftforge.fml.loading.moddiscovery.ModFileInfo/LOADING]: Found valid mod file fabric-events-interaction-v0-0.6.5+0f26153f77.jar with {fabric_events_interaction_v0} mods - versions {0.6.5+0f26153f77}
[30Jul2026 00:21:18.396] [main/DEBUG] [net.minecraftforge.fml.loading.moddiscovery.ModFile/LOADING]: Loading mod file  with languages [LanguageSpec[languageName=javafml, acceptedVersions=[47,)]]
[30Jul2026 00:21:18.396] [main/DEBUG] [net.minecraftforge.fml.loading.moddiscovery.ModFileParser/LOADING]: Considering mod file candidate 
[30Jul2026 00:21:18.397] [main/DEBUG] [net.minecraftforge.fml.loading.moddiscovery.ModFileInfo/LOADING]: Found valid mod file fabric-key-binding-api-v1-1.0.38+561530ec77.jar with {fabric_key_binding_api_v1} mods - versions {1.0.38+561530ec77}
[30Jul2026 00:21:18.397] [main/DEBUG] [net.minecraftforge.fml.loading.moddiscovery.ModFile/LOADING]: Loading mod file  with languages [LanguageSpec[languageName=javafml, acceptedVersions=[47,)]]
[30Jul2026 00:21:18.397] [main/DEBUG] [net.minecraftforge.fml.loading.moddiscovery.ModFileInfo/LOADING]: Found valid mod file Axiom-5.1.1-for-MC1.20.1_mapped_srg_1.20.1.jar with {axiom} mods - versions {5.1.1}
[30Jul2026 00:21:18.397] [main/DEBUG] [net.minecraftforge.fml.loading.moddiscovery.ModFile/LOADING]: Loading mod file /workspaces/XDDDDDDD/servidor_minecraft/mods/.connector/Axiom-5.1.1-for-MC1.20.1_mapped_srg_1.20.1.jar with languages [LanguageSpec[languageName=javafml, acceptedVersions=[0,)]]
[30Jul2026 00:21:18.397] [main/DEBUG] [net.minecraftforge.fml.loading.moddiscovery.ModFileParser/LOADING]: Considering mod file candidate 
[30Jul2026 00:21:18.398] [main/DEBUG] [net.minecraftforge.fml.loading.moddiscovery.ModFileInfo/LOADING]: Found valid mod file fabric-client-tags-api-v1-1.1.3+5d6761b877.jar with {fabric_client_tags_api_v1} mods - versions {1.1.3+5d6761b877}
[30Jul2026 00:21:18.398] [main/DEBUG] [net.minecraftforge.fml.loading.moddiscovery.ModFile/LOADING]: Loading mod file  with languages [LanguageSpec[languageName=javafml, acceptedVersions=[47,)]]
[30Jul2026 00:21:18.398] [main/DEBUG] [net.minecraftforge.fml.loading.moddiscovery.ModFile/LOADING]: Loading mod file  with languages []
[30Jul2026 00:21:18.398] [main/DEBUG] [net.minecraftforge.fml.loading.moddiscovery.ModFileParser/LOADING]: Considering mod file candidate 
[30Jul2026 00:21:18.398] [main/DEBUG] [net.minecraftforge.fml.loading.moddiscovery.ModFileInfo/LOADING]: Found valid mod file mixinextras-forge-0.4.1.jar with {mixinextras} mods - versions {0.4.1}
[30Jul2026 00:21:18.399] [main/DEBUG] [net.minecraftforge.fml.loading.moddiscovery.ModFile/LOADING]: Loading mod file  with languages [LanguageSpec[languageName=javafml, acceptedVersions=*]]
[30Jul2026 00:21:18.399] [main/DEBUG] [net.minecraftforge.fml.loading.moddiscovery.ModFile/LOADING]: Loading mod file  with languages []
[30Jul2026 00:21:18.399] [main/DEBUG] [net.minecraftforge.fml.loading.moddiscovery.ModFile/LOADING]: Loading mod file  with languages []
[30Jul2026 00:21:18.399] [main/DEBUG] [net.minecraftforge.fml.loading.moddiscovery.ModFile/LOADING]: Loading mod file  with languages []
[30Jul2026 00:21:18.399] [main/DEBUG] [net.minecraftforge.fml.loading.moddiscovery.ModFile/LOADING]: Loading mod file  with languages []
[30Jul2026 00:21:18.399] [main/DEBUG] [net.minecraftforge.fml.loading.moddiscovery.ModFileInfo/LOADING]: Found valid mod file Axiom-5.1.1-for-MC1.20.1$mixinconstraints-1.0.9_mapped_srg_1.20.1.jar with {com_moulberry_mixinconstraints} mods - versions {1.0.9}
[30Jul2026 00:21:18.399] [main/DEBUG] [net.minecraftforge.fml.loading.moddiscovery.ModFile/LOADING]: Loading mod file /workspaces/XDDDDDDD/servidor_minecraft/mods/.connector/Axiom-5.1.1-for-MC1.20.1$mixinconstraints-1.0.9_mapped_srg_1.20.1.jar with languages [LanguageSpec[languageName=lowcodefml, acceptedVersions=[0,)]]
[30Jul2026 00:21:18.399] [main/DEBUG] [net.minecraftforge.fml.loading.moddiscovery.ModFile/LOADING]: Loading mod file  with languages []
[30Jul2026 00:21:18.399] [main/DEBUG] [net.minecraftforge.fml.loading.moddiscovery.ModFile/LOADING]: Loading mod file  with languages []
[30Jul2026 00:21:18.399] [main/DEBUG] [net.minecraftforge.fml.loading.moddiscovery.ModFile/LOADING]: Loading mod file  with languages []
[30Jul2026 00:21:18.400] [main/DEBUG] [net.minecraftforge.fml.loading.moddiscovery.ModFile/LOADING]: Loading mod file  with languages []
[30Jul2026 00:21:18.400] [main/DEBUG] [net.minecraftforge.fml.loading.moddiscovery.ModFileParser/LOADING]: Considering mod file candidate 
[30Jul2026 00:21:18.400] [main/DEBUG] [net.minecraftforge.fml.loading.moddiscovery.ModFileInfo/LOADING]: Found valid mod file mixinextras-forge-0.4.1.jar with {mixinextras} mods - versions {0.4.1}
[30Jul2026 00:21:18.400] [main/DEBUG] [net.minecraftforge.fml.loading.moddiscovery.ModFile/LOADING]: Loading mod file  with languages [LanguageSpec[languageName=javafml, acceptedVersions=*]]
[30Jul2026 00:21:18.400] [main/DEBUG] [net.minecraftforge.fml.loading.moddiscovery.ModFile/LOADING]: Loading mod file  with languages []
[30Jul2026 00:21:18.400] [main/DEBUG] [net.minecraftforge.fml.loading.moddiscovery.ModFile/LOADING]: Loading mod file  with languages []
[30Jul2026 00:21:18.400] [main/DEBUG] [net.minecraftforge.fml.loading.moddiscovery.ModFile/LOADING]: Loading mod file  with languages []
[30Jul2026 00:21:18.400] [main/DEBUG] [net.minecraftforge.fml.loading.moddiscovery.ModFile/LOADING]: Loading mod file  with languages []
[30Jul2026 00:21:18.401] [main/DEBUG] [net.minecraftforge.fml.loading.moddiscovery.ModFileInfo/LOADING]: Found valid mod file Axiom-5.1.1-for-MC1.20.1$mixinconstraints-1.0.9_mapped_srg_1.20.1.jar with {com_moulberry_mixinconstraints} mods - versions {1.0.9}
[30Jul2026 00:21:18.401] [main/DEBUG] [net.minecraftforge.fml.loading.moddiscovery.ModFile/LOADING]: Loading mod file /workspaces/XDDDDDDD/servidor_minecraft/mods/.connector/Axiom-5.1.1-for-MC1.20.1$mixinconstraints-1.0.9_mapped_srg_1.20.1.jar with languages [LanguageSpec[languageName=lowcodefml, acceptedVersions=[0,)]]
[30Jul2026 00:21:18.401] [main/DEBUG] [net.minecraftforge.fml.loading.moddiscovery.ModFile/LOADING]: Loading mod file  with languages []
[30Jul2026 00:21:18.401] [main/DEBUG] [net.minecraftforge.fml.loading.moddiscovery.ModFile/LOADING]: Loading mod file  with languages []
[30Jul2026 00:21:18.401] [main/DEBUG] [net.minecraftforge.fml.loading.moddiscovery.ModFile/LOADING]: Loading mod file  with languages []
[30Jul2026 00:21:18.402] [main/DEBUG] [cpw.mods.modlauncher.TransformationServiceDecorator/MODLAUNCHER]: End scan trigger - transformation service fml
[30Jul2026 00:21:18.402] [main/DEBUG] [cpw.mods.modlauncher.TransformationServiceDecorator/MODLAUNCHER]: Beginning scan trigger - transformation service mixin-transmogrifier
[30Jul2026 00:21:18.404] [main/DEBUG] [cpw.mods.modlauncher.TransformationServiceDecorator/MODLAUNCHER]: End scan trigger - transformation service mixin-transmogrifier
[30Jul2026 00:21:18.404] [main/DEBUG] [cpw.mods.modlauncher.TransformationServiceDecorator/MODLAUNCHER]: Beginning scan trigger - transformation service connector_loader
[30Jul2026 00:21:18.404] [main/DEBUG] [cpw.mods.modlauncher.TransformationServiceDecorator/MODLAUNCHER]: End scan trigger - transformation service connector_loader
[30Jul2026 00:21:18.419] [main/DEBUG] [net.minecraftforge.fml.loading.LanguageLoadingProvider/CORE]: Found 4 language providers
[30Jul2026 00:21:18.420] [main/DEBUG] [net.minecraftforge.fml.loading.LanguageLoadingProvider/CORE]: Found language provider minecraft, version 1.0
[30Jul2026 00:21:18.421] [main/DEBUG] [net.minecraftforge.fml.loading.LanguageLoadingProvider/CORE]: Found language provider kotlinforforge, version 4.12.0
[30Jul2026 00:21:18.421] [main/DEBUG] [net.minecraftforge.fml.loading.LanguageLoadingProvider/CORE]: Found language provider javafml, version 47
[30Jul2026 00:21:18.421] [main/DEBUG] [net.minecraftforge.fml.loading.LanguageLoadingProvider/CORE]: Found language provider lowcodefml, version 47
[30Jul2026 00:21:18.425] [main/DEBUG] [net.minecraftforge.fml.loading.UniqueModListBuilder/]: Found 2 mods for first modid luaj.core.figura, selecting most recent based on version data
[30Jul2026 00:21:18.425] [main/DEBUG] [net.minecraftforge.fml.loading.UniqueModListBuilder/]: Selected file luaj-core-3.0.8-figura.jar for modid luaj.core.figura with version 0.0NONE
[30Jul2026 00:21:18.425] [main/DEBUG] [net.minecraftforge.fml.loading.UniqueModListBuilder/]: Found 2 mods for first modid mixinextras, selecting most recent based on version data
[30Jul2026 00:21:18.425] [main/DEBUG] [net.minecraftforge.fml.loading.UniqueModListBuilder/]: Selected file mixinextras-forge-0.4.1.jar for modid mixinextras with version 0.4.1
[30Jul2026 00:21:18.426] [main/DEBUG] [net.minecraftforge.fml.loading.UniqueModListBuilder/]: Found 2 mods for first modid runtime._1._20._1, selecting most recent based on version data
[30Jul2026 00:21:18.426] [main/DEBUG] [net.minecraftforge.fml.loading.UniqueModListBuilder/]: Selected file runtime-1.0.0+1.20.1.jar for modid runtime._1._20._1 with version 1.0.0+1.20.1
[30Jul2026 00:21:18.426] [main/DEBUG] [net.minecraftforge.fml.loading.UniqueModListBuilder/]: Found 2 mods for first modid mae, selecting most recent based on version data
[30Jul2026 00:21:18.426] [main/DEBUG] [net.minecraftforge.fml.loading.UniqueModListBuilder/]: Selected file mae-1.1.2.jar for modid mae with version 0.0NONE
[30Jul2026 00:21:18.426] [main/DEBUG] [net.minecraftforge.fml.loading.UniqueModListBuilder/]: Found 2 mods for first modid luaj.jse.figura, selecting most recent based on version data
[30Jul2026 00:21:18.426] [main/DEBUG] [net.minecraftforge.fml.loading.UniqueModListBuilder/]: Selected file luaj-jse-3.0.8-figura.jar for modid luaj.jse.figura with version 0.0NONE
[30Jul2026 00:21:18.426] [main/DEBUG] [net.minecraftforge.fml.loading.UniqueModListBuilder/]: Found 2 mods for first modid org.apache.bcel, selecting most recent based on version data
[30Jul2026 00:21:18.426] [main/DEBUG] [net.minecraftforge.fml.loading.UniqueModListBuilder/]: Selected file bcel-6.6.1.jar for modid org.apache.bcel with version 6.6.1
[30Jul2026 00:21:18.426] [main/DEBUG] [net.minecraftforge.fml.loading.UniqueModListBuilder/]: Found 2 mods for first modid com_moulberry_mixinconstraints, selecting most recent based on version data
[30Jul2026 00:21:18.426] [main/DEBUG] [net.minecraftforge.fml.loading.UniqueModListBuilder/]: Selected file Axiom-5.1.1-for-MC1.20.1$mixinconstraints-1.0.9_mapped_srg_1.20.1.jar for modid com_moulberry_mixinconstraints with version 1.0.9
[30Jul2026 00:21:18.426] [main/DEBUG] [net.minecraftforge.fml.loading.UniqueModListBuilder/]: Found 2 mods for first modid thedarkcolour.kotlinforforge.kfflib, selecting most recent based on version data
[30Jul2026 00:21:18.426] [main/DEBUG] [net.minecraftforge.fml.loading.UniqueModListBuilder/]: Selected file kfflib-4.12.0.jar for modid thedarkcolour.kotlinforforge.kfflib with version 4.12.0
[30Jul2026 00:21:18.426] [main/DEBUG] [net.minecraftforge.fml.loading.UniqueModListBuilder/]: Found 2 mods for first modid MixinExtras, selecting most recent based on version data
[30Jul2026 00:21:18.426] [main/DEBUG] [net.minecraftforge.fml.loading.UniqueModListBuilder/]: Selected file MixinExtras-0.4.1.jar for modid MixinExtras with version 0.0NONE
[30Jul2026 00:21:18.426] [main/DEBUG] [net.minecraftforge.fml.loading.UniqueModListBuilder/]: Found 2 mods for first modid commons.math3, selecting most recent based on version data
[30Jul2026 00:21:18.426] [main/DEBUG] [net.minecraftforge.fml.loading.UniqueModListBuilder/]: Selected file commons-math3-3.6.1.jar for modid commons.math3 with version 3.6.1
[30Jul2026 00:21:18.428] [main/DEBUG] [net.minecraftforge.fml.loading.ModSorter/]: Configured system mods: [minecraft, forge]
[30Jul2026 00:21:18.428] [main/DEBUG] [net.minecraftforge.fml.loading.ModSorter/]: Found system mod: minecraft
[30Jul2026 00:21:18.428] [main/DEBUG] [net.minecraftforge.fml.loading.ModSorter/]: Found system mod: forge
[30Jul2026 00:21:18.430] [main/DEBUG] [net.minecraftforge.fml.loading.ModSorter/LOADING]: Found 158 mod requirements (158 mandatory, 0 optional)
[30Jul2026 00:21:18.432] [main/DEBUG] [net.minecraftforge.fml.loading.ModSorter/LOADING]: Found 0 mod requirements missing (0 mandatory, 0 optional)
[30Jul2026 00:21:18.933] [main/DEBUG] [org.sinytra.connector.service.hacks.ModuleLayerMigrator/]: Attempting to make module authlib transformable
[30Jul2026 00:21:18.934] [main/INFO] [org.sinytra.connector.service.hacks.ModuleLayerMigrator/]: Successfully made module authlib transformable
[30Jul2026 00:21:18.938] [main/DEBUG] [cpw.mods.modlauncher.TransformationServicesHandler/MODLAUNCHER]: Transformation services loading transformers
[30Jul2026 00:21:18.938] [main/DEBUG] [cpw.mods.modlauncher.TransformationServiceDecorator/MODLAUNCHER]: Initializing transformers for transformation service mixin
[30Jul2026 00:21:18.939] [main/DEBUG] [cpw.mods.modlauncher.TransformationServiceDecorator/MODLAUNCHER]: Initialized transformers for transformation service mixin
[30Jul2026 00:21:18.939] [main/DEBUG] [cpw.mods.modlauncher.TransformationServiceDecorator/MODLAUNCHER]: Initializing transformers for transformation service fml
[30Jul2026 00:21:18.939] [main/DEBUG] [net.minecraftforge.fml.loading.FMLServiceProvider/CORE]: Loading coremod transformers
[30Jul2026 00:21:18.939] [main/DEBUG] [net.minecraftforge.coremod.CoreModEngine/COREMOD]: Loading CoreMod from META-INF/asm/implementFabricItem.js
[30Jul2026 00:21:19.170] [main/DEBUG] [net.minecraftforge.coremod.CoreModEngine/COREMOD]: CoreMod loaded successfully
[30Jul2026 00:21:19.171] [main/DEBUG] [net.minecraftforge.coremod.CoreModEngine/COREMOD]: Loading CoreMod from coremods/field_to_method.js
[30Jul2026 00:21:19.194] [main/DEBUG] [net.minecraftforge.coremod.CoreModEngine/COREMOD]: CoreMod loaded successfully
[30Jul2026 00:21:19.194] [main/DEBUG] [net.minecraftforge.coremod.CoreModEngine/COREMOD]: Loading CoreMod from coremods/field_to_instanceof.js
[30Jul2026 00:21:19.228] [main/DEBUG] [net.minecraftforge.coremod.CoreModEngine/COREMOD]: CoreMod loaded successfully
[30Jul2026 00:21:19.228] [main/DEBUG] [net.minecraftforge.coremod.CoreModEngine/COREMOD]: Loading CoreMod from coremods/add_bouncer_method.js
[30Jul2026 00:21:19.260] [main/DEBUG] [net.minecraftforge.coremod.CoreModEngine/COREMOD]: CoreMod loaded successfully
[30Jul2026 00:21:19.261] [main/DEBUG] [net.minecraftforge.coremod.CoreModEngine/COREMOD]: Loading CoreMod from coremods/method_redirector.js
[30Jul2026 00:21:19.325] [main/DEBUG] [net.minecraftforge.coremod.CoreModEngine/COREMOD]: CoreMod loaded successfully
[30Jul2026 00:21:19.326] [main/DEBUG] [net.minecraftforge.coremod.CoreModEngine/COREMOD]: Loading CoreMod from META-INF/asm/mutableOxidizableBlocks.js
[30Jul2026 00:21:19.356] [main/DEBUG] [net.minecraftforge.coremod.CoreModEngine/COREMOD]: CoreMod loaded successfully
[30Jul2026 00:21:19.357] [main/DEBUG] [net.minecraftforge.coremod.CoreModEngine/COREMOD]: Loading CoreMod from META-INF/asm/implementFabricBlock.js
[30Jul2026 00:21:19.373] [main/DEBUG] [net.minecraftforge.coremod.CoreModEngine/COREMOD]: CoreMod loaded successfully
[30Jul2026 00:21:19.374] [main/DEBUG] [net.minecraftforge.coremod.CoreModEngine/COREMOD]: Loading CoreMod from META-INF/asm/implementFabricBlockState.js
[30Jul2026 00:21:19.388] [main/DEBUG] [net.minecraftforge.coremod.CoreModEngine/COREMOD]: CoreMod loaded successfully
[30Jul2026 00:21:19.388] [main/DEBUG] [net.minecraftforge.coremod.CoreModEngine/COREMOD]: Loading CoreMod from META-INF/asm/injectDataProvider.js
[30Jul2026 00:21:19.403] [main/DEBUG] [net.minecraftforge.coremod.CoreModEngine/COREMOD]: CoreMod loaded successfully
[30Jul2026 00:21:19.403] [main/DEBUG] [net.minecraftforge.coremod.CoreModEngine/COREMOD]: Loading CoreMod from META-INF/asm/injectCreativeModeTabCtr.js
[30Jul2026 00:21:19.414] [main/DEBUG] [net.minecraftforge.coremod.CoreModEngine/COREMOD]: CoreMod loaded successfully
[30Jul2026 00:21:19.414] [main/DEBUG] [net.minecraftforge.coremod.CoreModEngine/COREMOD]: Loading CoreMod from META-INF/asm/injectFabricASM.js
[30Jul2026 00:21:19.440] [main/DEBUG] [net.minecraftforge.coremod.CoreModEngine/COREMOD]: CoreMod loaded successfully
[30Jul2026 00:21:19.442] [main/DEBUG] [net.minecraftforge.coremod.CoreModEngine/COREMOD]: Loading CoreMod from META-INF/asm/updateItemUseStartTreshold.js
[30Jul2026 00:21:19.451] [main/DEBUG] [net.minecraftforge.coremod.CoreModEngine/COREMOD]: CoreMod loaded successfully
[30Jul2026 00:21:19.451] [main/DEBUG] [net.minecraftforge.coremod.CoreModEngine/COREMOD]: Loading CoreMod from META-INF/asm/expandLocalVarScope.js
[30Jul2026 00:21:19.467] [main/DEBUG] [net.minecraftforge.coremod.CoreModEngine/COREMOD]: CoreMod loaded successfully
[30Jul2026 00:21:19.467] [main/DEBUG] [net.minecraftforge.coremod.CoreModEngine/COREMOD]: Loading CoreMod from META-INF/asm/fixFieldSignatureChanges.js
[30Jul2026 00:21:19.477] [main/DEBUG] [net.minecraftforge.coremod.CoreModEngine/COREMOD]: CoreMod loaded successfully
[30Jul2026 00:21:19.477] [main/DEBUG] [net.minecraftforge.coremod.CoreModEngine/COREMOD]: Loading CoreMod from META-INF/asm/addFabricKeySortOrders.js
[30Jul2026 00:21:19.515] [main/DEBUG] [net.minecraftforge.coremod.CoreModEngine/COREMOD]: CoreMod loaded successfully
[30Jul2026 00:21:19.528] [main/DEBUG] [cpw.mods.modlauncher.TransformStore/MODLAUNCHER]: Adding transformer net.minecraftforge.coremod.transformer.CoreModClassTransformer@63917fe1 to Target : CLASS {Lnet/minecraftforge/common/extensions/IForgeItem;} {} {V}
[30Jul2026 00:21:19.529] [main/DEBUG] [cpw.mods.modlauncher.TransformStore/MODLAUNCHER]: Adding transformer net.minecraftforge.coremod.transformer.CoreModClassTransformer@59918c8f to Target : CLASS {Lnet/minecraft/world/level/biome/Biome;} {} {V}
[30Jul2026 00:21:19.529] [main/DEBUG] [cpw.mods.modlauncher.TransformStore/MODLAUNCHER]: Adding transformer net.minecraftforge.coremod.transformer.CoreModClassTransformer@2b7facc7 to Target : CLASS {Lnet/minecraft/world/level/levelgen/structure/Structure;} {} {V}
[30Jul2026 00:21:19.529] [main/DEBUG] [cpw.mods.modlauncher.TransformStore/MODLAUNCHER]: Adding transformer net.minecraftforge.coremod.transformer.CoreModClassTransformer@1c74d19 to Target : CLASS {Lnet/minecraft/world/effect/MobEffectInstance;} {} {V}
[30Jul2026 00:21:19.529] [main/DEBUG] [cpw.mods.modlauncher.TransformStore/MODLAUNCHER]: Adding transformer net.minecraftforge.coremod.transformer.CoreModClassTransformer@24197b13 to Target : CLASS {Lnet/minecraft/world/level/block/LiquidBlock;} {} {V}
[30Jul2026 00:21:19.529] [main/DEBUG] [cpw.mods.modlauncher.TransformStore/MODLAUNCHER]: Adding transformer net.minecraftforge.coremod.transformer.CoreModClassTransformer@71b97eeb to Target : CLASS {Lnet/minecraft/world/item/BucketItem;} {} {V}
[30Jul2026 00:21:19.529] [main/DEBUG] [cpw.mods.modlauncher.TransformStore/MODLAUNCHER]: Adding transformer net.minecraftforge.coremod.transformer.CoreModClassTransformer@2776fd8f to Target : CLASS {Lnet/minecraft/world/level/block/StairBlock;} {} {V}
[30Jul2026 00:21:19.529] [main/DEBUG] [cpw.mods.modlauncher.TransformStore/MODLAUNCHER]: Adding transformer net.minecraftforge.coremod.transformer.CoreModClassTransformer@1c62c3fd to Target : CLASS {Lnet/minecraft/world/level/block/FlowerPotBlock;} {} {V}
[30Jul2026 00:21:19.529] [main/DEBUG] [cpw.mods.modlauncher.TransformStore/MODLAUNCHER]: Adding transformer net.minecraftforge.coremod.transformer.CoreModClassTransformer@734ce281 to Target : CLASS {Lnet/minecraft/world/item/ItemStack;} {} {V}
[30Jul2026 00:21:19.529] [main/DEBUG] [cpw.mods.modlauncher.TransformStore/MODLAUNCHER]: Adding transformer net.minecraftforge.coremod.transformer.CoreModClassTransformer@49b89425 to Target : CLASS {Lnet/minecraft/network/play/client/CClientSettingsPacket;} {} {V}
[30Jul2026 00:21:19.530] [main/DEBUG] [cpw.mods.modlauncher.TransformStore/MODLAUNCHER]: Adding transformer net.minecraftforge.coremod.transformer.CoreModClassTransformer@59328218 to Target : CLASS {Lnet/minecraft/world/level/levelgen/structure/structures/OceanRuinPieces$OceanRuinPiece;} {} {V}
[30Jul2026 00:21:19.530] [main/DEBUG] [cpw.mods.modlauncher.TransformStore/MODLAUNCHER]: Adding transformer net.minecraftforge.coremod.transformer.CoreModClassTransformer@59328218 to Target : CLASS {Lnet/minecraft/world/level/levelgen/structure/structures/WoodlandMansionPieces$WoodlandMansionPiece;} {} {V}
[30Jul2026 00:21:19.530] [main/DEBUG] [cpw.mods.modlauncher.TransformStore/MODLAUNCHER]: Adding transformer net.minecraftforge.coremod.transformer.CoreModClassTransformer@59328218 to Target : CLASS {Lnet/minecraft/world/entity/npc/CatSpawner;} {} {V}
[30Jul2026 00:21:19.530] [main/DEBUG] [cpw.mods.modlauncher.TransformStore/MODLAUNCHER]: Adding transformer net.minecraftforge.coremod.transformer.CoreModClassTransformer@59328218 to Target : CLASS {Lnet/minecraft/server/commands/SummonCommand;} {} {V}
[30Jul2026 00:21:19.530] [main/DEBUG] [cpw.mods.modlauncher.TransformStore/MODLAUNCHER]: Adding transformer net.minecraftforge.coremod.transformer.CoreModClassTransformer@59328218 to Target : CLASS {Lnet/minecraft/world/entity/animal/frog/Tadpole;} {} {V}
[30Jul2026 00:21:19.530] [main/DEBUG] [cpw.mods.modlauncher.TransformStore/MODLAUNCHER]: Adding transformer net.minecraftforge.coremod.transformer.CoreModClassTransformer@59328218 to Target : CLASS {Lnet/minecraft/world/entity/monster/Zombie;} {} {V}
[30Jul2026 00:21:19.530] [main/DEBUG] [cpw.mods.modlauncher.TransformStore/MODLAUNCHER]: Adding transformer net.minecraftforge.coremod.transformer.CoreModClassTransformer@59328218 to Target : CLASS {Lnet/minecraft/world/entity/monster/Spider;} {} {V}
[30Jul2026 00:21:19.530] [main/DEBUG] [cpw.mods.modlauncher.TransformStore/MODLAUNCHER]: Adding transformer net.minecraftforge.coremod.transformer.CoreModClassTransformer@59328218 to Target : CLASS {Lnet/minecraft/world/entity/raid/Raid;} {} {V}
[30Jul2026 00:21:19.530] [main/DEBUG] [cpw.mods.modlauncher.TransformStore/MODLAUNCHER]: Adding transformer net.minecraftforge.coremod.transformer.CoreModClassTransformer@59328218 to Target : CLASS {Lnet/minecraft/world/entity/monster/ZombieVillager;} {} {V}
[30Jul2026 00:21:19.530] [main/DEBUG] [cpw.mods.modlauncher.TransformStore/MODLAUNCHER]: Adding transformer net.minecraftforge.coremod.transformer.CoreModClassTransformer@59328218 to Target : CLASS {Lnet/minecraft/world/entity/ai/village/VillageSiege;} {} {V}
[30Jul2026 00:21:19.530] [main/DEBUG] [cpw.mods.modlauncher.TransformStore/MODLAUNCHER]: Adding transformer net.minecraftforge.coremod.transformer.CoreModClassTransformer@59328218 to Target : CLASS {Lnet/minecraft/server/commands/RaidCommand;} {} {V}
[30Jul2026 00:21:19.530] [main/DEBUG] [cpw.mods.modlauncher.TransformStore/MODLAUNCHER]: Adding transformer net.minecraftforge.coremod.transformer.CoreModClassTransformer@59328218 to Target : CLASS {Lnet/minecraft/world/level/levelgen/PatrolSpawner;} {} {V}
[30Jul2026 00:21:19.531] [main/DEBUG] [cpw.mods.modlauncher.TransformStore/MODLAUNCHER]: Adding transformer net.minecraftforge.coremod.transformer.CoreModClassTransformer@59328218 to Target : CLASS {Lnet/minecraft/world/level/levelgen/structure/templatesystem/StructureTemplate;} {} {V}
[30Jul2026 00:21:19.531] [main/DEBUG] [cpw.mods.modlauncher.TransformStore/MODLAUNCHER]: Adding transformer net.minecraftforge.coremod.transformer.CoreModClassTransformer@59328218 to Target : CLASS {Lnet/minecraft/world/entity/npc/Villager;} {} {V}
[30Jul2026 00:21:19.531] [main/DEBUG] [cpw.mods.modlauncher.TransformStore/MODLAUNCHER]: Adding transformer net.minecraftforge.coremod.transformer.CoreModClassTransformer@59328218 to Target : CLASS {Lnet/minecraft/world/level/NaturalSpawner;} {} {V}
[30Jul2026 00:21:19.531] [main/DEBUG] [cpw.mods.modlauncher.TransformStore/MODLAUNCHER]: Adding transformer net.minecraftforge.coremod.transformer.CoreModClassTransformer@59328218 to Target : CLASS {Lnet/minecraft/world/entity/animal/horse/SkeletonTrapGoal;} {} {V}
[30Jul2026 00:21:19.531] [main/DEBUG] [cpw.mods.modlauncher.TransformStore/MODLAUNCHER]: Adding transformer net.minecraftforge.coremod.transformer.CoreModClassTransformer@59328218 to Target : CLASS {Lnet/minecraft/world/level/levelgen/PhantomSpawner;} {} {V}
[30Jul2026 00:21:19.531] [main/DEBUG] [cpw.mods.modlauncher.TransformStore/MODLAUNCHER]: Adding transformer net.minecraftforge.coremod.transformer.CoreModClassTransformer@59328218 to Target : CLASS {Lnet/minecraft/world/entity/monster/Evoker$EvokerSummonSpellGoal;} {} {V}
[30Jul2026 00:21:19.531] [main/DEBUG] [cpw.mods.modlauncher.TransformStore/MODLAUNCHER]: Adding transformer net.minecraftforge.coremod.transformer.CoreModClassTransformer@59328218 to Target : CLASS {Lnet/minecraft/world/level/levelgen/structure/structures/OceanMonumentPieces$OceanMonumentPiece;} {} {V}
[30Jul2026 00:21:19.531] [main/DEBUG] [cpw.mods.modlauncher.TransformStore/MODLAUNCHER]: Adding transformer net.minecraftforge.coremod.transformer.CoreModClassTransformer@59328218 to Target : CLASS {Lnet/minecraft/world/entity/EntityType;} {} {V}
[30Jul2026 00:21:19.531] [main/DEBUG] [cpw.mods.modlauncher.TransformStore/MODLAUNCHER]: Adding transformer net.minecraftforge.coremod.transformer.CoreModClassTransformer@59328218 to Target : CLASS {Lnet/minecraft/world/level/levelgen/structure/structures/SwampHutPiece;} {} {V}
[30Jul2026 00:21:19.531] [main/DEBUG] [cpw.mods.modlauncher.TransformStore/MODLAUNCHER]: Adding transformer net.minecraftforge.coremod.transformer.CoreModClassTransformer@59328218 to Target : CLASS {Lnet/minecraft/world/entity/monster/Strider;} {} {V}
[30Jul2026 00:21:19.531] [main/DEBUG] [cpw.mods.modlauncher.TransformStore/MODLAUNCHER]: Adding transformer net.minecraftforge.coremod.transformer.CoreModClassTransformer@5345dfe8 to Target : CLASS {Lnet/minecraftforge/common/extensions/IForgeBlock;} {} {V}
[30Jul2026 00:21:19.531] [main/DEBUG] [cpw.mods.modlauncher.TransformStore/MODLAUNCHER]: Adding transformer net.minecraftforge.coremod.transformer.CoreModClassTransformer@478967eb to Target : CLASS {Lnet/minecraftforge/common/extensions/IForgeBlockState;} {} {V}
[30Jul2026 00:21:19.531] [main/DEBUG] [cpw.mods.modlauncher.TransformStore/MODLAUNCHER]: Adding transformer net.minecraftforge.coremod.transformer.CoreModClassTransformer@4a1dda83 to Target : CLASS {Lnet/minecraft/world/item/CreativeModeTab;} {} {V}
[30Jul2026 00:21:19.531] [main/DEBUG] [cpw.mods.modlauncher.TransformStore/MODLAUNCHER]: Adding transformer net.minecraftforge.coremod.transformer.CoreModClassTransformer@7f2b39a to Target : CLASS {Lnet/minecraft/client/KeyMapping;} {} {V}
[30Jul2026 00:21:19.532] [main/DEBUG] [cpw.mods.modlauncher.TransformStore/MODLAUNCHER]: Adding transformer net.minecraftforge.coremod.transformer.CoreModMethodTransformer@760f1081 to Target : METHOD {Lnet/minecraftforge/common/extensions/IForgeItem;} {getCraftingRemainingItem} {(Lnet/minecraft/world/item/ItemStack;)Lnet/minecraft/world/item/ItemStack;}
[30Jul2026 00:21:19.532] [main/DEBUG] [cpw.mods.modlauncher.TransformStore/MODLAUNCHER]: Adding transformer net.minecraftforge.coremod.transformer.CoreModMethodTransformer@52621501 to Target : METHOD {Lnet/minecraftforge/common/extensions/IForgeItem;} {hasCraftingRemainingItem} {(Lnet/minecraft/world/item/ItemStack;)Z}
[30Jul2026 00:21:19.532] [main/DEBUG] [cpw.mods.modlauncher.TransformStore/MODLAUNCHER]: Adding transformer net.minecraftforge.coremod.transformer.CoreModMethodTransformer@401e02b4 to Target : METHOD {Lnet/minecraftforge/common/extensions/IForgeItem;} {getAttributeModifiers} {(Lnet/minecraft/world/entity/EquipmentSlot;Lnet/minecraft/world/item/ItemStack;)Lcom/google/common/collect/Multimap;}
[30Jul2026 00:21:19.532] [main/DEBUG] [cpw.mods.modlauncher.TransformStore/MODLAUNCHER]: Adding transformer net.minecraftforge.coremod.transformer.CoreModMethodTransformer@164d01ba to Target : METHOD {Lnet/minecraftforge/common/extensions/IForgeItem;} {isCorrectToolForDrops} {(Lnet/minecraft/world/item/ItemStack;Lnet/minecraft/world/level/block/state/BlockState;)Z}
[30Jul2026 00:21:19.532] [main/DEBUG] [cpw.mods.modlauncher.TransformStore/MODLAUNCHER]: Adding transformer net.minecraftforge.coremod.transformer.CoreModMethodTransformer@18c880ea to Target : METHOD {Lnet/minecraftforge/common/extensions/IForgeItem;} {shouldCauseReequipAnimation} {(Lnet/minecraft/world/item/ItemStack;Lnet/minecraft/world/item/ItemStack;Z)Z}
[30Jul2026 00:21:19.532] [main/DEBUG] [cpw.mods.modlauncher.TransformStore/MODLAUNCHER]: Adding transformer net.minecraftforge.coremod.transformer.CoreModMethodTransformer@5ac044ef to Target : METHOD {Lnet/minecraftforge/common/extensions/IForgeItem;} {getEquipmentSlot} {(Lnet/minecraft/world/item/ItemStack;)Lnet/minecraft/world/entity/EquipmentSlot;}
[30Jul2026 00:21:19.532] [main/DEBUG] [cpw.mods.modlauncher.TransformStore/MODLAUNCHER]: Adding transformer net.minecraftforge.coremod.transformer.CoreModMethodTransformer@6afbe6a1 to Target : METHOD {Lnet/minecraftforge/common/extensions/IForgeItem;} {damageItem} {(Lnet/minecraft/world/item/ItemStack;ILnet/minecraft/world/entity/LivingEntity;Ljava/util/function/Consumer;)I}
[30Jul2026 00:21:19.532] [main/DEBUG] [cpw.mods.modlauncher.TransformStore/MODLAUNCHER]: Adding transformer net.minecraftforge.coremod.transformer.CoreModMethodTransformer@14457a95 to Target : METHOD {Lnet/minecraft/world/level/block/WeatheringCopper;} {m_154909_} {()Lcom/google/common/collect/BiMap;}
[30Jul2026 00:21:19.533] [main/DEBUG] [cpw.mods.modlauncher.TransformStore/MODLAUNCHER]: Adding transformer net.minecraftforge.coremod.transformer.CoreModMethodTransformer@48567727 to Target : METHOD {Lnet/minecraftforge/common/extensions/IForgeBlock;} {getAppearance} {(Lnet/minecraft/world/level/block/state/BlockState;Lnet/minecraft/world/level/BlockAndTintGetter;Lnet/minecraft/core/BlockPos;Lnet/minecraft/core/Direction;Lnet/minecraft/world/level/block/state/BlockState;Lnet/minecraft/core/BlockPos;)Lnet/minecraft/world/level/block/state/BlockState;}
[30Jul2026 00:21:19.533] [main/DEBUG] [cpw.mods.modlauncher.TransformStore/MODLAUNCHER]: Adding transformer net.minecraftforge.coremod.transformer.CoreModMethodTransformer@10e9a5fe to Target : METHOD {Lnet/minecraftforge/common/extensions/IForgeBlockState;} {getAppearance} {(Lnet/minecraft/world/level/BlockAndTintGetter;Lnet/minecraft/core/BlockPos;Lnet/minecraft/core/Direction;Lnet/minecraft/world/level/block/state/BlockState;Lnet/minecraft/core/BlockPos;)Lnet/minecraft/world/level/block/state/BlockState;}
[30Jul2026 00:21:19.533] [main/DEBUG] [cpw.mods.modlauncher.TransformStore/MODLAUNCHER]: Adding transformer net.minecraftforge.coremod.transformer.CoreModMethodTransformer@259287ac to Target : METHOD {Lnet/minecraft/data/DataProvider;} {m_236069_} {(Lit/unimi/dsi/fastutil/objects/Object2IntOpenHashMap;)V}
[30Jul2026 00:21:19.533] [main/DEBUG] [cpw.mods.modlauncher.TransformStore/MODLAUNCHER]: Adding transformer net.minecraftforge.coremod.transformer.CoreModMethodTransformer@1abcd059 to Target : METHOD {Lcom/chocohead/mm/Plugin;} {fishAddURL} {()Ljava/util/function/Consumer;}
[30Jul2026 00:21:19.533] [main/DEBUG] [cpw.mods.modlauncher.TransformStore/MODLAUNCHER]: Adding transformer net.minecraftforge.coremod.transformer.CoreModMethodTransformer@61a87366 to Target : METHOD {Lcom/chocohead/mm/Plugin$1;} {generate} {(Ljava/lang/String;Ljava/util/Collection;)V}
[30Jul2026 00:21:19.533] [main/DEBUG] [cpw.mods.modlauncher.TransformStore/MODLAUNCHER]: Adding transformer net.minecraftforge.coremod.transformer.CoreModMethodTransformer@3c33fcf8 to Target : METHOD {Lcom/chocohead/mm/EnumSubclasser;} {defineAnonymousSubclass} {(Lorg/objectweb/asm/tree/ClassNode;Lcom/chocohead/mm/api/EnumAdder$EnumAddition;Ljava/lang/String;Ljava/lang/String;)[B}
[30Jul2026 00:21:19.533] [main/DEBUG] [cpw.mods.modlauncher.TransformStore/MODLAUNCHER]: Adding transformer net.minecraftforge.coremod.transformer.CoreModMethodTransformer@dada335 to Target : METHOD {Lme/shedaniel/mm/Plugin;} {fishAddURL} {()Ljava/util/function/Consumer;}
[30Jul2026 00:21:19.533] [main/DEBUG] [cpw.mods.modlauncher.TransformStore/MODLAUNCHER]: Adding transformer net.minecraftforge.coremod.transformer.CoreModMethodTransformer@716f94c1 to Target : METHOD {Lme/shedaniel/mm/Plugin$1;} {generate} {(Ljava/lang/String;Ljava/util/Collection;)V}
[30Jul2026 00:21:19.533] [main/DEBUG] [cpw.mods.modlauncher.TransformStore/MODLAUNCHER]: Adding transformer net.minecraftforge.coremod.transformer.CoreModMethodTransformer@53feeac9 to Target : METHOD {Lme/shedaniel/mm/EnumSubclasser;} {defineAnonymousSubclass} {(Lorg/objectweb/asm/tree/ClassNode;Lcom/chocohead/mm/api/EnumAdder$EnumAddition;Ljava/lang/String;Ljava/lang/String;)[B}
[30Jul2026 00:21:19.533] [main/DEBUG] [cpw.mods.modlauncher.TransformStore/MODLAUNCHER]: Adding transformer net.minecraftforge.coremod.transformer.CoreModMethodTransformer@70091872 to Target : METHOD {Lnet/minecraft/world/entity/LivingEntity;} {m_6672_} {(Lnet/minecraft/world/InteractionHand;)V}
[30Jul2026 00:21:19.534] [main/DEBUG] [cpw.mods.modlauncher.TransformStore/MODLAUNCHER]: Adding transformer net.minecraftforge.coremod.transformer.CoreModMethodTransformer@105db94d to Target : METHOD {Lnet/minecraft/world/entity/LivingEntity;} {m_147215_} {(Lnet/minecraft/world/effect/MobEffectInstance;Lnet/minecraft/world/entity/Entity;)V}
[30Jul2026 00:21:19.534] [main/DEBUG] [cpw.mods.modlauncher.TransformStore/MODLAUNCHER]: Adding transformer net.minecraftforge.coremod.transformer.CoreModMethodTransformer@1d99ee1b to Target : METHOD {Lnet/minecraft/world/level/BaseSpawner;} {m_151311_} {(Lnet/minecraft/server/level/ServerLevel;Lnet/minecraft/core/BlockPos;)V}
[30Jul2026 00:21:19.534] [main/DEBUG] [cpw.mods.modlauncher.TransformStore/MODLAUNCHER]: Adding transformer net.minecraftforge.coremod.transformer.CoreModMethodTransformer@3915e7c3 to Target : METHOD {Lnet/minecraft/data/DataProvider;} {m_236069_} {(Lit/unimi/dsi/fastutil/objects/Object2IntOpenHashMap;)V}
[30Jul2026 00:21:19.534] [main/DEBUG] [cpw.mods.modlauncher.TransformationServiceDecorator/MODLAUNCHER]: Initialized transformers for transformation service fml
[30Jul2026 00:21:19.534] [main/DEBUG] [cpw.mods.modlauncher.TransformationServiceDecorator/MODLAUNCHER]: Initializing transformers for transformation service mixin-transmogrifier
[30Jul2026 00:21:19.534] [main/DEBUG] [cpw.mods.modlauncher.TransformationServiceDecorator/MODLAUNCHER]: Initialized transformers for transformation service mixin-transmogrifier
[30Jul2026 00:21:19.534] [main/DEBUG] [cpw.mods.modlauncher.TransformationServiceDecorator/MODLAUNCHER]: Initializing transformers for transformation service connector_loader
[30Jul2026 00:21:19.534] [main/DEBUG] [cpw.mods.modlauncher.TransformationServiceDecorator/MODLAUNCHER]: Initialized transformers for transformation service connector_loader
[30Jul2026 00:21:19.993] [main/DEBUG] [mixin/]: Processing prepare() for PlatformAgent[MixinPlatformAgentDefault:ModLauncher Root Container(ModLauncher:4f56a0a2)]
[30Jul2026 00:21:19.993] [main/DEBUG] [mixin/]: Processing launch tasks for PlatformAgent[MixinPlatformAgentDefault:ModLauncher Root Container(ModLauncher:4f56a0a2)]
[30Jul2026 00:21:19.994] [main/DEBUG] [mixin/]: Adding mixin platform agents for container SecureJarResource(mixin_generated_classes)
[30Jul2026 00:21:19.994] [main/DEBUG] [mixin/]: Instancing new MixinPlatformAgentMinecraftForge for SecureJarResource(mixin_generated_classes)
[30Jul2026 00:21:19.994] [main/DEBUG] [mixin/]: MixinPlatformAgentMinecraftForge rejected container SecureJarResource(mixin_generated_classes)
[30Jul2026 00:21:19.994] [main/DEBUG] [mixin/]: Instancing new MixinPlatformAgentDefault for SecureJarResource(mixin_generated_classes)
[30Jul2026 00:21:19.994] [main/DEBUG] [mixin/]: MixinPlatformAgentDefault accepted container SecureJarResource(mixin_generated_classes)
[30Jul2026 00:21:19.994] [main/DEBUG] [mixin/]: Processing prepare() for PlatformAgent[MixinPlatformAgentDefault:SecureJarResource(mixin_generated_classes)]
[30Jul2026 00:21:19.994] [main/DEBUG] [mixin/]: Adding mixin platform agents for container SecureJarResource(fabric_dimensions_v1)
[30Jul2026 00:21:19.994] [main/DEBUG] [mixin/]: Instancing new MixinPlatformAgentMinecraftForge for SecureJarResource(fabric_dimensions_v1)
[30Jul2026 00:21:19.994] [main/DEBUG] [mixin/]: MixinPlatformAgentMinecraftForge rejected container SecureJarResource(fabric_dimensions_v1)
[30Jul2026 00:21:19.994] [main/DEBUG] [mixin/]: Instancing new MixinPlatformAgentDefault for SecureJarResource(fabric_dimensions_v1)
[30Jul2026 00:21:19.994] [main/DEBUG] [mixin/]: MixinPlatformAgentDefault accepted container SecureJarResource(fabric_dimensions_v1)
[30Jul2026 00:21:19.994] [main/DEBUG] [mixin/]: Processing prepare() for PlatformAgent[MixinPlatformAgentDefault:SecureJarResource(fabric_dimensions_v1)]
[30Jul2026 00:21:19.995] [main/DEBUG] [mixin/]: Adding mixin platform agents for container SecureJarResource(fabric_transfer_api_v1)
[30Jul2026 00:21:19.995] [main/DEBUG] [mixin/]: Instancing new MixinPlatformAgentMinecraftForge for SecureJarResource(fabric_transfer_api_v1)
[30Jul2026 00:21:19.995] [main/DEBUG] [mixin/]: MixinPlatformAgentMinecraftForge rejected container SecureJarResource(fabric_transfer_api_v1)
[30Jul2026 00:21:19.995] [main/DEBUG] [mixin/]: Instancing new MixinPlatformAgentDefault for SecureJarResource(fabric_transfer_api_v1)
[30Jul2026 00:21:19.995] [main/DEBUG] [mixin/]: MixinPlatformAgentDefault accepted container SecureJarResource(fabric_transfer_api_v1)
[30Jul2026 00:21:19.995] [main/DEBUG] [mixin/]: Processing prepare() for PlatformAgent[MixinPlatformAgentDefault:SecureJarResource(fabric_transfer_api_v1)]
[30Jul2026 00:21:19.995] [main/DEBUG] [mixin/]: Registering mixin config: fabric-transfer-api-v1.mixins.json
[30Jul2026 00:21:20.035] [main/DEBUG] [mixin/]: Adding mixin platform agents for container SecureJarResource(fabric_renderer_api_v1)
[30Jul2026 00:21:20.035] [main/DEBUG] [mixin/]: Instancing new MixinPlatformAgentMinecraftForge for SecureJarResource(fabric_renderer_api_v1)
[30Jul2026 00:21:20.035] [main/DEBUG] [mixin/]: MixinPlatformAgentMinecraftForge rejected container SecureJarResource(fabric_renderer_api_v1)
[30Jul2026 00:21:20.035] [main/DEBUG] [mixin/]: Instancing new MixinPlatformAgentDefault for SecureJarResource(fabric_renderer_api_v1)
[30Jul2026 00:21:20.035] [main/DEBUG] [mixin/]: MixinPlatformAgentDefault accepted container SecureJarResource(fabric_renderer_api_v1)
[30Jul2026 00:21:20.035] [main/DEBUG] [mixin/]: Processing prepare() for PlatformAgent[MixinPlatformAgentDefault:SecureJarResource(fabric_renderer_api_v1)]
[30Jul2026 00:21:20.035] [main/DEBUG] [mixin/]: Registering mixin config: fabric-renderer-api-v1.mixins.json
[30Jul2026 00:21:20.038] [main/DEBUG] [mixin/]: Registering mixin config: fabric-renderer-api-v1.debughud.mixins.json
[30Jul2026 00:21:20.041] [main/DEBUG] [mixin/]: Adding mixin platform agents for container SecureJarResource(fabric_item_api_v1)
[30Jul2026 00:21:20.041] [main/DEBUG] [mixin/]: Instancing new MixinPlatformAgentMinecraftForge for SecureJarResource(fabric_item_api_v1)
[30Jul2026 00:21:20.041] [main/DEBUG] [mixin/]: MixinPlatformAgentMinecraftForge rejected container SecureJarResource(fabric_item_api_v1)
[30Jul2026 00:21:20.041] [main/DEBUG] [mixin/]: Instancing new MixinPlatformAgentDefault for SecureJarResource(fabric_item_api_v1)
[30Jul2026 00:21:20.041] [main/DEBUG] [mixin/]: MixinPlatformAgentDefault accepted container SecureJarResource(fabric_item_api_v1)
[30Jul2026 00:21:20.042] [main/DEBUG] [mixin/]: Processing prepare() for PlatformAgent[MixinPlatformAgentDefault:SecureJarResource(fabric_item_api_v1)]
[30Jul2026 00:21:20.042] [main/DEBUG] [mixin/]: Registering mixin config: fabric-item-api-v1.mixins.json
[30Jul2026 00:21:20.044] [main/DEBUG] [mixin/]: Registering mixin config: fabric-item-api-v1.client.mixins.json
[30Jul2026 00:21:20.046] [main/DEBUG] [mixin/]: Mixin config fabric-item-api-v1.client.mixins.json does not specify "minVersion" property
[30Jul2026 00:21:20.046] [main/DEBUG] [mixin/]: Adding mixin platform agents for container SecureJarResource(fabric_model_loading_api_v1)
[30Jul2026 00:21:20.046] [main/DEBUG] [mixin/]: Instancing new MixinPlatformAgentMinecraftForge for SecureJarResource(fabric_model_loading_api_v1)
[30Jul2026 00:21:20.046] [main/DEBUG] [mixin/]: MixinPlatformAgentMinecraftForge rejected container SecureJarResource(fabric_model_loading_api_v1)
[30Jul2026 00:21:20.046] [main/DEBUG] [mixin/]: Instancing new MixinPlatformAgentDefault for SecureJarResource(fabric_model_loading_api_v1)
[30Jul2026 00:21:20.046] [main/DEBUG] [mixin/]: MixinPlatformAgentDefault accepted container SecureJarResource(fabric_model_loading_api_v1)
[30Jul2026 00:21:20.046] [main/DEBUG] [mixin/]: Processing prepare() for PlatformAgent[MixinPlatformAgentDefault:SecureJarResource(fabric_model_loading_api_v1)]
[30Jul2026 00:21:20.046] [main/DEBUG] [mixin/]: Registering mixin config: fabric-model-loading-api-v1.mixins.json
[30Jul2026 00:21:20.049] [main/DEBUG] [mixin/]: Compatibility level JAVA_17 specified by fabric-model-loading-api-v1.mixins.json is higher than the maximum level supported by this version of mixin (JAVA_13).
[30Jul2026 00:21:20.051] [main/INFO] [mixin/]: Compatibility level set to JAVA_17
[30Jul2026 00:21:20.054] [main/DEBUG] [mixin/]: Adding mixin platform agents for container SecureJarResource(jei)
[30Jul2026 00:21:20.054] [main/DEBUG] [mixin/]: Instancing new MixinPlatformAgentMinecraftForge for SecureJarResource(jei)
[30Jul2026 00:21:20.054] [main/DEBUG] [mixin/]: MixinPlatformAgentMinecraftForge rejected container SecureJarResource(jei)
[30Jul2026 00:21:20.054] [main/DEBUG] [mixin/]: Instancing new MixinPlatformAgentDefault for SecureJarResource(jei)
[30Jul2026 00:21:20.057] [main/DEBUG] [mixin/]: MixinPlatformAgentDefault accepted container SecureJarResource(jei)
[30Jul2026 00:21:20.057] [main/DEBUG] [mixin/]: Processing prepare() for PlatformAgent[MixinPlatformAgentDefault:SecureJarResource(jei)]
[30Jul2026 00:21:20.057] [main/DEBUG] [mixin/]: Adding mixin platform agents for container SecureJarResource(fabric_rendering_fluids_v1)
[30Jul2026 00:21:20.057] [main/DEBUG] [mixin/]: Instancing new MixinPlatformAgentMinecraftForge for SecureJarResource(fabric_rendering_fluids_v1)
[30Jul2026 00:21:20.057] [main/DEBUG] [mixin/]: MixinPlatformAgentMinecraftForge rejected container SecureJarResource(fabric_rendering_fluids_v1)
[30Jul2026 00:21:20.057] [main/DEBUG] [mixin/]: Instancing new MixinPlatformAgentDefault for SecureJarResource(fabric_rendering_fluids_v1)
[30Jul2026 00:21:20.057] [main/DEBUG] [mixin/]: MixinPlatformAgentDefault accepted container SecureJarResource(fabric_rendering_fluids_v1)
[30Jul2026 00:21:20.057] [main/DEBUG] [mixin/]: Processing prepare() for PlatformAgent[MixinPlatformAgentDefault:SecureJarResource(fabric_rendering_fluids_v1)]
[30Jul2026 00:21:20.057] [main/DEBUG] [mixin/]: Registering mixin config: fabric-rendering-fluids-v1.mixins.json
[30Jul2026 00:21:20.059] [main/DEBUG] [mixin/]: Compatibility level JAVA_16 specified by fabric-rendering-fluids-v1.mixins.json is higher than the maximum level supported by this version of mixin (JAVA_13).
[30Jul2026 00:21:20.059] [main/DEBUG] [mixin/]: Adding mixin platform agents for container SecureJarResource(tacz)
[30Jul2026 00:21:20.059] [main/DEBUG] [mixin/]: Instancing new MixinPlatformAgentMinecraftForge for SecureJarResource(tacz)
[30Jul2026 00:21:20.059] [main/DEBUG] [mixin/]: MixinPlatformAgentMinecraftForge rejected container SecureJarResource(tacz)
[30Jul2026 00:21:20.059] [main/DEBUG] [mixin/]: Instancing new MixinPlatformAgentDefault for SecureJarResource(tacz)
[30Jul2026 00:21:20.059] [main/DEBUG] [mixin/]: MixinPlatformAgentDefault accepted container SecureJarResource(tacz)
[30Jul2026 00:21:20.059] [main/DEBUG] [mixin/]: Processing prepare() for PlatformAgent[MixinPlatformAgentDefault:SecureJarResource(tacz)]
[30Jul2026 00:21:20.059] [main/DEBUG] [mixin/]: Registering mixin config: tacz.mixins.json
[30Jul2026 00:21:20.063] [main/DEBUG] [mixin/]: Registering mixin config: tacz.compat.acceleratedrendering.mixins.json
[30Jul2026 00:21:20.068] [main/DEBUG] [mixin/]: Adding mixin platform agents for container SecureJarResource(fabric_screen_handler_api_v1)
[30Jul2026 00:21:20.068] [main/DEBUG] [mixin/]: Instancing new MixinPlatformAgentMinecraftForge for SecureJarResource(fabric_screen_handler_api_v1)
[30Jul2026 00:21:20.068] [main/DEBUG] [mixin/]: MixinPlatformAgentMinecraftForge rejected container SecureJarResource(fabric_screen_handler_api_v1)
[30Jul2026 00:21:20.068] [main/DEBUG] [mixin/]: Instancing new MixinPlatformAgentDefault for SecureJarResource(fabric_screen_handler_api_v1)
[30Jul2026 00:21:20.068] [main/DEBUG] [mixin/]: MixinPlatformAgentDefault accepted container SecureJarResource(fabric_screen_handler_api_v1)
[30Jul2026 00:21:20.068] [main/DEBUG] [mixin/]: Processing prepare() for PlatformAgent[MixinPlatformAgentDefault:SecureJarResource(fabric_screen_handler_api_v1)]
[30Jul2026 00:21:20.068] [main/DEBUG] [mixin/]: Registering mixin config: fabric-screen-handler-api-v1.mixins.json
[30Jul2026 00:21:20.070] [main/DEBUG] [mixin/]: Compatibility level JAVA_16 specified by fabric-screen-handler-api-v1.mixins.json is higher than the maximum level supported by this version of mixin (JAVA_13).
[30Jul2026 00:21:20.070] [main/DEBUG] [mixin/]: Adding mixin platform agents for container SecureJarResource(fabric_models_v0)
[30Jul2026 00:21:20.070] [main/DEBUG] [mixin/]: Instancing new MixinPlatformAgentMinecraftForge for SecureJarResource(fabric_models_v0)
[30Jul2026 00:21:20.070] [main/DEBUG] [mixin/]: MixinPlatformAgentMinecraftForge rejected container SecureJarResource(fabric_models_v0)
[30Jul2026 00:21:20.070] [main/DEBUG] [mixin/]: Instancing new MixinPlatformAgentDefault for SecureJarResource(fabric_models_v0)
[30Jul2026 00:21:20.070] [main/DEBUG] [mixin/]: MixinPlatformAgentDefault accepted container SecureJarResource(fabric_models_v0)
[30Jul2026 00:21:20.070] [main/DEBUG] [mixin/]: Processing prepare() for PlatformAgent[MixinPlatformAgentDefault:SecureJarResource(fabric_models_v0)]
[30Jul2026 00:21:20.070] [main/DEBUG] [mixin/]: Adding mixin platform agents for container SecureJarResource(fabric_resource_loader_v0)
[30Jul2026 00:21:20.070] [main/DEBUG] [mixin/]: Instancing new MixinPlatformAgentMinecraftForge for SecureJarResource(fabric_resource_loader_v0)
[30Jul2026 00:21:20.070] [main/DEBUG] [mixin/]: MixinPlatformAgentMinecraftForge rejected container SecureJarResource(fabric_resource_loader_v0)
[30Jul2026 00:21:20.070] [main/DEBUG] [mixin/]: Instancing new MixinPlatformAgentDefault for SecureJarResource(fabric_resource_loader_v0)
[30Jul2026 00:21:20.070] [main/DEBUG] [mixin/]: MixinPlatformAgentDefault accepted container SecureJarResource(fabric_resource_loader_v0)
[30Jul2026 00:21:20.070] [main/DEBUG] [mixin/]: Processing prepare() for PlatformAgent[MixinPlatformAgentDefault:SecureJarResource(fabric_resource_loader_v0)]
[30Jul2026 00:21:20.070] [main/DEBUG] [mixin/]: Registering mixin config: fabric-resource-loader-v0.mixins.json
[30Jul2026 00:21:20.074] [main/DEBUG] [mixin/]: Compatibility level JAVA_16 specified by fabric-resource-loader-v0.mixins.json is higher than the maximum level supported by this version of mixin (JAVA_13).
[30Jul2026 00:21:20.074] [main/DEBUG] [mixin/]: Registering mixin config: fabric-resource-loader-v0.client.mixins.json
[30Jul2026 00:21:20.078] [main/DEBUG] [mixin/]: Compatibility level JAVA_16 specified by fabric-resource-loader-v0.client.mixins.json is higher than the maximum level supported by this version of mixin (JAVA_13).
[30Jul2026 00:21:20.079] [main/DEBUG] [mixin/]: Adding mixin platform agents for container SecureJarResource(fabric_rendering_v1)
[30Jul2026 00:21:20.079] [main/DEBUG] [mixin/]: Instancing new MixinPlatformAgentMinecraftForge for SecureJarResource(fabric_rendering_v1)
[30Jul2026 00:21:20.079] [main/DEBUG] [mixin/]: MixinPlatformAgentMinecraftForge rejected container SecureJarResource(fabric_rendering_v1)
[30Jul2026 00:21:20.079] [main/DEBUG] [mixin/]: Instancing new MixinPlatformAgentDefault for SecureJarResource(fabric_rendering_v1)
[30Jul2026 00:21:20.079] [main/DEBUG] [mixin/]: MixinPlatformAgentDefault accepted container SecureJarResource(fabric_rendering_v1)
[30Jul2026 00:21:20.079] [main/DEBUG] [mixin/]: Processing prepare() for PlatformAgent[MixinPlatformAgentDefault:SecureJarResource(fabric_rendering_v1)]
[30Jul2026 00:21:20.079] [main/DEBUG] [mixin/]: Registering mixin config: fabric-rendering-v1.mixins.json
[30Jul2026 00:21:20.084] [main/DEBUG] [mixin/]: Compatibility level JAVA_16 specified by fabric-rendering-v1.mixins.json is higher than the maximum level supported by this version of mixin (JAVA_13).
[30Jul2026 00:21:20.084] [main/DEBUG] [mixin/]: Adding mixin platform agents for container SecureJarResource(fabric_renderer_indigo)
[30Jul2026 00:21:20.084] [main/DEBUG] [mixin/]: Instancing new MixinPlatformAgentMinecraftForge for SecureJarResource(fabric_renderer_indigo)
[30Jul2026 00:21:20.084] [main/DEBUG] [mixin/]: MixinPlatformAgentMinecraftForge rejected container SecureJarResource(fabric_renderer_indigo)
[30Jul2026 00:21:20.084] [main/DEBUG] [mixin/]: Instancing new MixinPlatformAgentDefault for SecureJarResource(fabric_renderer_indigo)
[30Jul2026 00:21:20.084] [main/DEBUG] [mixin/]: MixinPlatformAgentDefault accepted container SecureJarResource(fabric_renderer_indigo)
[30Jul2026 00:21:20.084] [main/DEBUG] [mixin/]: Processing prepare() for PlatformAgent[MixinPlatformAgentDefault:SecureJarResource(fabric_renderer_indigo)]
[30Jul2026 00:21:20.084] [main/DEBUG] [mixin/]: Registering mixin config: fabric-renderer-indigo.mixins.json
[30Jul2026 00:21:20.086] [main/DEBUG] [mixin/]: Compatibility level JAVA_16 specified by fabric-renderer-indigo.mixins.json is higher than the maximum level supported by this version of mixin (JAVA_13).
[30Jul2026 00:21:20.086] [main/DEBUG] [mixin/]: Adding mixin platform agents for container SecureJarResource(fabric_convention_tags_v1)
[30Jul2026 00:21:20.086] [main/DEBUG] [mixin/]: Instancing new MixinPlatformAgentMinecraftForge for SecureJarResource(fabric_convention_tags_v1)
[30Jul2026 00:21:20.086] [main/DEBUG] [mixin/]: MixinPlatformAgentMinecraftForge rejected container SecureJarResource(fabric_convention_tags_v1)
[30Jul2026 00:21:20.086] [main/DEBUG] [mixin/]: Instancing new MixinPlatformAgentDefault for SecureJarResource(fabric_convention_tags_v1)
[30Jul2026 00:21:20.086] [main/DEBUG] [mixin/]: MixinPlatformAgentDefault accepted container SecureJarResource(fabric_convention_tags_v1)
[30Jul2026 00:21:20.086] [main/DEBUG] [mixin/]: Processing prepare() for PlatformAgent[MixinPlatformAgentDefault:SecureJarResource(fabric_convention_tags_v1)]
[30Jul2026 00:21:20.087] [main/DEBUG] [mixin/]: Adding mixin platform agents for container SecureJarResource(modernfix)
[30Jul2026 00:21:20.090] [main/DEBUG] [mixin/]: Instancing new MixinPlatformAgentMinecraftForge for SecureJarResource(modernfix)
[30Jul2026 00:21:20.090] [main/DEBUG] [mixin/]: MixinPlatformAgentMinecraftForge rejected container SecureJarResource(modernfix)
[30Jul2026 00:21:20.090] [main/DEBUG] [mixin/]: Instancing new MixinPlatformAgentDefault for SecureJarResource(modernfix)
[30Jul2026 00:21:20.090] [main/DEBUG] [mixin/]: MixinPlatformAgentDefault accepted container SecureJarResource(modernfix)
[30Jul2026 00:21:20.090] [main/DEBUG] [mixin/]: Processing prepare() for PlatformAgent[MixinPlatformAgentDefault:SecureJarResource(modernfix)]
[30Jul2026 00:21:20.090] [main/DEBUG] [mixin/]: Registering mixin config: modernfix-modernfix.mixins.json
[30Jul2026 00:21:20.092] [main/DEBUG] [mixin/]: Adding mixin platform agents for container SecureJarResource(fabric_mining_level_api_v1)
[30Jul2026 00:21:20.092] [main/DEBUG] [mixin/]: Instancing new MixinPlatformAgentMinecraftForge for SecureJarResource(fabric_mining_level_api_v1)
[30Jul2026 00:21:20.092] [main/DEBUG] [mixin/]: MixinPlatformAgentMinecraftForge rejected container SecureJarResource(fabric_mining_level_api_v1)
[30Jul2026 00:21:20.092] [main/DEBUG] [mixin/]: Instancing new MixinPlatformAgentDefault for SecureJarResource(fabric_mining_level_api_v1)
[30Jul2026 00:21:20.092] [main/DEBUG] [mixin/]: MixinPlatformAgentDefault accepted container SecureJarResource(fabric_mining_level_api_v1)
[30Jul2026 00:21:20.092] [main/DEBUG] [mixin/]: Processing prepare() for PlatformAgent[MixinPlatformAgentDefault:SecureJarResource(fabric_mining_level_api_v1)]
[30Jul2026 00:21:20.092] [main/DEBUG] [mixin/]: Registering mixin config: fabric-mining-level-api-v1.mixins.json
[30Jul2026 00:21:20.097] [main/DEBUG] [mixin/]: Compatibility level JAVA_16 specified by fabric-mining-level-api-v1.mixins.json is higher than the maximum level supported by this version of mixin (JAVA_13).
[30Jul2026 00:21:20.098] [main/DEBUG] [mixin/]: Adding mixin platform agents for container SecureJarResource(fabric_command_api_v1)
[30Jul2026 00:21:20.098] [main/DEBUG] [mixin/]: Instancing new MixinPlatformAgentMinecraftForge for SecureJarResource(fabric_command_api_v1)
[30Jul2026 00:21:20.098] [main/DEBUG] [mixin/]: MixinPlatformAgentMinecraftForge rejected container SecureJarResource(fabric_command_api_v1)
[30Jul2026 00:21:20.098] [main/DEBUG] [mixin/]: Instancing new MixinPlatformAgentDefault for SecureJarResource(fabric_command_api_v1)
[30Jul2026 00:21:20.098] [main/DEBUG] [mixin/]: MixinPlatformAgentDefault accepted container SecureJarResource(fabric_command_api_v1)
[30Jul2026 00:21:20.098] [main/DEBUG] [mixin/]: Processing prepare() for PlatformAgent[MixinPlatformAgentDefault:SecureJarResource(fabric_command_api_v1)]
[30Jul2026 00:21:20.098] [main/DEBUG] [mixin/]: Adding mixin platform agents for container SecureJarResource(fabric_block_view_api_v2)
[30Jul2026 00:21:20.098] [main/DEBUG] [mixin/]: Instancing new MixinPlatformAgentMinecraftForge for SecureJarResource(fabric_block_view_api_v2)
[30Jul2026 00:21:20.098] [main/DEBUG] [mixin/]: MixinPlatformAgentMinecraftForge rejected container SecureJarResource(fabric_block_view_api_v2)
[30Jul2026 00:21:20.098] [main/DEBUG] [mixin/]: Instancing new MixinPlatformAgentDefault for SecureJarResource(fabric_block_view_api_v2)
[30Jul2026 00:21:20.098] [main/DEBUG] [mixin/]: MixinPlatformAgentDefault accepted container SecureJarResource(fabric_block_view_api_v2)
[30Jul2026 00:21:20.098] [main/DEBUG] [mixin/]: Processing prepare() for PlatformAgent[MixinPlatformAgentDefault:SecureJarResource(fabric_block_view_api_v2)]
[30Jul2026 00:21:20.098] [main/DEBUG] [mixin/]: Registering mixin config: fabric-block-view-api-v2.mixins.json
[30Jul2026 00:21:20.102] [main/DEBUG] [mixin/]: Registering mixin config: fabric-block-view-api-v2.client.mixins.json
[30Jul2026 00:21:20.105] [main/DEBUG] [mixin/]: Adding mixin platform agents for container SecureJarResource(fabric_command_api_v2)
[30Jul2026 00:21:20.105] [main/DEBUG] [mixin/]: Instancing new MixinPlatformAgentMinecraftForge for SecureJarResource(fabric_command_api_v2)
[30Jul2026 00:21:20.105] [main/DEBUG] [mixin/]: MixinPlatformAgentMinecraftForge rejected container SecureJarResource(fabric_command_api_v2)
[30Jul2026 00:21:20.105] [main/DEBUG] [mixin/]: Instancing new MixinPlatformAgentDefault for SecureJarResource(fabric_command_api_v2)
[30Jul2026 00:21:20.105] [main/DEBUG] [mixin/]: MixinPlatformAgentDefault accepted container SecureJarResource(fabric_command_api_v2)
[30Jul2026 00:21:20.105] [main/DEBUG] [mixin/]: Processing prepare() for PlatformAgent[MixinPlatformAgentDefault:SecureJarResource(fabric_command_api_v2)]
[30Jul2026 00:21:20.105] [main/DEBUG] [mixin/]: Registering mixin config: fabric-command-api-v2.mixins.json
[30Jul2026 00:21:20.108] [main/DEBUG] [mixin/]: Compatibility level JAVA_16 specified by fabric-command-api-v2.mixins.json is higher than the maximum level supported by this version of mixin (JAVA_13).
[30Jul2026 00:21:20.108] [main/DEBUG] [mixin/]: Registering mixin config: fabric-command-api-v2.client.mixins.json
[30Jul2026 00:21:20.110] [main/DEBUG] [mixin/]: Compatibility level JAVA_16 specified by fabric-command-api-v2.client.mixins.json is higher than the maximum level supported by this version of mixin (JAVA_13).
[30Jul2026 00:21:20.110] [main/DEBUG] [mixin/]: Adding mixin platform agents for container SecureJarResource(fabric_data_attachment_api_v1)
[30Jul2026 00:21:20.110] [main/DEBUG] [mixin/]: Instancing new MixinPlatformAgentMinecraftForge for SecureJarResource(fabric_data_attachment_api_v1)
[30Jul2026 00:21:20.110] [main/DEBUG] [mixin/]: MixinPlatformAgentMinecraftForge rejected container SecureJarResource(fabric_data_attachment_api_v1)
[30Jul2026 00:21:20.110] [main/DEBUG] [mixin/]: Instancing new MixinPlatformAgentDefault for SecureJarResource(fabric_data_attachment_api_v1)
[30Jul2026 00:21:20.110] [main/DEBUG] [mixin/]: MixinPlatformAgentDefault accepted container SecureJarResource(fabric_data_attachment_api_v1)
[30Jul2026 00:21:20.110] [main/DEBUG] [mixin/]: Processing prepare() for PlatformAgent[MixinPlatformAgentDefault:SecureJarResource(fabric_data_attachment_api_v1)]
[30Jul2026 00:21:20.110] [main/DEBUG] [mixin/]: Registering mixin config: fabric-data-attachment-api-v1.mixins.json
[30Jul2026 00:21:20.111] [main/DEBUG] [mixin/]: Mixin config fabric-data-attachment-api-v1.mixins.json does not specify "minVersion" property
[30Jul2026 00:21:20.111] [main/DEBUG] [mixin/]: Registering mixin config: fabric-data-attachment-api-v1.client.mixins.json
[30Jul2026 00:21:20.113] [main/DEBUG] [mixin/]: Mixin config fabric-data-attachment-api-v1.client.mixins.json does not specify "minVersion" property
[30Jul2026 00:21:20.113] [main/DEBUG] [mixin/]: Adding mixin platform agents for container SecureJarResource(mixinextras)
[30Jul2026 00:21:20.113] [main/DEBUG] [mixin/]: Instancing new MixinPlatformAgentMinecraftForge for SecureJarResource(mixinextras)
[30Jul2026 00:21:20.113] [main/DEBUG] [mixin/]: MixinPlatformAgentMinecraftForge rejected container SecureJarResource(mixinextras)
[30Jul2026 00:21:20.113] [main/DEBUG] [mixin/]: Instancing new MixinPlatformAgentDefault for SecureJarResource(mixinextras)
[30Jul2026 00:21:20.113] [main/DEBUG] [mixin/]: MixinPlatformAgentDefault accepted container SecureJarResource(mixinextras)
[30Jul2026 00:21:20.113] [main/DEBUG] [mixin/]: Processing prepare() for PlatformAgent[MixinPlatformAgentDefault:SecureJarResource(mixinextras)]
[30Jul2026 00:21:20.113] [main/DEBUG] [mixin/]: Registering mixin config: mixinextras.init.mixins.json
[30Jul2026 00:21:20.114] [main/DEBUG] [mixin/]: Adding mixin platform agents for container SecureJarResource(midnightlib)
[30Jul2026 00:21:20.114] [main/DEBUG] [mixin/]: Instancing new MixinPlatformAgentMinecraftForge for SecureJarResource(midnightlib)
[30Jul2026 00:21:20.114] [main/DEBUG] [mixin/]: MixinPlatformAgentMinecraftForge rejected container SecureJarResource(midnightlib)
[30Jul2026 00:21:20.115] [main/DEBUG] [mixin/]: Instancing new MixinPlatformAgentDefault for SecureJarResource(midnightlib)
[30Jul2026 00:21:20.115] [main/DEBUG] [mixin/]: MixinPlatformAgentDefault accepted container SecureJarResource(midnightlib)
[30Jul2026 00:21:20.115] [main/DEBUG] [mixin/]: Processing prepare() for PlatformAgent[MixinPlatformAgentDefault:SecureJarResource(midnightlib)]
[30Jul2026 00:21:20.115] [main/DEBUG] [mixin/]: Registering mixin config: midnightlib.mixins.json
[30Jul2026 00:21:20.116] [main/DEBUG] [mixin/]: Adding mixin platform agents for container SecureJarResource(starlight)
[30Jul2026 00:21:20.116] [main/DEBUG] [mixin/]: Instancing new MixinPlatformAgentMinecraftForge for SecureJarResource(starlight)
[30Jul2026 00:21:20.116] [main/DEBUG] [mixin/]: MixinPlatformAgentMinecraftForge rejected container SecureJarResource(starlight)
[30Jul2026 00:21:20.116] [main/DEBUG] [mixin/]: Instancing new MixinPlatformAgentDefault for SecureJarResource(starlight)
[30Jul2026 00:21:20.116] [main/DEBUG] [mixin/]: MixinPlatformAgentDefault accepted container SecureJarResource(starlight)
[30Jul2026 00:21:20.116] [main/DEBUG] [mixin/]: Processing prepare() for PlatformAgent[MixinPlatformAgentDefault:SecureJarResource(starlight)]
[30Jul2026 00:21:20.116] [main/DEBUG] [mixin/]: Registering mixin config: starlight.mixins.json
[30Jul2026 00:21:20.118] [main/DEBUG] [mixin/]: Adding mixin platform agents for container SecureJarResource(mts)
[30Jul2026 00:21:20.118] [main/DEBUG] [mixin/]: Instancing new MixinPlatformAgentMinecraftForge for SecureJarResource(mts)
[30Jul2026 00:21:20.118] [main/DEBUG] [mixin/]: MixinPlatformAgentMinecraftForge rejected container SecureJarResource(mts)
[30Jul2026 00:21:20.118] [main/DEBUG] [mixin/]: Instancing new MixinPlatformAgentDefault for SecureJarResource(mts)
[30Jul2026 00:21:20.118] [main/DEBUG] [mixin/]: MixinPlatformAgentDefault accepted container SecureJarResource(mts)
[30Jul2026 00:21:20.118] [main/DEBUG] [mixin/]: Processing prepare() for PlatformAgent[MixinPlatformAgentDefault:SecureJarResource(mts)]
[30Jul2026 00:21:20.118] [main/DEBUG] [mixin/]: Registering mixin config: mts.mixins.json
[30Jul2026 00:21:20.120] [main/DEBUG] [mixin/]: Adding mixin platform agents for container SecureJarResource(fabric_screen_api_v1)
[30Jul2026 00:21:20.120] [main/DEBUG] [mixin/]: Instancing new MixinPlatformAgentMinecraftForge for SecureJarResource(fabric_screen_api_v1)
[30Jul2026 00:21:20.120] [main/DEBUG] [mixin/]: MixinPlatformAgentMinecraftForge rejected container SecureJarResource(fabric_screen_api_v1)
[30Jul2026 00:21:20.120] [main/DEBUG] [mixin/]: Instancing new MixinPlatformAgentDefault for SecureJarResource(fabric_screen_api_v1)
[30Jul2026 00:21:20.120] [main/DEBUG] [mixin/]: MixinPlatformAgentDefault accepted container SecureJarResource(fabric_screen_api_v1)
[30Jul2026 00:21:20.120] [main/DEBUG] [mixin/]: Processing prepare() for PlatformAgent[MixinPlatformAgentDefault:SecureJarResource(fabric_screen_api_v1)]
[30Jul2026 00:21:20.120] [main/DEBUG] [mixin/]: Registering mixin config: fabric-screen-api-v1.mixins.json
[30Jul2026 00:21:20.121] [main/DEBUG] [mixin/]: Compatibility level JAVA_16 specified by fabric-screen-api-v1.mixins.json is higher than the maximum level supported by this version of mixin (JAVA_13).
[30Jul2026 00:21:20.122] [main/DEBUG] [mixin/]: Adding mixin platform agents for container SecureJarResource(memoryleakfix)
[30Jul2026 00:21:20.122] [main/DEBUG] [mixin/]: Instancing new MixinPlatformAgentMinecraftForge for SecureJarResource(memoryleakfix)
[30Jul2026 00:21:20.122] [main/DEBUG] [mixin/]: MixinPlatformAgentMinecraftForge rejected container SecureJarResource(memoryleakfix)
[30Jul2026 00:21:20.122] [main/DEBUG] [mixin/]: Instancing new MixinPlatformAgentDefault for SecureJarResource(memoryleakfix)
[30Jul2026 00:21:20.122] [main/DEBUG] [mixin/]: MixinPlatformAgentDefault accepted container SecureJarResource(memoryleakfix)
[30Jul2026 00:21:20.122] [main/DEBUG] [mixin/]: Processing prepare() for PlatformAgent[MixinPlatformAgentDefault:SecureJarResource(memoryleakfix)]
[30Jul2026 00:21:20.122] [main/DEBUG] [mixin/]: Registering mixin config: memoryleakfix.mixins.json
[30Jul2026 00:21:20.123] [main/DEBUG] [mixin/]: Compatibility level JAVA_8 specified by memoryleakfix.mixins.json is lower than the default level supported by the current mixin service (JAVA_16).
[30Jul2026 00:21:20.123] [main/DEBUG] [mixin/]: Adding mixin platform agents for container SecureJarResource(fabric_particles_v1)
[30Jul2026 00:21:20.123] [main/DEBUG] [mixin/]: Instancing new MixinPlatformAgentMinecraftForge for SecureJarResource(fabric_particles_v1)
[30Jul2026 00:21:20.123] [main/DEBUG] [mixin/]: MixinPlatformAgentMinecraftForge rejected container SecureJarResource(fabric_particles_v1)
[30Jul2026 00:21:20.123] [main/DEBUG] [mixin/]: Instancing new MixinPlatformAgentDefault for SecureJarResource(fabric_particles_v1)
[30Jul2026 00:21:20.124] [main/DEBUG] [mixin/]: MixinPlatformAgentDefault accepted container SecureJarResource(fabric_particles_v1)
[30Jul2026 00:21:20.124] [main/DEBUG] [mixin/]: Processing prepare() for PlatformAgent[MixinPlatformAgentDefault:SecureJarResource(fabric_particles_v1)]
[30Jul2026 00:21:20.124] [main/DEBUG] [mixin/]: Registering mixin config: fabric-particles-v1.client.mixins.json
[30Jul2026 00:21:20.125] [main/DEBUG] [mixin/]: Compatibility level JAVA_16 specified by fabric-particles-v1.client.mixins.json is higher than the maximum level supported by this version of mixin (JAVA_13).
[30Jul2026 00:21:20.125] [main/DEBUG] [mixin/]: Adding mixin platform agents for container SecureJarResource(cloth_config)
[30Jul2026 00:21:20.125] [main/DEBUG] [mixin/]: Instancing new MixinPlatformAgentMinecraftForge for SecureJarResource(cloth_config)
[30Jul2026 00:21:20.125] [main/DEBUG] [mixin/]: MixinPlatformAgentMinecraftForge rejected container SecureJarResource(cloth_config)
[30Jul2026 00:21:20.125] [main/DEBUG] [mixin/]: Instancing new MixinPlatformAgentDefault for SecureJarResource(cloth_config)
[30Jul2026 00:21:20.125] [main/DEBUG] [mixin/]: MixinPlatformAgentDefault accepted container SecureJarResource(cloth_config)
[30Jul2026 00:21:20.125] [main/DEBUG] [mixin/]: Processing prepare() for PlatformAgent[MixinPlatformAgentDefault:SecureJarResource(cloth_config)]
[30Jul2026 00:21:20.125] [main/DEBUG] [mixin/]: Adding mixin platform agents for container SecureJarResource(forge)
[30Jul2026 00:21:20.125] [main/DEBUG] [mixin/]: Instancing new MixinPlatformAgentMinecraftForge for SecureJarResource(forge)
[30Jul2026 00:21:20.126] [main/DEBUG] [mixin/]: MixinPlatformAgentMinecraftForge rejected container SecureJarResource(forge)
[30Jul2026 00:21:20.126] [main/DEBUG] [mixin/]: Instancing new MixinPlatformAgentDefault for SecureJarResource(forge)
[30Jul2026 00:21:20.126] [main/DEBUG] [mixin/]: MixinPlatformAgentDefault accepted container SecureJarResource(forge)
[30Jul2026 00:21:20.126] [main/DEBUG] [mixin/]: Processing prepare() for PlatformAgent[MixinPlatformAgentDefault:SecureJarResource(forge)]
[30Jul2026 00:21:20.126] [main/DEBUG] [mixin/]: Adding mixin platform agents for container SecureJarResource(fabric_api)
[30Jul2026 00:21:20.126] [main/DEBUG] [mixin/]: Instancing new MixinPlatformAgentMinecraftForge for SecureJarResource(fabric_api)
[30Jul2026 00:21:20.126] [main/DEBUG] [mixin/]: MixinPlatformAgentMinecraftForge rejected container SecureJarResource(fabric_api)
[30Jul2026 00:21:20.126] [main/DEBUG] [mixin/]: Instancing new MixinPlatformAgentDefault for SecureJarResource(fabric_api)
[30Jul2026 00:21:20.126] [main/DEBUG] [mixin/]: MixinPlatformAgentDefault accepted container SecureJarResource(fabric_api)
[30Jul2026 00:21:20.126] [main/DEBUG] [mixin/]: Processing prepare() for PlatformAgent[MixinPlatformAgentDefault:SecureJarResource(fabric_api)]
[30Jul2026 00:21:20.126] [main/DEBUG] [mixin/]: Adding mixin platform agents for container SecureJarResource(fabric_content_registries_v0)
[30Jul2026 00:21:20.126] [main/DEBUG] [mixin/]: Instancing new MixinPlatformAgentMinecraftForge for SecureJarResource(fabric_content_registries_v0)
[30Jul2026 00:21:20.126] [main/DEBUG] [mixin/]: MixinPlatformAgentMinecraftForge rejected container SecureJarResource(fabric_content_registries_v0)
[30Jul2026 00:21:20.126] [main/DEBUG] [mixin/]: Instancing new MixinPlatformAgentDefault for SecureJarResource(fabric_content_registries_v0)
[30Jul2026 00:21:20.126] [main/DEBUG] [mixin/]: MixinPlatformAgentDefault accepted container SecureJarResource(fabric_content_registries_v0)
[30Jul2026 00:21:20.126] [main/DEBUG] [mixin/]: Processing prepare() for PlatformAgent[MixinPlatformAgentDefault:SecureJarResource(fabric_content_registries_v0)]
[30Jul2026 00:21:20.126] [main/DEBUG] [mixin/]: Registering mixin config: fabric-content-registries-v0.mixins.json
[30Jul2026 00:21:20.128] [main/DEBUG] [mixin/]: Compatibility level JAVA_16 specified by fabric-content-registries-v0.mixins.json is higher than the maximum level supported by this version of mixin (JAVA_13).
[30Jul2026 00:21:20.128] [main/DEBUG] [mixin/]: Adding mixin platform agents for container SecureJarResource(fabric_transitive_access_wideners_v1)
[30Jul2026 00:21:20.128] [main/DEBUG] [mixin/]: Instancing new MixinPlatformAgentMinecraftForge for SecureJarResource(fabric_transitive_access_wideners_v1)
[30Jul2026 00:21:20.128] [main/DEBUG] [mixin/]: MixinPlatformAgentMinecraftForge rejected container SecureJarResource(fabric_transitive_access_wideners_v1)
[30Jul2026 00:21:20.128] [main/DEBUG] [mixin/]: Instancing new MixinPlatformAgentDefault for SecureJarResource(fabric_transitive_access_wideners_v1)
[30Jul2026 00:21:20.128] [main/DEBUG] [mixin/]: MixinPlatformAgentDefault accepted container SecureJarResource(fabric_transitive_access_wideners_v1)
[30Jul2026 00:21:20.128] [main/DEBUG] [mixin/]: Processing prepare() for PlatformAgent[MixinPlatformAgentDefault:SecureJarResource(fabric_transitive_access_wideners_v1)]
[30Jul2026 00:21:20.128] [main/DEBUG] [mixin/]: Adding mixin platform agents for container SecureJarResource(minecraft)
[30Jul2026 00:21:20.128] [main/DEBUG] [mixin/]: Instancing new MixinPlatformAgentMinecraftForge for SecureJarResource(minecraft)
[30Jul2026 00:21:20.128] [main/DEBUG] [mixin/]: MixinPlatformAgentMinecraftForge rejected container SecureJarResource(minecraft)
[30Jul2026 00:21:20.128] [main/DEBUG] [mixin/]: Instancing new MixinPlatformAgentDefault for SecureJarResource(minecraft)
[30Jul2026 00:21:20.128] [main/DEBUG] [mixin/]: MixinPlatformAgentDefault accepted container SecureJarResource(minecraft)
[30Jul2026 00:21:20.128] [main/DEBUG] [mixin/]: Processing prepare() for PlatformAgent[MixinPlatformAgentDefault:SecureJarResource(minecraft)]
[30Jul2026 00:21:20.128] [main/DEBUG] [mixin/]: Adding mixin platform agents for container SecureJarResource(mtsofficialpack)
[30Jul2026 00:21:20.128] [main/DEBUG] [mixin/]: Instancing new MixinPlatformAgentMinecraftForge for SecureJarResource(mtsofficialpack)
[30Jul2026 00:21:20.128] [main/DEBUG] [mixin/]: MixinPlatformAgentMinecraftForge rejected container SecureJarResource(mtsofficialpack)
[30Jul2026 00:21:20.129] [main/DEBUG] [mixin/]: Instancing new MixinPlatformAgentDefault for SecureJarResource(mtsofficialpack)
[30Jul2026 00:21:20.129] [main/DEBUG] [mixin/]: MixinPlatformAgentDefault accepted container SecureJarResource(mtsofficialpack)
[30Jul2026 00:21:20.129] [main/DEBUG] [mixin/]: Processing prepare() for PlatformAgent[MixinPlatformAgentDefault:SecureJarResource(mtsofficialpack)]
[30Jul2026 00:21:20.129] [main/DEBUG] [mixin/]: Adding mixin platform agents for container SecureJarResource(fabric_game_rule_api_v1)
[30Jul2026 00:21:20.129] [main/DEBUG] [mixin/]: Instancing new MixinPlatformAgentMinecraftForge for SecureJarResource(fabric_game_rule_api_v1)
[30Jul2026 00:21:20.129] [main/DEBUG] [mixin/]: MixinPlatformAgentMinecraftForge rejected container SecureJarResource(fabric_game_rule_api_v1)
[30Jul2026 00:21:20.129] [main/DEBUG] [mixin/]: Instancing new MixinPlatformAgentDefault for SecureJarResource(fabric_game_rule_api_v1)
[30Jul2026 00:21:20.129] [main/DEBUG] [mixin/]: MixinPlatformAgentDefault accepted container SecureJarResource(fabric_game_rule_api_v1)
[30Jul2026 00:21:20.129] [main/DEBUG] [mixin/]: Processing prepare() for PlatformAgent[MixinPlatformAgentDefault:SecureJarResource(fabric_game_rule_api_v1)]
[30Jul2026 00:21:20.129] [main/DEBUG] [mixin/]: Registering mixin config: fabric-game-rule-api-v1.mixins.json
[30Jul2026 00:21:20.131] [main/DEBUG] [mixin/]: Compatibility level JAVA_16 specified by fabric-game-rule-api-v1.mixins.json is higher than the maximum level supported by this version of mixin (JAVA_13).
[30Jul2026 00:21:20.131] [main/DEBUG] [mixin/]: Registering mixin config: fabric-game-rule-api-v1.client.mixins.json
[30Jul2026 00:21:20.132] [main/DEBUG] [mixin/]: Compatibility level JAVA_16 specified by fabric-game-rule-api-v1.client.mixins.json is higher than the maximum level supported by this version of mixin (JAVA_13).
[30Jul2026 00:21:20.132] [main/DEBUG] [mixin/]: Adding mixin platform agents for container SecureJarResource(fabric_api_base)
[30Jul2026 00:21:20.132] [main/DEBUG] [mixin/]: Instancing new MixinPlatformAgentMinecraftForge for SecureJarResource(fabric_api_base)
[30Jul2026 00:21:20.132] [main/DEBUG] [mixin/]: MixinPlatformAgentMinecraftForge rejected container SecureJarResource(fabric_api_base)
[30Jul2026 00:21:20.132] [main/DEBUG] [mixin/]: Instancing new MixinPlatformAgentDefault for SecureJarResource(fabric_api_base)
[30Jul2026 00:21:20.132] [main/DEBUG] [mixin/]: MixinPlatformAgentDefault accepted container SecureJarResource(fabric_api_base)
[30Jul2026 00:21:20.133] [main/DEBUG] [mixin/]: Processing prepare() for PlatformAgent[MixinPlatformAgentDefault:SecureJarResource(fabric_api_base)]
[30Jul2026 00:21:20.133] [main/DEBUG] [mixin/]: Registering mixin config: fabric-api-base.init.mixins.json
[30Jul2026 00:21:20.134] [main/DEBUG] [mixin/]: Adding mixin platform agents for container SecureJarResource(fabric_api_lookup_api_v1)
[30Jul2026 00:21:20.134] [main/DEBUG] [mixin/]: Instancing new MixinPlatformAgentMinecraftForge for SecureJarResource(fabric_api_lookup_api_v1)
[30Jul2026 00:21:20.134] [main/DEBUG] [mixin/]: MixinPlatformAgentMinecraftForge rejected container SecureJarResource(fabric_api_lookup_api_v1)
[30Jul2026 00:21:20.134] [main/DEBUG] [mixin/]: Instancing new MixinPlatformAgentDefault for SecureJarResource(fabric_api_lookup_api_v1)
[30Jul2026 00:21:20.134] [main/DEBUG] [mixin/]: MixinPlatformAgentDefault accepted container SecureJarResource(fabric_api_lookup_api_v1)
[30Jul2026 00:21:20.134] [main/DEBUG] [mixin/]: Processing prepare() for PlatformAgent[MixinPlatformAgentDefault:SecureJarResource(fabric_api_lookup_api_v1)]
[30Jul2026 00:21:20.134] [main/DEBUG] [mixin/]: Registering mixin config: fabric-api-lookup-api-v1.mixins.json
[30Jul2026 00:21:20.135] [main/DEBUG] [mixin/]: Compatibility level JAVA_16 specified by fabric-api-lookup-api-v1.mixins.json is higher than the maximum level supported by this version of mixin (JAVA_13).
[30Jul2026 00:21:20.136] [main/DEBUG] [mixin/]: Adding mixin platform agents for container SecureJarResource(fabric_blockrenderlayer_v1)
[30Jul2026 00:21:20.136] [main/DEBUG] [mixin/]: Instancing new MixinPlatformAgentMinecraftForge for SecureJarResource(fabric_blockrenderlayer_v1)
[30Jul2026 00:21:20.136] [main/DEBUG] [mixin/]: MixinPlatformAgentMinecraftForge rejected container SecureJarResource(fabric_blockrenderlayer_v1)
[30Jul2026 00:21:20.136] [main/DEBUG] [mixin/]: Instancing new MixinPlatformAgentDefault for SecureJarResource(fabric_blockrenderlayer_v1)
[30Jul2026 00:21:20.136] [main/DEBUG] [mixin/]: MixinPlatformAgentDefault accepted container SecureJarResource(fabric_blockrenderlayer_v1)
[30Jul2026 00:21:20.136] [main/DEBUG] [mixin/]: Processing prepare() for PlatformAgent[MixinPlatformAgentDefault:SecureJarResource(fabric_blockrenderlayer_v1)]
[30Jul2026 00:21:20.136] [main/DEBUG] [mixin/]: Registering mixin config: fabric-blockrenderlayer-v1.mixins.json
[30Jul2026 00:21:20.138] [main/DEBUG] [mixin/]: Adding mixin platform agents for container SecureJarResource(creativecore)
[30Jul2026 00:21:20.138] [main/DEBUG] [mixin/]: Instancing new MixinPlatformAgentMinecraftForge for SecureJarResource(creativecore)
[30Jul2026 00:21:20.138] [main/DEBUG] [mixin/]: MixinPlatformAgentMinecraftForge rejected container SecureJarResource(creativecore)
[30Jul2026 00:21:20.138] [main/DEBUG] [mixin/]: Instancing new MixinPlatformAgentDefault for SecureJarResource(creativecore)
[30Jul2026 00:21:20.138] [main/DEBUG] [mixin/]: MixinPlatformAgentDefault accepted container SecureJarResource(creativecore)
[30Jul2026 00:21:20.138] [main/DEBUG] [mixin/]: Processing prepare() for PlatformAgent[MixinPlatformAgentDefault:SecureJarResource(creativecore)]
[30Jul2026 00:21:20.138] [main/DEBUG] [mixin/]: Registering mixin config: creativecore.mixins.json
[30Jul2026 00:21:20.140] [main/DEBUG] [mixin/]: Registering mixin config: creativecore.forge.mixins.json
[30Jul2026 00:21:20.141] [main/DEBUG] [mixin/]: Adding mixin platform agents for container SecureJarResource(fabric_block_api_v1)
[30Jul2026 00:21:20.144] [main/DEBUG] [mixin/]: Instancing new MixinPlatformAgentMinecraftForge for SecureJarResource(fabric_block_api_v1)
[30Jul2026 00:21:20.144] [main/DEBUG] [mixin/]: MixinPlatformAgentMinecraftForge rejected container SecureJarResource(fabric_block_api_v1)
[30Jul2026 00:21:20.144] [main/DEBUG] [mixin/]: Instancing new MixinPlatformAgentDefault for SecureJarResource(fabric_block_api_v1)
[30Jul2026 00:21:20.144] [main/DEBUG] [mixin/]: MixinPlatformAgentDefault accepted container SecureJarResource(fabric_block_api_v1)
[30Jul2026 00:21:20.144] [main/DEBUG] [mixin/]: Processing prepare() for PlatformAgent[MixinPlatformAgentDefault:SecureJarResource(fabric_block_api_v1)]
[30Jul2026 00:21:20.144] [main/DEBUG] [mixin/]: Adding mixin platform agents for container SecureJarResource(fabric_resource_conditions_api_v1)
[30Jul2026 00:21:20.144] [main/DEBUG] [mixin/]: Instancing new MixinPlatformAgentMinecraftForge for SecureJarResource(fabric_resource_conditions_api_v1)
[30Jul2026 00:21:20.144] [main/DEBUG] [mixin/]: MixinPlatformAgentMinecraftForge rejected container SecureJarResource(fabric_resource_conditions_api_v1)
[30Jul2026 00:21:20.144] [main/DEBUG] [mixin/]: Instancing new MixinPlatformAgentDefault for SecureJarResource(fabric_resource_conditions_api_v1)
[30Jul2026 00:21:20.144] [main/DEBUG] [mixin/]: MixinPlatformAgentDefault accepted container SecureJarResource(fabric_resource_conditions_api_v1)
[30Jul2026 00:21:20.144] [main/DEBUG] [mixin/]: Processing prepare() for PlatformAgent[MixinPlatformAgentDefault:SecureJarResource(fabric_resource_conditions_api_v1)]
[30Jul2026 00:21:20.144] [main/DEBUG] [mixin/]: Registering mixin config: fabric-resource-conditions-api-v1.mixins.json
[30Jul2026 00:21:20.145] [main/DEBUG] [mixin/]: Compatibility level JAVA_16 specified by fabric-resource-conditions-api-v1.mixins.json is higher than the maximum level supported by this version of mixin (JAVA_13).
[30Jul2026 00:21:20.147] [main/DEBUG] [mixin/]: Adding mixin platform agents for container SecureJarResource(ksyxis)
[30Jul2026 00:21:20.147] [main/DEBUG] [mixin/]: Instancing new MixinPlatformAgentMinecraftForge for SecureJarResource(ksyxis)
[30Jul2026 00:21:20.148] [main/DEBUG] [mixin/]: MixinPlatformAgentMinecraftForge rejected container SecureJarResource(ksyxis)
[30Jul2026 00:21:20.148] [main/DEBUG] [mixin/]: Instancing new MixinPlatformAgentDefault for SecureJarResource(ksyxis)
[30Jul2026 00:21:20.148] [main/DEBUG] [mixin/]: MixinPlatformAgentDefault accepted container SecureJarResource(ksyxis)
[30Jul2026 00:21:20.148] [main/DEBUG] [mixin/]: Processing prepare() for PlatformAgent[MixinPlatformAgentDefault:SecureJarResource(ksyxis)]
[30Jul2026 00:21:20.148] [main/DEBUG] [mixin/]: Registering mixin config: ksyxis.mixins.json
[30Jul2026 00:21:20.150] [main/DEBUG] [mixin/]: Compatibility level JAVA_8 specified by ksyxis.mixins.json is lower than the default level supported by the current mixin service (JAVA_16).
[30Jul2026 00:21:20.153] [main/DEBUG] [mixin/]: Adding mixin platform agents for container SecureJarResource(lrtactical)
[30Jul2026 00:21:20.153] [main/DEBUG] [mixin/]: Instancing new MixinPlatformAgentMinecraftForge for SecureJarResource(lrtactical)
[30Jul2026 00:21:20.153] [main/DEBUG] [mixin/]: MixinPlatformAgentMinecraftForge rejected container SecureJarResource(lrtactical)
[30Jul2026 00:21:20.153] [main/DEBUG] [mixin/]: Instancing new MixinPlatformAgentDefault for SecureJarResource(lrtactical)
[30Jul2026 00:21:20.153] [main/DEBUG] [mixin/]: MixinPlatformAgentDefault accepted container SecureJarResource(lrtactical)
[30Jul2026 00:21:20.153] [main/DEBUG] [mixin/]: Processing prepare() for PlatformAgent[MixinPlatformAgentDefault:SecureJarResource(lrtactical)]
[30Jul2026 00:21:20.153] [main/DEBUG] [mixin/]: Registering mixin config: lrtactical.mixins.json
[30Jul2026 00:21:20.154] [main/DEBUG] [mixin/]: Compatibility level JAVA_8 specified by lrtactical.mixins.json is lower than the default level supported by the current mixin service (JAVA_16).
[30Jul2026 00:21:20.155] [main/DEBUG] [mixin/]: Adding mixin platform agents for container SecureJarResource(kotlinforforge)
[30Jul2026 00:21:20.155] [main/DEBUG] [mixin/]: Instancing new MixinPlatformAgentMinecraftForge for SecureJarResource(kotlinforforge)
[30Jul2026 00:21:20.155] [main/DEBUG] [mixin/]: MixinPlatformAgentMinecraftForge rejected container SecureJarResource(kotlinforforge)
[30Jul2026 00:21:20.155] [main/DEBUG] [mixin/]: Instancing new MixinPlatformAgentDefault for SecureJarResource(kotlinforforge)
[30Jul2026 00:21:20.155] [main/DEBUG] [mixin/]: MixinPlatformAgentDefault accepted container SecureJarResource(kotlinforforge)
[30Jul2026 00:21:20.155] [main/DEBUG] [mixin/]: Processing prepare() for PlatformAgent[MixinPlatformAgentDefault:SecureJarResource(kotlinforforge)]
[30Jul2026 00:21:20.155] [main/DEBUG] [mixin/]: Adding mixin platform agents for container SecureJarResource(com_moulberry_axiomclientapi)
[30Jul2026 00:21:20.155] [main/DEBUG] [mixin/]: Instancing new MixinPlatformAgentMinecraftForge for SecureJarResource(com_moulberry_axiomclientapi)
[30Jul2026 00:21:20.155] [main/DEBUG] [mixin/]: MixinPlatformAgentMinecraftForge rejected container SecureJarResource(com_moulberry_axiomclientapi)
[30Jul2026 00:21:20.155] [main/DEBUG] [mixin/]: Instancing new MixinPlatformAgentDefault for SecureJarResource(com_moulberry_axiomclientapi)
[30Jul2026 00:21:20.155] [main/DEBUG] [mixin/]: MixinPlatformAgentDefault accepted container SecureJarResource(com_moulberry_axiomclientapi)
[30Jul2026 00:21:20.155] [main/DEBUG] [mixin/]: Processing prepare() for PlatformAgent[MixinPlatformAgentDefault:SecureJarResource(com_moulberry_axiomclientapi)]
[30Jul2026 00:21:20.155] [main/DEBUG] [mixin/]: Adding mixin platform agents for container SecureJarResource(simplebedrockmodel)
[30Jul2026 00:21:20.155] [main/DEBUG] [mixin/]: Instancing new MixinPlatformAgentMinecraftForge for SecureJarResource(simplebedrockmodel)
[30Jul2026 00:21:20.155] [main/DEBUG] [mixin/]: MixinPlatformAgentMinecraftForge rejected container SecureJarResource(simplebedrockmodel)
[30Jul2026 00:21:20.155] [main/DEBUG] [mixin/]: Instancing new MixinPlatformAgentDefault for SecureJarResource(simplebedrockmodel)
[30Jul2026 00:21:20.155] [main/DEBUG] [mixin/]: MixinPlatformAgentDefault accepted container SecureJarResource(simplebedrockmodel)
[30Jul2026 00:21:20.157] [main/DEBUG] [mixin/]: Processing prepare() for PlatformAgent[MixinPlatformAgentDefault:SecureJarResource(simplebedrockmodel)]
[30Jul2026 00:21:20.157] [main/DEBUG] [mixin/]: Registering mixin config: simplebedrockmodel.mixins.json
[30Jul2026 00:21:20.159] [main/DEBUG] [mixin/]: Compatibility level JAVA_8 specified by simplebedrockmodel.mixins.json is lower than the default level supported by the current mixin service (JAVA_16).
[30Jul2026 00:21:20.159] [main/DEBUG] [mixin/]: Adding mixin platform agents for container SecureJarResource(fabric_item_group_api_v1)
[30Jul2026 00:21:20.159] [main/DEBUG] [mixin/]: Instancing new MixinPlatformAgentMinecraftForge for SecureJarResource(fabric_item_group_api_v1)
[30Jul2026 00:21:20.159] [main/DEBUG] [mixin/]: MixinPlatformAgentMinecraftForge rejected container SecureJarResource(fabric_item_group_api_v1)
[30Jul2026 00:21:20.159] [main/DEBUG] [mixin/]: Instancing new MixinPlatformAgentDefault for SecureJarResource(fabric_item_group_api_v1)
[30Jul2026 00:21:20.159] [main/DEBUG] [mixin/]: MixinPlatformAgentDefault accepted container SecureJarResource(fabric_item_group_api_v1)
[30Jul2026 00:21:20.159] [main/DEBUG] [mixin/]: Processing prepare() for PlatformAgent[MixinPlatformAgentDefault:SecureJarResource(fabric_item_group_api_v1)]
[30Jul2026 00:21:20.159] [main/DEBUG] [mixin/]: Registering mixin config: fabric-item-group-api-v1.mixins.json
[30Jul2026 00:21:20.161] [main/DEBUG] [mixin/]: Mixin config fabric-item-group-api-v1.mixins.json does not specify "minVersion" property
[30Jul2026 00:21:20.161] [main/DEBUG] [mixin/]: Registering mixin config: fabric-item-group-api-v1.client.mixins.json
[30Jul2026 00:21:20.162] [main/DEBUG] [mixin/]: Mixin config fabric-item-group-api-v1.client.mixins.json does not specify "minVersion" property
[30Jul2026 00:21:20.162] [main/DEBUG] [mixin/]: Adding mixin platform agents for container SecureJarResource(com_moulberry_mixinconstraints)
[30Jul2026 00:21:20.162] [main/DEBUG] [mixin/]: Instancing new MixinPlatformAgentMinecraftForge for SecureJarResource(com_moulberry_mixinconstraints)
[30Jul2026 00:21:20.163] [main/DEBUG] [mixin/]: MixinPlatformAgentMinecraftForge rejected container SecureJarResource(com_moulberry_mixinconstraints)
[30Jul2026 00:21:20.163] [main/DEBUG] [mixin/]: Instancing new MixinPlatformAgentDefault for SecureJarResource(com_moulberry_mixinconstraints)
[30Jul2026 00:21:20.163] [main/DEBUG] [mixin/]: MixinPlatformAgentDefault accepted container SecureJarResource(com_moulberry_mixinconstraints)
[30Jul2026 00:21:20.163] [main/DEBUG] [mixin/]: Processing prepare() for PlatformAgent[MixinPlatformAgentDefault:SecureJarResource(com_moulberry_mixinconstraints)]
[30Jul2026 00:21:20.163] [main/DEBUG] [mixin/]: Adding mixin platform agents for container SecureJarResource(connectormod)
[30Jul2026 00:21:20.163] [main/DEBUG] [mixin/]: Instancing new MixinPlatformAgentMinecraftForge for SecureJarResource(connectormod)
[30Jul2026 00:21:20.163] [main/DEBUG] [mixin/]: MixinPlatformAgentMinecraftForge rejected container SecureJarResource(connectormod)
[30Jul2026 00:21:20.163] [main/DEBUG] [mixin/]: Instancing new MixinPlatformAgentDefault for SecureJarResource(connectormod)
[30Jul2026 00:21:20.163] [main/DEBUG] [mixin/]: MixinPlatformAgentDefault accepted container SecureJarResource(connectormod)
[30Jul2026 00:21:20.163] [main/DEBUG] [mixin/]: Processing prepare() for PlatformAgent[MixinPlatformAgentDefault:SecureJarResource(connectormod)]
[30Jul2026 00:21:20.163] [main/DEBUG] [mixin/]: Registering mixin config: connectormod.mixins.json
[30Jul2026 00:21:20.164] [main/DEBUG] [mixin/]: Adding mixin platform agents for container SecureJarResource(fabric_biome_api_v1)
[30Jul2026 00:21:20.164] [main/DEBUG] [mixin/]: Instancing new MixinPlatformAgentMinecraftForge for SecureJarResource(fabric_biome_api_v1)
[30Jul2026 00:21:20.164] [main/DEBUG] [mixin/]: MixinPlatformAgentMinecraftForge rejected container SecureJarResource(fabric_biome_api_v1)
[30Jul2026 00:21:20.165] [main/DEBUG] [mixin/]: Instancing new MixinPlatformAgentDefault for SecureJarResource(fabric_biome_api_v1)
[30Jul2026 00:21:20.165] [main/DEBUG] [mixin/]: MixinPlatformAgentDefault accepted container SecureJarResource(fabric_biome_api_v1)
[30Jul2026 00:21:20.165] [main/DEBUG] [mixin/]: Processing prepare() for PlatformAgent[MixinPlatformAgentDefault:SecureJarResource(fabric_biome_api_v1)]
[30Jul2026 00:21:20.165] [main/DEBUG] [mixin/]: Registering mixin config: fabric-biome-api-v1.mixins.json
[30Jul2026 00:21:20.166] [main/DEBUG] [mixin/]: Compatibility level JAVA_16 specified by fabric-biome-api-v1.mixins.json is higher than the maximum level supported by this version of mixin (JAVA_13).
[30Jul2026 00:21:20.166] [main/DEBUG] [mixin/]: Adding mixin platform agents for container SecureJarResource(fabric_entity_events_v1)
[30Jul2026 00:21:20.166] [main/DEBUG] [mixin/]: Instancing new MixinPlatformAgentMinecraftForge for SecureJarResource(fabric_entity_events_v1)
[30Jul2026 00:21:20.166] [main/DEBUG] [mixin/]: MixinPlatformAgentMinecraftForge rejected container SecureJarResource(fabric_entity_events_v1)
[30Jul2026 00:21:20.166] [main/DEBUG] [mixin/]: Instancing new MixinPlatformAgentDefault for SecureJarResource(fabric_entity_events_v1)
[30Jul2026 00:21:20.166] [main/DEBUG] [mixin/]: MixinPlatformAgentDefault accepted container SecureJarResource(fabric_entity_events_v1)
[30Jul2026 00:21:20.166] [main/DEBUG] [mixin/]: Processing prepare() for PlatformAgent[MixinPlatformAgentDefault:SecureJarResource(fabric_entity_events_v1)]
[30Jul2026 00:21:20.166] [main/DEBUG] [mixin/]: Registering mixin config: fabric-entity-events-v1.mixins.json
[30Jul2026 00:21:20.168] [main/DEBUG] [mixin/]: Compatibility level JAVA_16 specified by fabric-entity-events-v1.mixins.json is higher than the maximum level supported by this version of mixin (JAVA_13).
[30Jul2026 00:21:20.168] [main/DEBUG] [mixin/]: Registering mixin config: fabric-entity-events-v1.client.mixins.json
[30Jul2026 00:21:20.169] [main/DEBUG] [mixin/]: Compatibility level JAVA_16 specified by fabric-entity-events-v1.client.mixins.json is higher than the maximum level supported by this version of mixin (JAVA_13).
[30Jul2026 00:21:20.169] [main/DEBUG] [mixin/]: Adding mixin platform agents for container SecureJarResource(fabric_registry_sync_v0)
[30Jul2026 00:21:20.169] [main/DEBUG] [mixin/]: Instancing new MixinPlatformAgentMinecraftForge for SecureJarResource(fabric_registry_sync_v0)
[30Jul2026 00:21:20.170] [main/DEBUG] [mixin/]: MixinPlatformAgentMinecraftForge rejected container SecureJarResource(fabric_registry_sync_v0)
[30Jul2026 00:21:20.170] [main/DEBUG] [mixin/]: Instancing new MixinPlatformAgentDefault for SecureJarResource(fabric_registry_sync_v0)
[30Jul2026 00:21:20.170] [main/DEBUG] [mixin/]: MixinPlatformAgentDefault accepted container SecureJarResource(fabric_registry_sync_v0)
[30Jul2026 00:21:20.170] [main/DEBUG] [mixin/]: Processing prepare() for PlatformAgent[MixinPlatformAgentDefault:SecureJarResource(fabric_registry_sync_v0)]
[30Jul2026 00:21:20.170] [main/DEBUG] [mixin/]: Registering mixin config: fabric-registry-sync-v0.mixins.json
[30Jul2026 00:21:20.171] [main/DEBUG] [mixin/]: Compatibility level JAVA_16 specified by fabric-registry-sync-v0.mixins.json is higher than the maximum level supported by this version of mixin (JAVA_13).
[30Jul2026 00:21:20.171] [main/DEBUG] [mixin/]: Registering mixin config: fabric-registry-sync-v0.client.mixins.json
[30Jul2026 00:21:20.173] [main/DEBUG] [mixin/]: Compatibility level JAVA_16 specified by fabric-registry-sync-v0.client.mixins.json is higher than the maximum level supported by this version of mixin (JAVA_13).
[30Jul2026 00:21:20.173] [main/DEBUG] [mixin/]: Adding mixin platform agents for container SecureJarResource(architectury)
[30Jul2026 00:21:20.173] [main/DEBUG] [mixin/]: Instancing new MixinPlatformAgentMinecraftForge for SecureJarResource(architectury)
[30Jul2026 00:21:20.173] [main/DEBUG] [mixin/]: MixinPlatformAgentMinecraftForge rejected container SecureJarResource(architectury)
[30Jul2026 00:21:20.173] [main/DEBUG] [mixin/]: Instancing new MixinPlatformAgentDefault for SecureJarResource(architectury)
[30Jul2026 00:21:20.173] [main/DEBUG] [mixin/]: MixinPlatformAgentDefault accepted container SecureJarResource(architectury)
[30Jul2026 00:21:20.173] [main/DEBUG] [mixin/]: Processing prepare() for PlatformAgent[MixinPlatformAgentDefault:SecureJarResource(architectury)]
[30Jul2026 00:21:20.173] [main/DEBUG] [mixin/]: Registering mixin config: architectury.mixins.json
[30Jul2026 00:21:20.174] [main/DEBUG] [mixin/]: Compatibility level JAVA_16 specified by architectury.mixins.json is higher than the maximum level supported by this version of mixin (JAVA_13).
[30Jul2026 00:21:20.175] [main/DEBUG] [mixin/]: Registering mixin config: architectury-common.mixins.json
[30Jul2026 00:21:20.176] [main/DEBUG] [mixin/]: Compatibility level JAVA_16 specified by architectury-common.mixins.json is higher than the maximum level supported by this version of mixin (JAVA_13).
[30Jul2026 00:21:20.176] [main/DEBUG] [mixin/]: Adding mixin platform agents for container SecureJarResource(fabric_recipe_api_v1)
[30Jul2026 00:21:20.176] [main/DEBUG] [mixin/]: Instancing new MixinPlatformAgentMinecraftForge for SecureJarResource(fabric_recipe_api_v1)
[30Jul2026 00:21:20.176] [main/DEBUG] [mixin/]: MixinPlatformAgentMinecraftForge rejected container SecureJarResource(fabric_recipe_api_v1)
[30Jul2026 00:21:20.176] [main/DEBUG] [mixin/]: Instancing new MixinPlatformAgentDefault for SecureJarResource(fabric_recipe_api_v1)
[30Jul2026 00:21:20.176] [main/DEBUG] [mixin/]: MixinPlatformAgentDefault accepted container SecureJarResource(fabric_recipe_api_v1)
[30Jul2026 00:21:20.176] [main/DEBUG] [mixin/]: Processing prepare() for PlatformAgent[MixinPlatformAgentDefault:SecureJarResource(fabric_recipe_api_v1)]
[30Jul2026 00:21:20.176] [main/DEBUG] [mixin/]: Registering mixin config: fabric-recipe-api-v1.mixins.json
[30Jul2026 00:21:20.177] [main/DEBUG] [mixin/]: Adding mixin platform agents for container SecureJarResource(ferritecore)
[30Jul2026 00:21:20.178] [main/DEBUG] [mixin/]: Instancing new MixinPlatformAgentMinecraftForge for SecureJarResource(ferritecore)
[30Jul2026 00:21:20.178] [main/DEBUG] [mixin/]: MixinPlatformAgentMinecraftForge rejected container SecureJarResource(ferritecore)
[30Jul2026 00:21:20.178] [main/DEBUG] [mixin/]: Instancing new MixinPlatformAgentDefault for SecureJarResource(ferritecore)
[30Jul2026 00:21:20.178] [main/DEBUG] [mixin/]: MixinPlatformAgentDefault accepted container SecureJarResource(ferritecore)
[30Jul2026 00:21:20.178] [main/DEBUG] [mixin/]: Processing prepare() for PlatformAgent[MixinPlatformAgentDefault:SecureJarResource(ferritecore)]
[30Jul2026 00:21:20.178] [main/DEBUG] [mixin/]: Registering mixin config: ferritecore.predicates.mixin.json
[30Jul2026 00:21:20.179] [main/DEBUG] [mixin/]: Registering mixin config: ferritecore.fastmap.mixin.json
[30Jul2026 00:21:20.180] [main/DEBUG] [mixin/]: Registering mixin config: ferritecore.mrl.mixin.json
[30Jul2026 00:21:20.181] [main/DEBUG] [mixin/]: Registering mixin config: ferritecore.dedupmultipart.mixin.json
[30Jul2026 00:21:20.183] [main/DEBUG] [mixin/]: Registering mixin config: ferritecore.blockstatecache.mixin.json
[30Jul2026 00:21:20.184] [main/DEBUG] [mixin/]: Registering mixin config: ferritecore.dedupbakedquad.mixin.json
[30Jul2026 00:21:20.185] [main/DEBUG] [mixin/]: Registering mixin config: ferritecore.threaddetec.mixin.json
[30Jul2026 00:21:20.186] [main/DEBUG] [mixin/]: Registering mixin config: ferritecore.modelsides.mixin.json
[30Jul2026 00:21:20.188] [main/DEBUG] [mixin/]: Adding mixin platform agents for container SecureJarResource(fabric_loot_api_v2)
[30Jul2026 00:21:20.188] [main/DEBUG] [mixin/]: Instancing new MixinPlatformAgentMinecraftForge for SecureJarResource(fabric_loot_api_v2)
[30Jul2026 00:21:20.188] [main/DEBUG] [mixin/]: MixinPlatformAgentMinecraftForge rejected container SecureJarResource(fabric_loot_api_v2)
[30Jul2026 00:21:20.188] [main/DEBUG] [mixin/]: Instancing new MixinPlatformAgentDefault for SecureJarResource(fabric_loot_api_v2)
[30Jul2026 00:21:20.188] [main/DEBUG] [mixin/]: MixinPlatformAgentDefault accepted container SecureJarResource(fabric_loot_api_v2)
[30Jul2026 00:21:20.188] [main/DEBUG] [mixin/]: Processing prepare() for PlatformAgent[MixinPlatformAgentDefault:SecureJarResource(fabric_loot_api_v2)]
[30Jul2026 00:21:20.188] [main/DEBUG] [mixin/]: Registering mixin config: fabric-loot-api-v2.mixins.json
[30Jul2026 00:21:20.189] [main/DEBUG] [mixin/]: Compatibility level JAVA_8 specified by fabric-loot-api-v2.mixins.json is lower than the default level supported by the current mixin service (JAVA_16).
[30Jul2026 00:21:20.189] [main/DEBUG] [mixin/]: Adding mixin platform agents for container SecureJarResource(fabric_object_builder_api_v1)
[30Jul2026 00:21:20.189] [main/DEBUG] [mixin/]: Instancing new MixinPlatformAgentMinecraftForge for SecureJarResource(fabric_object_builder_api_v1)
[30Jul2026 00:21:20.189] [main/DEBUG] [mixin/]: MixinPlatformAgentMinecraftForge rejected container SecureJarResource(fabric_object_builder_api_v1)
[30Jul2026 00:21:20.189] [main/DEBUG] [mixin/]: Instancing new MixinPlatformAgentDefault for SecureJarResource(fabric_object_builder_api_v1)
[30Jul2026 00:21:20.189] [main/DEBUG] [mixin/]: MixinPlatformAgentDefault accepted container SecureJarResource(fabric_object_builder_api_v1)
[30Jul2026 00:21:20.190] [main/DEBUG] [mixin/]: Processing prepare() for PlatformAgent[MixinPlatformAgentDefault:SecureJarResource(fabric_object_builder_api_v1)]
[30Jul2026 00:21:20.190] [main/DEBUG] [mixin/]: Registering mixin config: fabric-object-builder-v1.mixins.json
[30Jul2026 00:21:20.191] [main/DEBUG] [mixin/]: Compatibility level JAVA_16 specified by fabric-object-builder-v1.mixins.json is higher than the maximum level supported by this version of mixin (JAVA_13).
[30Jul2026 00:21:20.191] [main/DEBUG] [mixin/]: Adding mixin platform agents for container SecureJarResource(fabric_rendering_data_attachment_v1)
[30Jul2026 00:21:20.191] [main/DEBUG] [mixin/]: Instancing new MixinPlatformAgentMinecraftForge for SecureJarResource(fabric_rendering_data_attachment_v1)
[30Jul2026 00:21:20.191] [main/DEBUG] [mixin/]: MixinPlatformAgentMinecraftForge rejected container SecureJarResource(fabric_rendering_data_attachment_v1)
[30Jul2026 00:21:20.191] [main/DEBUG] [mixin/]: Instancing new MixinPlatformAgentDefault for SecureJarResource(fabric_rendering_data_attachment_v1)
[30Jul2026 00:21:20.191] [main/DEBUG] [mixin/]: MixinPlatformAgentDefault accepted container SecureJarResource(fabric_rendering_data_attachment_v1)
[30Jul2026 00:21:20.191] [main/DEBUG] [mixin/]: Processing prepare() for PlatformAgent[MixinPlatformAgentDefault:SecureJarResource(fabric_rendering_data_attachment_v1)]
[30Jul2026 00:21:20.191] [main/DEBUG] [mixin/]: Registering mixin config: fabric-rendering-data-attachment-v1.mixins.json
[30Jul2026 00:21:20.193] [main/DEBUG] [mixin/]: Registering mixin config: fabric-rendering-data-attachment-v1.client.mixins.json
[30Jul2026 00:21:20.194] [main/DEBUG] [mixin/]: Adding mixin platform agents for container SecureJarResource(fabric_networking_api_v1)
[30Jul2026 00:21:20.194] [main/DEBUG] [mixin/]: Instancing new MixinPlatformAgentMinecraftForge for SecureJarResource(fabric_networking_api_v1)
[30Jul2026 00:21:20.194] [main/DEBUG] [mixin/]: MixinPlatformAgentMinecraftForge rejected container SecureJarResource(fabric_networking_api_v1)
[30Jul2026 00:21:20.194] [main/DEBUG] [mixin/]: Instancing new MixinPlatformAgentDefault for SecureJarResource(fabric_networking_api_v1)
[30Jul2026 00:21:20.194] [main/DEBUG] [mixin/]: MixinPlatformAgentDefault accepted container SecureJarResource(fabric_networking_api_v1)
[30Jul2026 00:21:20.194] [main/DEBUG] [mixin/]: Processing prepare() for PlatformAgent[MixinPlatformAgentDefault:SecureJarResource(fabric_networking_api_v1)]
[30Jul2026 00:21:20.194] [main/DEBUG] [mixin/]: Registering mixin config: fabric-networking-api-v1.mixins.json
[30Jul2026 00:21:20.195] [main/DEBUG] [mixin/]: Compatibility level JAVA_16 specified by fabric-networking-api-v1.mixins.json is higher than the maximum level supported by this version of mixin (JAVA_13).
[30Jul2026 00:21:20.195] [main/DEBUG] [mixin/]: Registering mixin config: fabric-networking-api-v1.client.mixins.json
[30Jul2026 00:21:20.197] [main/DEBUG] [mixin/]: Compatibility level JAVA_16 specified by fabric-networking-api-v1.client.mixins.json is higher than the maximum level supported by this version of mixin (JAVA_13).
[30Jul2026 00:21:20.197] [main/DEBUG] [mixin/]: Adding mixin platform agents for container SecureJarResource(unilib)
[30Jul2026 00:21:20.197] [main/DEBUG] [mixin/]: Instancing new MixinPlatformAgentMinecraftForge for SecureJarResource(unilib)
[30Jul2026 00:21:20.197] [main/DEBUG] [mixin/]: MixinPlatformAgentMinecraftForge rejected container SecureJarResource(unilib)
[30Jul2026 00:21:20.197] [main/DEBUG] [mixin/]: Instancing new MixinPlatformAgentDefault for SecureJarResource(unilib)
[30Jul2026 00:21:20.197] [main/DEBUG] [mixin/]: MixinPlatformAgentDefault accepted container SecureJarResource(unilib)
[30Jul2026 00:21:20.197] [main/DEBUG] [mixin/]: Processing prepare() for PlatformAgent[MixinPlatformAgentDefault:SecureJarResource(unilib)]
[30Jul2026 00:21:20.197] [main/DEBUG] [mixin/]: Adding mixin platform agents for container SecureJarResource(fabric_sound_api_v1)
[30Jul2026 00:21:20.197] [main/DEBUG] [mixin/]: Instancing new MixinPlatformAgentMinecraftForge for SecureJarResource(fabric_sound_api_v1)
[30Jul2026 00:21:20.197] [main/DEBUG] [mixin/]: MixinPlatformAgentMinecraftForge rejected container SecureJarResource(fabric_sound_api_v1)
[30Jul2026 00:21:20.197] [main/DEBUG] [mixin/]: Instancing new MixinPlatformAgentDefault for SecureJarResource(fabric_sound_api_v1)
[30Jul2026 00:21:20.197] [main/DEBUG] [mixin/]: MixinPlatformAgentDefault accepted container SecureJarResource(fabric_sound_api_v1)
[30Jul2026 00:21:20.197] [main/DEBUG] [mixin/]: Processing prepare() for PlatformAgent[MixinPlatformAgentDefault:SecureJarResource(fabric_sound_api_v1)]
[30Jul2026 00:21:20.197] [main/DEBUG] [mixin/]: Registering mixin config: fabric-sound-api-v1.mixins.json
[30Jul2026 00:21:20.198] [main/DEBUG] [mixin/]: Adding mixin platform agents for container SecureJarResource(fabric_message_api_v1)
[30Jul2026 00:21:20.199] [main/DEBUG] [mixin/]: Instancing new MixinPlatformAgentMinecraftForge for SecureJarResource(fabric_message_api_v1)
[30Jul2026 00:21:20.199] [main/DEBUG] [mixin/]: MixinPlatformAgentMinecraftForge rejected container SecureJarResource(fabric_message_api_v1)
[30Jul2026 00:21:20.199] [main/DEBUG] [mixin/]: Instancing new MixinPlatformAgentDefault for SecureJarResource(fabric_message_api_v1)
[30Jul2026 00:21:20.199] [main/DEBUG] [mixin/]: MixinPlatformAgentDefault accepted container SecureJarResource(fabric_message_api_v1)
[30Jul2026 00:21:20.199] [main/DEBUG] [mixin/]: Processing prepare() for PlatformAgent[MixinPlatformAgentDefault:SecureJarResource(fabric_message_api_v1)]
[30Jul2026 00:21:20.199] [main/DEBUG] [mixin/]: Registering mixin config: fabric-message-api-v1.mixins.json
[30Jul2026 00:21:20.200] [main/DEBUG] [mixin/]: Compatibility level JAVA_16 specified by fabric-message-api-v1.mixins.json is higher than the maximum level supported by this version of mixin (JAVA_13).
[30Jul2026 00:21:20.200] [main/DEBUG] [mixin/]: Registering mixin config: fabric-message-api-v1.client.mixins.json
[30Jul2026 00:21:20.201] [main/DEBUG] [mixin/]: Adding mixin platform agents for container SecureJarResource(lattice)
[30Jul2026 00:21:20.202] [main/DEBUG] [mixin/]: Instancing new MixinPlatformAgentMinecraftForge for SecureJarResource(lattice)
[30Jul2026 00:21:20.202] [main/DEBUG] [mixin/]: MixinPlatformAgentMinecraftForge rejected container SecureJarResource(lattice)
[30Jul2026 00:21:20.202] [main/DEBUG] [mixin/]: Instancing new MixinPlatformAgentDefault for SecureJarResource(lattice)
[30Jul2026 00:21:20.202] [main/DEBUG] [mixin/]: MixinPlatformAgentDefault accepted container SecureJarResource(lattice)
[30Jul2026 00:21:20.202] [main/DEBUG] [mixin/]: Processing prepare() for PlatformAgent[MixinPlatformAgentDefault:SecureJarResource(lattice)]
[30Jul2026 00:21:20.202] [main/DEBUG] [mixin/]: Registering mixin config: lattice1219.mixins.json
[30Jul2026 00:21:20.203] [main/DEBUG] [mixin/]: Registering mixin config: lattice1216.mixins.json
[30Jul2026 00:21:20.204] [main/DEBUG] [mixin/]: Registering mixin config: lattice1202.mixins.json
[30Jul2026 00:21:20.205] [main/DEBUG] [mixin/]: Registering mixin config: lattice1204.mixins.json
[30Jul2026 00:21:20.207] [main/DEBUG] [mixin/]: Registering mixin config: lattice1206.mixins.json
[30Jul2026 00:21:20.208] [main/DEBUG] [mixin/]: Registering mixin config: lattice1201.mixins.json
[30Jul2026 00:21:20.210] [main/DEBUG] [mixin/]: Adding mixin platform agents for container SecureJarResource(fabric_lifecycle_events_v1)
[30Jul2026 00:21:20.210] [main/DEBUG] [mixin/]: Instancing new MixinPlatformAgentMinecraftForge for SecureJarResource(fabric_lifecycle_events_v1)
[30Jul2026 00:21:20.210] [main/DEBUG] [mixin/]: MixinPlatformAgentMinecraftForge rejected container SecureJarResource(fabric_lifecycle_events_v1)
[30Jul2026 00:21:20.210] [main/DEBUG] [mixin/]: Instancing new MixinPlatformAgentDefault for SecureJarResource(fabric_lifecycle_events_v1)
[30Jul2026 00:21:20.210] [main/DEBUG] [mixin/]: MixinPlatformAgentDefault accepted container SecureJarResource(fabric_lifecycle_events_v1)
[30Jul2026 00:21:20.210] [main/DEBUG] [mixin/]: Processing prepare() for PlatformAgent[MixinPlatformAgentDefault:SecureJarResource(fabric_lifecycle_events_v1)]
[30Jul2026 00:21:20.210] [main/DEBUG] [mixin/]: Registering mixin config: fabric-lifecycle-events-v1.mixins.json
[30Jul2026 00:21:20.211] [main/DEBUG] [mixin/]: Registering mixin config: fabric-lifecycle-events-v1.client.mixins.json
[30Jul2026 00:21:20.212] [main/DEBUG] [mixin/]: Compatibility level JAVA_16 specified by fabric-lifecycle-events-v1.client.mixins.json is higher than the maximum level supported by this version of mixin (JAVA_13).
[30Jul2026 00:21:20.212] [main/DEBUG] [mixin/]: Adding mixin platform agents for container SecureJarResource(fabric_data_generation_api_v1)
[30Jul2026 00:21:20.212] [main/DEBUG] [mixin/]: Instancing new MixinPlatformAgentMinecraftForge for SecureJarResource(fabric_data_generation_api_v1)
[30Jul2026 00:21:20.213] [main/DEBUG] [mixin/]: MixinPlatformAgentMinecraftForge rejected container SecureJarResource(fabric_data_generation_api_v1)
[30Jul2026 00:21:20.213] [main/DEBUG] [mixin/]: Instancing new MixinPlatformAgentDefault for SecureJarResource(fabric_data_generation_api_v1)
[30Jul2026 00:21:20.213] [main/DEBUG] [mixin/]: MixinPlatformAgentDefault accepted container SecureJarResource(fabric_data_generation_api_v1)
[30Jul2026 00:21:20.213] [main/DEBUG] [mixin/]: Processing prepare() for PlatformAgent[MixinPlatformAgentDefault:SecureJarResource(fabric_data_generation_api_v1)]
[30Jul2026 00:21:20.213] [main/DEBUG] [mixin/]: Registering mixin config: fabric-data-generation-api-v1.mixins.json
[30Jul2026 00:21:20.214] [main/DEBUG] [mixin/]: Compatibility level JAVA_16 specified by fabric-data-generation-api-v1.mixins.json is higher than the maximum level supported by this version of mixin (JAVA_13).
[30Jul2026 00:21:20.214] [main/DEBUG] [mixin/]: Adding mixin platform agents for container SecureJarResource(fabric_events_interaction_v0)
[30Jul2026 00:21:20.214] [main/DEBUG] [mixin/]: Instancing new MixinPlatformAgentMinecraftForge for SecureJarResource(fabric_events_interaction_v0)
[30Jul2026 00:21:20.214] [main/DEBUG] [mixin/]: MixinPlatformAgentMinecraftForge rejected container SecureJarResource(fabric_events_interaction_v0)
[30Jul2026 00:21:20.214] [main/DEBUG] [mixin/]: Instancing new MixinPlatformAgentDefault for SecureJarResource(fabric_events_interaction_v0)
[30Jul2026 00:21:20.214] [main/DEBUG] [mixin/]: MixinPlatformAgentDefault accepted container SecureJarResource(fabric_events_interaction_v0)
[30Jul2026 00:21:20.214] [main/DEBUG] [mixin/]: Processing prepare() for PlatformAgent[MixinPlatformAgentDefault:SecureJarResource(fabric_events_interaction_v0)]
[30Jul2026 00:21:20.214] [main/DEBUG] [mixin/]: Registering mixin config: fabric-events-interaction-v0.mixins.json
[30Jul2026 00:21:20.216] [main/DEBUG] [mixin/]: Compatibility level JAVA_16 specified by fabric-events-interaction-v0.mixins.json is higher than the maximum level supported by this version of mixin (JAVA_13).
[30Jul2026 00:21:20.216] [main/DEBUG] [mixin/]: Registering mixin config: fabric-events-interaction-v0.client.mixins.json
[30Jul2026 00:21:20.217] [main/DEBUG] [mixin/]: Compatibility level JAVA_16 specified by fabric-events-interaction-v0.client.mixins.json is higher than the maximum level supported by this version of mixin (JAVA_13).
[30Jul2026 00:21:20.217] [main/DEBUG] [mixin/]: Adding mixin platform agents for container SecureJarResource(fabric_key_binding_api_v1)
[30Jul2026 00:21:20.217] [main/DEBUG] [mixin/]: Instancing new MixinPlatformAgentMinecraftForge for SecureJarResource(fabric_key_binding_api_v1)
[30Jul2026 00:21:20.217] [main/DEBUG] [mixin/]: MixinPlatformAgentMinecraftForge rejected container SecureJarResource(fabric_key_binding_api_v1)
[30Jul2026 00:21:20.217] [main/DEBUG] [mixin/]: Instancing new MixinPlatformAgentDefault for SecureJarResource(fabric_key_binding_api_v1)
[30Jul2026 00:21:20.217] [main/DEBUG] [mixin/]: MixinPlatformAgentDefault accepted container SecureJarResource(fabric_key_binding_api_v1)
[30Jul2026 00:21:20.218] [main/DEBUG] [mixin/]: Processing prepare() for PlatformAgent[MixinPlatformAgentDefault:SecureJarResource(fabric_key_binding_api_v1)]
[30Jul2026 00:21:20.218] [main/DEBUG] [mixin/]: Registering mixin config: fabric-key-binding-api-v1.mixins.json
[30Jul2026 00:21:20.219] [main/DEBUG] [mixin/]: Compatibility level JAVA_16 specified by fabric-key-binding-api-v1.mixins.json is higher than the maximum level supported by this version of mixin (JAVA_13).
[30Jul2026 00:21:20.219] [main/DEBUG] [mixin/]: Adding mixin platform agents for container SecureJarResource(fabric_client_tags_api_v1)
[30Jul2026 00:21:20.219] [main/DEBUG] [mixin/]: Instancing new MixinPlatformAgentMinecraftForge for SecureJarResource(fabric_client_tags_api_v1)
[30Jul2026 00:21:20.219] [main/DEBUG] [mixin/]: MixinPlatformAgentMinecraftForge rejected container SecureJarResource(fabric_client_tags_api_v1)
[30Jul2026 00:21:20.219] [main/DEBUG] [mixin/]: Instancing new MixinPlatformAgentDefault for SecureJarResource(fabric_client_tags_api_v1)
[30Jul2026 00:21:20.219] [main/DEBUG] [mixin/]: MixinPlatformAgentDefault accepted container SecureJarResource(fabric_client_tags_api_v1)
[30Jul2026 00:21:20.219] [main/DEBUG] [mixin/]: Processing prepare() for PlatformAgent[MixinPlatformAgentDefault:SecureJarResource(fabric_client_tags_api_v1)]
[30Jul2026 00:21:20.219] [main/DEBUG] [mixin/]: Adding mixin platform agents for container SecureJarResource(axiom)
[30Jul2026 00:21:20.219] [main/DEBUG] [mixin/]: Instancing new MixinPlatformAgentMinecraftForge for SecureJarResource(axiom)
[30Jul2026 00:21:20.219] [main/DEBUG] [mixin/]: MixinPlatformAgentMinecraftForge rejected container SecureJarResource(axiom)
[30Jul2026 00:21:20.219] [main/DEBUG] [mixin/]: Instancing new MixinPlatformAgentDefault for SecureJarResource(axiom)
[30Jul2026 00:21:20.219] [main/DEBUG] [mixin/]: MixinPlatformAgentDefault accepted container SecureJarResource(axiom)
[30Jul2026 00:21:20.219] [main/DEBUG] [mixin/]: Processing prepare() for PlatformAgent[MixinPlatformAgentDefault:SecureJarResource(axiom)]
[30Jul2026 00:21:20.219] [main/DEBUG] [mixin/]: Registering mixin config: axiom.mixins.json
[30Jul2026 00:21:20.221] [main/DEBUG] [mixin/]: Adding mixin platform agents for container SecureJarResource(luaj.core.figura)
[30Jul2026 00:21:20.221] [main/DEBUG] [mixin/]: Instancing new MixinPlatformAgentMinecraftForge for SecureJarResource(luaj.core.figura)
[30Jul2026 00:21:20.221] [main/DEBUG] [mixin/]: MixinPlatformAgentMinecraftForge rejected container SecureJarResource(luaj.core.figura)
[30Jul2026 00:21:20.221] [main/DEBUG] [mixin/]: Instancing new MixinPlatformAgentDefault for SecureJarResource(luaj.core.figura)
[30Jul2026 00:21:20.221] [main/DEBUG] [mixin/]: MixinPlatformAgentDefault accepted container SecureJarResource(luaj.core.figura)
[30Jul2026 00:21:20.221] [main/DEBUG] [mixin/]: Processing prepare() for PlatformAgent[MixinPlatformAgentDefault:SecureJarResource(luaj.core.figura)]
[30Jul2026 00:21:20.221] [main/DEBUG] [mixin/]: Adding mixin platform agents for container SecureJarResource(runtime._1._20._1)
[30Jul2026 00:21:20.221] [main/DEBUG] [mixin/]: Instancing new MixinPlatformAgentMinecraftForge for SecureJarResource(runtime._1._20._1)
[30Jul2026 00:21:20.221] [main/DEBUG] [mixin/]: MixinPlatformAgentMinecraftForge rejected container SecureJarResource(runtime._1._20._1)
[30Jul2026 00:21:20.221] [main/DEBUG] [mixin/]: Instancing new MixinPlatformAgentDefault for SecureJarResource(runtime._1._20._1)
[30Jul2026 00:21:20.221] [main/DEBUG] [mixin/]: MixinPlatformAgentDefault accepted container SecureJarResource(runtime._1._20._1)
[30Jul2026 00:21:20.221] [main/DEBUG] [mixin/]: Processing prepare() for PlatformAgent[MixinPlatformAgentDefault:SecureJarResource(runtime._1._20._1)]
[30Jul2026 00:21:20.221] [main/DEBUG] [mixin/]: Registering mixin config: adapter.init.mixins.json
[30Jul2026 00:21:20.222] [main/DEBUG] [mixin/]: Adding mixin platform agents for container SecureJarResource(mae)
[30Jul2026 00:21:20.223] [main/DEBUG] [mixin/]: Instancing new MixinPlatformAgentMinecraftForge for SecureJarResource(mae)
[30Jul2026 00:21:20.223] [main/DEBUG] [mixin/]: MixinPlatformAgentMinecraftForge rejected container SecureJarResource(mae)
[30Jul2026 00:21:20.223] [main/DEBUG] [mixin/]: Instancing new MixinPlatformAgentDefault for SecureJarResource(mae)
[30Jul2026 00:21:20.223] [main/DEBUG] [mixin/]: MixinPlatformAgentDefault accepted container SecureJarResource(mae)
[30Jul2026 00:21:20.223] [main/DEBUG] [mixin/]: Processing prepare() for PlatformAgent[MixinPlatformAgentDefault:SecureJarResource(mae)]
[30Jul2026 00:21:20.223] [main/DEBUG] [mixin/]: Adding mixin platform agents for container SecureJarResource(luaj.jse.figura)
[30Jul2026 00:21:20.223] [main/DEBUG] [mixin/]: Instancing new MixinPlatformAgentMinecraftForge for SecureJarResource(luaj.jse.figura)
[30Jul2026 00:21:20.223] [main/DEBUG] [mixin/]: MixinPlatformAgentMinecraftForge rejected container SecureJarResource(luaj.jse.figura)
[30Jul2026 00:21:20.223] [main/DEBUG] [mixin/]: Instancing new MixinPlatformAgentDefault for SecureJarResource(luaj.jse.figura)
[30Jul2026 00:21:20.223] [main/DEBUG] [mixin/]: MixinPlatformAgentDefault accepted container SecureJarResource(luaj.jse.figura)
[30Jul2026 00:21:20.223] [main/DEBUG] [mixin/]: Processing prepare() for PlatformAgent[MixinPlatformAgentDefault:SecureJarResource(luaj.jse.figura)]
[30Jul2026 00:21:20.223] [main/DEBUG] [mixin/]: Adding mixin platform agents for container SecureJarResource(org.apache.bcel)
[30Jul2026 00:21:20.223] [main/DEBUG] [mixin/]: Instancing new MixinPlatformAgentMinecraftForge for SecureJarResource(org.apache.bcel)
[30Jul2026 00:21:20.223] [main/DEBUG] [mixin/]: MixinPlatformAgentMinecraftForge rejected container SecureJarResource(org.apache.bcel)
[30Jul2026 00:21:20.223] [main/DEBUG] [mixin/]: Instancing new MixinPlatformAgentDefault for SecureJarResource(org.apache.bcel)
[30Jul2026 00:21:20.223] [main/DEBUG] [mixin/]: MixinPlatformAgentDefault accepted container SecureJarResource(org.apache.bcel)
[30Jul2026 00:21:20.223] [main/DEBUG] [mixin/]: Processing prepare() for PlatformAgent[MixinPlatformAgentDefault:SecureJarResource(org.apache.bcel)]
[30Jul2026 00:21:20.223] [main/DEBUG] [mixin/]: Adding mixin platform agents for container SecureJarResource(thedarkcolour.kotlinforforge.kfflib)
[30Jul2026 00:21:20.223] [main/DEBUG] [mixin/]: Instancing new MixinPlatformAgentMinecraftForge for SecureJarResource(thedarkcolour.kotlinforforge.kfflib)
[30Jul2026 00:21:20.223] [main/DEBUG] [mixin/]: MixinPlatformAgentMinecraftForge rejected container SecureJarResource(thedarkcolour.kotlinforforge.kfflib)
[30Jul2026 00:21:20.223] [main/DEBUG] [mixin/]: Instancing new MixinPlatformAgentDefault for SecureJarResource(thedarkcolour.kotlinforforge.kfflib)
[30Jul2026 00:21:20.223] [main/DEBUG] [mixin/]: MixinPlatformAgentDefault accepted container SecureJarResource(thedarkcolour.kotlinforforge.kfflib)
[30Jul2026 00:21:20.223] [main/DEBUG] [mixin/]: Processing prepare() for PlatformAgent[MixinPlatformAgentDefault:SecureJarResource(thedarkcolour.kotlinforforge.kfflib)]
[30Jul2026 00:21:20.223] [main/DEBUG] [mixin/]: Adding mixin platform agents for container SecureJarResource(MixinExtras)
[30Jul2026 00:21:20.223] [main/DEBUG] [mixin/]: Instancing new MixinPlatformAgentMinecraftForge for SecureJarResource(MixinExtras)
[30Jul2026 00:21:20.224] [main/DEBUG] [mixin/]: MixinPlatformAgentMinecraftForge rejected container SecureJarResource(MixinExtras)
[30Jul2026 00:21:20.224] [main/DEBUG] [mixin/]: Instancing new MixinPlatformAgentDefault for SecureJarResource(MixinExtras)
[30Jul2026 00:21:20.224] [main/DEBUG] [mixin/]: MixinPlatformAgentDefault accepted container SecureJarResource(MixinExtras)
[30Jul2026 00:21:20.224] [main/DEBUG] [mixin/]: Processing prepare() for PlatformAgent[MixinPlatformAgentDefault:SecureJarResource(MixinExtras)]
[30Jul2026 00:21:20.224] [main/DEBUG] [mixin/]: Adding mixin platform agents for container SecureJarResource(commons.math3)
[30Jul2026 00:21:20.224] [main/DEBUG] [mixin/]: Instancing new MixinPlatformAgentMinecraftForge for SecureJarResource(commons.math3)
[30Jul2026 00:21:20.224] [main/DEBUG] [mixin/]: MixinPlatformAgentMinecraftForge rejected container SecureJarResource(commons.math3)
[30Jul2026 00:21:20.224] [main/DEBUG] [mixin/]: Instancing new MixinPlatformAgentDefault for SecureJarResource(commons.math3)
[30Jul2026 00:21:20.224] [main/DEBUG] [mixin/]: MixinPlatformAgentDefault accepted container SecureJarResource(commons.math3)
[30Jul2026 00:21:20.224] [main/DEBUG] [mixin/]: Processing prepare() for PlatformAgent[MixinPlatformAgentDefault:SecureJarResource(commons.math3)]
[30Jul2026 00:21:20.224] [main/DEBUG] [mixin/]: Adding mixin platform agents for container SecureJarResource(connector$authlib)
[30Jul2026 00:21:20.224] [main/DEBUG] [mixin/]: Instancing new MixinPlatformAgentMinecraftForge for SecureJarResource(connector$authlib)
[30Jul2026 00:21:20.224] [main/DEBUG] [mixin/]: MixinPlatformAgentMinecraftForge rejected container SecureJarResource(connector$authlib)
[30Jul2026 00:21:20.224] [main/DEBUG] [mixin/]: Instancing new MixinPlatformAgentDefault for SecureJarResource(connector$authlib)
[30Jul2026 00:21:20.224] [main/DEBUG] [mixin/]: MixinPlatformAgentDefault accepted container SecureJarResource(connector$authlib)
[30Jul2026 00:21:20.224] [main/DEBUG] [mixin/]: Processing prepare() for PlatformAgent[MixinPlatformAgentDefault:SecureJarResource(connector$authlib)]
[30Jul2026 00:21:20.224] [main/DEBUG] [mixin/]: inject() running with 80 agents
[30Jul2026 00:21:20.224] [main/DEBUG] [mixin/]: Processing inject() for PlatformAgent[MixinPlatformAgentDefault:ModLauncher Root Container(ModLauncher:4f56a0a2)]
[30Jul2026 00:21:20.224] [main/DEBUG] [mixin/]: Processing inject() for PlatformAgent[MixinPlatformAgentDefault:SecureJarResource(mixin_generated_classes)]
[30Jul2026 00:21:20.224] [main/DEBUG] [mixin/]: Processing inject() for PlatformAgent[MixinPlatformAgentDefault:SecureJarResource(fabric_dimensions_v1)]
[30Jul2026 00:21:20.224] [main/DEBUG] [mixin/]: Processing inject() for PlatformAgent[MixinPlatformAgentDefault:SecureJarResource(fabric_transfer_api_v1)]
[30Jul2026 00:21:20.225] [main/DEBUG] [mixin/]: Processing inject() for PlatformAgent[MixinPlatformAgentDefault:SecureJarResource(fabric_renderer_api_v1)]
[30Jul2026 00:21:20.225] [main/DEBUG] [mixin/]: Processing inject() for PlatformAgent[MixinPlatformAgentDefault:SecureJarResource(fabric_item_api_v1)]
[30Jul2026 00:21:20.225] [main/DEBUG] [mixin/]: Processing inject() for PlatformAgent[MixinPlatformAgentDefault:SecureJarResource(fabric_model_loading_api_v1)]
[30Jul2026 00:21:20.225] [main/DEBUG] [mixin/]: Processing inject() for PlatformAgent[MixinPlatformAgentDefault:SecureJarResource(jei)]
[30Jul2026 00:21:20.225] [main/DEBUG] [mixin/]: Processing inject() for PlatformAgent[MixinPlatformAgentDefault:SecureJarResource(fabric_rendering_fluids_v1)]
[30Jul2026 00:21:20.225] [main/DEBUG] [mixin/]: Processing inject() for PlatformAgent[MixinPlatformAgentDefault:SecureJarResource(tacz)]
[30Jul2026 00:21:20.225] [main/DEBUG] [mixin/]: Processing inject() for PlatformAgent[MixinPlatformAgentDefault:SecureJarResource(fabric_screen_handler_api_v1)]
[30Jul2026 00:21:20.225] [main/DEBUG] [mixin/]: Processing inject() for PlatformAgent[MixinPlatformAgentDefault:SecureJarResource(fabric_models_v0)]
[30Jul2026 00:21:20.225] [main/DEBUG] [mixin/]: Processing inject() for PlatformAgent[MixinPlatformAgentDefault:SecureJarResource(fabric_resource_loader_v0)]
[30Jul2026 00:21:20.225] [main/DEBUG] [mixin/]: Processing inject() for PlatformAgent[MixinPlatformAgentDefault:SecureJarResource(fabric_rendering_v1)]
[30Jul2026 00:21:20.225] [main/DEBUG] [mixin/]: Processing inject() for PlatformAgent[MixinPlatformAgentDefault:SecureJarResource(fabric_renderer_indigo)]
[30Jul2026 00:21:20.225] [main/DEBUG] [mixin/]: Processing inject() for PlatformAgent[MixinPlatformAgentDefault:SecureJarResource(fabric_convention_tags_v1)]
[30Jul2026 00:21:20.225] [main/DEBUG] [mixin/]: Processing inject() for PlatformAgent[MixinPlatformAgentDefault:SecureJarResource(modernfix)]
[30Jul2026 00:21:20.225] [main/DEBUG] [mixin/]: Processing inject() for PlatformAgent[MixinPlatformAgentDefault:SecureJarResource(fabric_mining_level_api_v1)]
[30Jul2026 00:21:20.225] [main/DEBUG] [mixin/]: Processing inject() for PlatformAgent[MixinPlatformAgentDefault:SecureJarResource(fabric_command_api_v1)]
[30Jul2026 00:21:20.225] [main/DEBUG] [mixin/]: Processing inject() for PlatformAgent[MixinPlatformAgentDefault:SecureJarResource(fabric_block_view_api_v2)]
[30Jul2026 00:21:20.225] [main/DEBUG] [mixin/]: Processing inject() for PlatformAgent[MixinPlatformAgentDefault:SecureJarResource(fabric_command_api_v2)]
[30Jul2026 00:21:20.225] [main/DEBUG] [mixin/]: Processing inject() for PlatformAgent[MixinPlatformAgentDefault:SecureJarResource(fabric_data_attachment_api_v1)]
[30Jul2026 00:21:20.225] [main/DEBUG] [mixin/]: Processing inject() for PlatformAgent[MixinPlatformAgentDefault:SecureJarResource(mixinextras)]
[30Jul2026 00:21:20.225] [main/DEBUG] [mixin/]: Processing inject() for PlatformAgent[MixinPlatformAgentDefault:SecureJarResource(midnightlib)]
[30Jul2026 00:21:20.225] [main/DEBUG] [mixin/]: Processing inject() for PlatformAgent[MixinPlatformAgentDefault:SecureJarResource(starlight)]
[30Jul2026 00:21:20.225] [main/DEBUG] [mixin/]: Processing inject() for PlatformAgent[MixinPlatformAgentDefault:SecureJarResource(mts)]
[30Jul2026 00:21:20.225] [main/DEBUG] [mixin/]: Processing inject() for PlatformAgent[MixinPlatformAgentDefault:SecureJarResource(fabric_screen_api_v1)]
[30Jul2026 00:21:20.225] [main/DEBUG] [mixin/]: Processing inject() for PlatformAgent[MixinPlatformAgentDefault:SecureJarResource(memoryleakfix)]
[30Jul2026 00:21:20.226] [main/DEBUG] [mixin/]: Processing inject() for PlatformAgent[MixinPlatformAgentDefault:SecureJarResource(fabric_particles_v1)]
[30Jul2026 00:21:20.226] [main/DEBUG] [mixin/]: Processing inject() for PlatformAgent[MixinPlatformAgentDefault:SecureJarResource(cloth_config)]
[30Jul2026 00:21:20.226] [main/DEBUG] [mixin/]: Processing inject() for PlatformAgent[MixinPlatformAgentDefault:SecureJarResource(forge)]
[30Jul2026 00:21:20.226] [main/DEBUG] [mixin/]: Processing inject() for PlatformAgent[MixinPlatformAgentDefault:SecureJarResource(fabric_api)]
[30Jul2026 00:21:20.226] [main/DEBUG] [mixin/]: Processing inject() for PlatformAgent[MixinPlatformAgentDefault:SecureJarResource(fabric_content_registries_v0)]
[30Jul2026 00:21:20.226] [main/DEBUG] [mixin/]: Processing inject() for PlatformAgent[MixinPlatformAgentDefault:SecureJarResource(fabric_transitive_access_wideners_v1)]
[30Jul2026 00:21:20.226] [main/DEBUG] [mixin/]: Processing inject() for PlatformAgent[MixinPlatformAgentDefault:SecureJarResource(minecraft)]
[30Jul2026 00:21:20.226] [main/DEBUG] [mixin/]: Processing inject() for PlatformAgent[MixinPlatformAgentDefault:SecureJarResource(mtsofficialpack)]
[30Jul2026 00:21:20.226] [main/DEBUG] [mixin/]: Processing inject() for PlatformAgent[MixinPlatformAgentDefault:SecureJarResource(fabric_game_rule_api_v1)]
[30Jul2026 00:21:20.226] [main/DEBUG] [mixin/]: Processing inject() for PlatformAgent[MixinPlatformAgentDefault:SecureJarResource(fabric_api_base)]
[30Jul2026 00:21:20.226] [main/DEBUG] [mixin/]: Processing inject() for PlatformAgent[MixinPlatformAgentDefault:SecureJarResource(fabric_api_lookup_api_v1)]
[30Jul2026 00:21:20.226] [main/DEBUG] [mixin/]: Processing inject() for PlatformAgent[MixinPlatformAgentDefault:SecureJarResource(fabric_blockrenderlayer_v1)]
[30Jul2026 00:21:20.226] [main/DEBUG] [mixin/]: Processing inject() for PlatformAgent[MixinPlatformAgentDefault:SecureJarResource(creativecore)]
[30Jul2026 00:21:20.226] [main/DEBUG] [mixin/]: Processing inject() for PlatformAgent[MixinPlatformAgentDefault:SecureJarResource(fabric_block_api_v1)]
[30Jul2026 00:21:20.226] [main/DEBUG] [mixin/]: Processing inject() for PlatformAgent[MixinPlatformAgentDefault:SecureJarResource(fabric_resource_conditions_api_v1)]
[30Jul2026 00:21:20.226] [main/DEBUG] [mixin/]: Processing inject() for PlatformAgent[MixinPlatformAgentDefault:SecureJarResource(ksyxis)]
[30Jul2026 00:21:20.226] [main/DEBUG] [mixin/]: Processing inject() for PlatformAgent[MixinPlatformAgentDefault:SecureJarResource(lrtactical)]
[30Jul2026 00:21:20.226] [main/DEBUG] [mixin/]: Processing inject() for PlatformAgent[MixinPlatformAgentDefault:SecureJarResource(kotlinforforge)]
[30Jul2026 00:21:20.226] [main/DEBUG] [mixin/]: Processing inject() for PlatformAgent[MixinPlatformAgentDefault:SecureJarResource(com_moulberry_axiomclientapi)]
[30Jul2026 00:21:20.226] [main/DEBUG] [mixin/]: Processing inject() for PlatformAgent[MixinPlatformAgentDefault:SecureJarResource(simplebedrockmodel)]
[30Jul2026 00:21:20.226] [main/DEBUG] [mixin/]: Processing inject() for PlatformAgent[MixinPlatformAgentDefault:SecureJarResource(fabric_item_group_api_v1)]
[30Jul2026 00:21:20.226] [main/DEBUG] [mixin/]: Processing inject() for PlatformAgent[MixinPlatformAgentDefault:SecureJarResource(com_moulberry_mixinconstraints)]
[30Jul2026 00:21:20.226] [main/DEBUG] [mixin/]: Processing inject() for PlatformAgent[MixinPlatformAgentDefault:SecureJarResource(connectormod)]
[30Jul2026 00:21:20.226] [main/DEBUG] [mixin/]: Processing inject() for PlatformAgent[MixinPlatformAgentDefault:SecureJarResource(fabric_biome_api_v1)]
[30Jul2026 00:21:20.226] [main/DEBUG] [mixin/]: Processing inject() for PlatformAgent[MixinPlatformAgentDefault:SecureJarResource(fabric_entity_events_v1)]
[30Jul2026 00:21:20.226] [main/DEBUG] [mixin/]: Processing inject() for PlatformAgent[MixinPlatformAgentDefault:SecureJarResource(fabric_registry_sync_v0)]
[30Jul2026 00:21:20.226] [main/DEBUG] [mixin/]: Processing inject() for PlatformAgent[MixinPlatformAgentDefault:SecureJarResource(architectury)]
[30Jul2026 00:21:20.226] [main/DEBUG] [mixin/]: Processing inject() for PlatformAgent[MixinPlatformAgentDefault:SecureJarResource(fabric_recipe_api_v1)]
[30Jul2026 00:21:20.227] [main/DEBUG] [mixin/]: Processing inject() for PlatformAgent[MixinPlatformAgentDefault:SecureJarResource(ferritecore)]
[30Jul2026 00:21:20.227] [main/DEBUG] [mixin/]: Processing inject() for PlatformAgent[MixinPlatformAgentDefault:SecureJarResource(fabric_loot_api_v2)]
[30Jul2026 00:21:20.227] [main/DEBUG] [mixin/]: Processing inject() for PlatformAgent[MixinPlatformAgentDefault:SecureJarResource(fabric_object_builder_api_v1)]
[30Jul2026 00:21:20.227] [main/DEBUG] [mixin/]: Processing inject() for PlatformAgent[MixinPlatformAgentDefault:SecureJarResource(fabric_rendering_data_attachment_v1)]
[30Jul2026 00:21:20.227] [main/DEBUG] [mixin/]: Processing inject() for PlatformAgent[MixinPlatformAgentDefault:SecureJarResource(fabric_networking_api_v1)]
[30Jul2026 00:21:20.227] [main/DEBUG] [mixin/]: Processing inject() for PlatformAgent[MixinPlatformAgentDefault:SecureJarResource(unilib)]
[30Jul2026 00:21:20.227] [main/DEBUG] [mixin/]: Processing inject() for PlatformAgent[MixinPlatformAgentDefault:SecureJarResource(fabric_sound_api_v1)]
[30Jul2026 00:21:20.227] [main/DEBUG] [mixin/]: Processing inject() for PlatformAgent[MixinPlatformAgentDefault:SecureJarResource(fabric_message_api_v1)]
[30Jul2026 00:21:20.227] [main/DEBUG] [mixin/]: Processing inject() for PlatformAgent[MixinPlatformAgentDefault:SecureJarResource(lattice)]
[30Jul2026 00:21:20.227] [main/DEBUG] [mixin/]: Processing inject() for PlatformAgent[MixinPlatformAgentDefault:SecureJarResource(fabric_lifecycle_events_v1)]
[30Jul2026 00:21:20.227] [main/DEBUG] [mixin/]: Processing inject() for PlatformAgent[MixinPlatformAgentDefault:SecureJarResource(fabric_data_generation_api_v1)]
[30Jul2026 00:21:20.227] [main/DEBUG] [mixin/]: Processing inject() for PlatformAgent[MixinPlatformAgentDefault:SecureJarResource(fabric_events_interaction_v0)]
[30Jul2026 00:21:20.227] [main/DEBUG] [mixin/]: Processing inject() for PlatformAgent[MixinPlatformAgentDefault:SecureJarResource(fabric_key_binding_api_v1)]
[30Jul2026 00:21:20.227] [main/DEBUG] [mixin/]: Processing inject() for PlatformAgent[MixinPlatformAgentDefault:SecureJarResource(fabric_client_tags_api_v1)]
[30Jul2026 00:21:20.227] [main/DEBUG] [mixin/]: Processing inject() for PlatformAgent[MixinPlatformAgentDefault:SecureJarResource(axiom)]
[30Jul2026 00:21:20.227] [main/DEBUG] [mixin/]: Processing inject() for PlatformAgent[MixinPlatformAgentDefault:SecureJarResource(luaj.core.figura)]
[30Jul2026 00:21:20.227] [main/DEBUG] [mixin/]: Processing inject() for PlatformAgent[MixinPlatformAgentDefault:SecureJarResource(runtime._1._20._1)]
[30Jul2026 00:21:20.227] [main/DEBUG] [mixin/]: Processing inject() for PlatformAgent[MixinPlatformAgentDefault:SecureJarResource(mae)]
[30Jul2026 00:21:20.227] [main/DEBUG] [mixin/]: Processing inject() for PlatformAgent[MixinPlatformAgentDefault:SecureJarResource(luaj.jse.figura)]
[30Jul2026 00:21:20.227] [main/DEBUG] [mixin/]: Processing inject() for PlatformAgent[MixinPlatformAgentDefault:SecureJarResource(org.apache.bcel)]
[30Jul2026 00:21:20.227] [main/DEBUG] [mixin/]: Processing inject() for PlatformAgent[MixinPlatformAgentDefault:SecureJarResource(thedarkcolour.kotlinforforge.kfflib)]
[30Jul2026 00:21:20.227] [main/DEBUG] [mixin/]: Processing inject() for PlatformAgent[MixinPlatformAgentDefault:SecureJarResource(MixinExtras)]
[30Jul2026 00:21:20.227] [main/DEBUG] [mixin/]: Processing inject() for PlatformAgent[MixinPlatformAgentDefault:SecureJarResource(commons.math3)]
[30Jul2026 00:21:20.227] [main/DEBUG] [mixin/]: Processing inject() for PlatformAgent[MixinPlatformAgentDefault:SecureJarResource(connector$authlib)]
[30Jul2026 00:21:20.247] [main/DEBUG] [mixin/]: Error cleaning class output directory: .mixin.out
[30Jul2026 00:21:20.251] [main/DEBUG] [mixin/]: Preparing mixins for MixinEnvironment[PREINIT]
[30Jul2026 00:21:20.258] [main/INFO] [mixin/]: Successfully loaded Mixin Connector [ca.spottedleaf.starlight.mixin.MixinConnector]
[30Jul2026 00:21:20.262] [main/INFO] [mixin/]: Successfully loaded Mixin Connector [mcinterface1201.mixin.MixinConnector]
[30Jul2026 00:21:20.265] [main/DEBUG] [org.sinytra.connector.loader.ConnectorEarlyLoader/]: Starting early connector loader setup
[30Jul2026 00:21:20.279] [main/INFO] [cpw.mods.modlauncher.LaunchServiceHandler/MODLAUNCHER]: Launching target 'forgeserver' with arguments [nogui]
[30Jul2026 00:21:20.282] [main/DEBUG] [mixin/]: Preparing mixins for MixinEnvironment[DEFAULT]
[30Jul2026 00:21:20.282] [main/DEBUG] [mixin/]: Selecting config fabric-transfer-api-v1.mixins.json
[30Jul2026 00:21:20.292] [main/DEBUG] [mixin/]: Selecting config fabric-renderer-api-v1.mixins.json
[30Jul2026 00:21:20.295] [main/DEBUG] [mixin/]: Selecting config fabric-renderer-api-v1.debughud.mixins.json
[30Jul2026 00:21:20.296] [main/DEBUG] [mixin/]: Selecting config fabric-item-api-v1.mixins.json
[30Jul2026 00:21:20.298] [main/DEBUG] [mixin/]: Selecting config fabric-item-api-v1.client.mixins.json
[30Jul2026 00:21:20.300] [main/DEBUG] [mixin/]: Selecting config fabric-model-loading-api-v1.mixins.json
[30Jul2026 00:21:20.302] [main/DEBUG] [mixin/]: Selecting config fabric-rendering-fluids-v1.mixins.json
[30Jul2026 00:21:20.303] [main/DEBUG] [mixin/]: Selecting config tacz.mixins.json
[30Jul2026 00:21:20.306] [main/DEBUG] [mixin/]: Selecting config tacz.compat.acceleratedrendering.mixins.json
[30Jul2026 00:21:20.309] [main/DEBUG] [mixin/]: Selecting config fabric-screen-handler-api-v1.mixins.json
[30Jul2026 00:21:20.312] [main/DEBUG] [mixin/]: Selecting config fabric-resource-loader-v0.mixins.json
[30Jul2026 00:21:20.313] [main/DEBUG] [mixin/]: Selecting config fabric-resource-loader-v0.client.mixins.json
[30Jul2026 00:21:20.314] [main/DEBUG] [mixin/]: Selecting config fabric-rendering-v1.mixins.json
[30Jul2026 00:21:20.317] [main/DEBUG] [mixin/]: Selecting config fabric-renderer-indigo.mixins.json
[30Jul2026 00:21:20.322] [main/DEBUG] [mixin/]: Selecting config modernfix-modernfix.mixins.json
[30Jul2026 00:21:20.423] [main/INFO] [ModernFix/]: Loaded configuration file for ModernFix 5.27.40+mc1.20.1: 108 options available, 0 override(s) found
[30Jul2026 00:21:20.428] [main/INFO] [ModernFix/]: Applying Nashorn fix
[30Jul2026 00:21:20.445] [main/INFO] [ModernFix/]: Applied Forge config corruption patch
[30Jul2026 00:21:20.457] [main/DEBUG] [mixin/]: Selecting config fabric-mining-level-api-v1.mixins.json
[30Jul2026 00:21:20.458] [main/DEBUG] [mixin/]: Selecting config fabric-block-view-api-v2.mixins.json
[30Jul2026 00:21:20.460] [main/DEBUG] [mixin/]: Selecting config fabric-block-view-api-v2.client.mixins.json
[30Jul2026 00:21:20.462] [main/DEBUG] [mixin/]: Selecting config fabric-command-api-v2.mixins.json
[30Jul2026 00:21:20.464] [main/DEBUG] [mixin/]: Selecting config fabric-command-api-v2.client.mixins.json
[30Jul2026 00:21:20.465] [main/DEBUG] [mixin/]: Selecting config fabric-data-attachment-api-v1.mixins.json
[30Jul2026 00:21:20.467] [main/DEBUG] [mixin/]: Selecting config fabric-data-attachment-api-v1.client.mixins.json
[30Jul2026 00:21:20.468] [main/DEBUG] [mixin/]: Selecting config mixinextras.init.mixins.json
[30Jul2026 00:21:20.489] [main/DEBUG] [MixinExtras|Service/]: com.llamalad7.mixinextras.service.MixinExtrasServiceImpl(version=0.4.1) is taking over from null
[30Jul2026 00:21:20.516] [main/DEBUG] [mixin/]: Registering new injector for @Inject with org.spongepowered.asm.mixin.injection.struct.CallbackInjectionInfo
[30Jul2026 00:21:20.517] [main/DEBUG] [mixin/]: Registering new injector for @ModifyArg with org.spongepowered.asm.mixin.injection.struct.ModifyArgInjectionInfo
[30Jul2026 00:21:20.518] [main/DEBUG] [mixin/]: Registering new injector for @ModifyArgs with org.spongepowered.asm.mixin.injection.struct.ModifyArgsInjectionInfo
[30Jul2026 00:21:20.519] [main/DEBUG] [mixin/]: Registering new injector for @Redirect with org.spongepowered.asm.mixin.injection.struct.RedirectInjectionInfo
[30Jul2026 00:21:20.521] [main/DEBUG] [mixin/]: Registering new injector for @ModifyVariable with org.spongepowered.asm.mixin.injection.struct.ModifyVariableInjectionInfo
[30Jul2026 00:21:20.522] [main/DEBUG] [mixin/]: Registering new injector for @ModifyConstant with org.spongepowered.asm.mixin.injection.struct.ModifyConstantInjectionInfo
[30Jul2026 00:21:20.535] [main/DEBUG] [mixin/]: Selecting config midnightlib.mixins.json
[30Jul2026 00:21:20.537] [main/DEBUG] [mixin/]: Selecting config starlight.mixins.json
[30Jul2026 00:21:20.539] [main/DEBUG] [mixin/]: Selecting config mts.mixins.json
[30Jul2026 00:21:20.540] [main/DEBUG] [mixin/]: Selecting config fabric-screen-api-v1.mixins.json
[30Jul2026 00:21:20.544] [main/DEBUG] [mixin/]: Selecting config memoryleakfix.mixins.json
[30Jul2026 00:21:20.571] [main/DEBUG] [MixinExtras|Service/]: ca.fxco.memoryleakfix.mixinextras.service.MixinExtrasServiceImpl(version=0.3.2) is conceding to com.llamalad7.mixinextras.service.MixinExtrasServiceImpl(version=0.4.1)
[30Jul2026 00:21:20.578] [main/DEBUG] [mixin/]: Selecting config fabric-particles-v1.client.mixins.json
[30Jul2026 00:21:20.579] [main/DEBUG] [mixin/]: Selecting config fabric-content-registries-v0.mixins.json
[30Jul2026 00:21:20.581] [main/DEBUG] [mixin/]: Selecting config fabric-game-rule-api-v1.mixins.json
[30Jul2026 00:21:20.582] [main/DEBUG] [mixin/]: Selecting config fabric-game-rule-api-v1.client.mixins.json
[30Jul2026 00:21:20.585] [main/DEBUG] [mixin/]: Selecting config fabric-api-base.init.mixins.json
[30Jul2026 00:21:20.594] [main/DEBUG] [mixin/]: Selecting config fabric-api-lookup-api-v1.mixins.json
[30Jul2026 00:21:20.595] [main/DEBUG] [mixin/]: Selecting config fabric-blockrenderlayer-v1.mixins.json
[30Jul2026 00:21:20.597] [main/DEBUG] [mixin/]: Selecting config creativecore.mixins.json
[30Jul2026 00:21:20.599] [main/DEBUG] [mixin/]: Selecting config creativecore.forge.mixins.json
[30Jul2026 00:21:20.600] [main/DEBUG] [mixin/]: Selecting config fabric-resource-conditions-api-v1.mixins.json
[30Jul2026 00:21:20.604] [main/DEBUG] [mixin/]: Selecting config ksyxis.mixins.json
[30Jul2026 00:21:20.608] [main/DEBUG] [mixin/]: Selecting config lrtactical.mixins.json
[30Jul2026 00:21:20.609] [main/DEBUG] [mixin/]: Selecting config simplebedrockmodel.mixins.json
[30Jul2026 00:21:20.611] [main/DEBUG] [mixin/]: Selecting config fabric-item-group-api-v1.mixins.json
[30Jul2026 00:21:20.612] [main/DEBUG] [mixin/]: Selecting config fabric-item-group-api-v1.client.mixins.json
[30Jul2026 00:21:20.614] [main/DEBUG] [mixin/]: Selecting config connectormod.mixins.json
[30Jul2026 00:21:20.618] [main/DEBUG] [mixin/]: Selecting config fabric-biome-api-v1.mixins.json
[30Jul2026 00:21:20.621] [main/DEBUG] [mixin/]: Selecting config fabric-entity-events-v1.mixins.json
[30Jul2026 00:21:20.622] [main/DEBUG] [mixin/]: Selecting config fabric-entity-events-v1.client.mixins.json
[30Jul2026 00:21:20.627] [main/DEBUG] [mixin/]: Selecting config fabric-registry-sync-v0.mixins.json
[30Jul2026 00:21:20.630] [main/DEBUG] [mixin/]: Selecting config fabric-registry-sync-v0.client.mixins.json
[30Jul2026 00:21:20.632] [main/DEBUG] [mixin/]: Selecting config architectury.mixins.json
[30Jul2026 00:21:20.635] [main/DEBUG] [mixin/]: Selecting config architectury-common.mixins.json
[30Jul2026 00:21:20.636] [main/DEBUG] [mixin/]: Selecting config fabric-recipe-api-v1.mixins.json
[30Jul2026 00:21:20.638] [main/DEBUG] [mixin/]: Selecting config ferritecore.predicates.mixin.json
[30Jul2026 00:21:20.658] [main/DEBUG] [mixin/]: Selecting config ferritecore.fastmap.mixin.json
[30Jul2026 00:21:20.662] [main/DEBUG] [mixin/]: Selecting config ferritecore.mrl.mixin.json
[30Jul2026 00:21:20.664] [main/DEBUG] [mixin/]: Selecting config ferritecore.dedupmultipart.mixin.json
[30Jul2026 00:21:20.667] [main/DEBUG] [mixin/]: Selecting config ferritecore.blockstatecache.mixin.json
[30Jul2026 00:21:20.672] [main/DEBUG] [mixin/]: Selecting config ferritecore.dedupbakedquad.mixin.json
[30Jul2026 00:21:20.674] [main/DEBUG] [mixin/]: Selecting config ferritecore.threaddetec.mixin.json
[30Jul2026 00:21:20.680] [main/DEBUG] [mixin/]: Selecting config ferritecore.modelsides.mixin.json
[30Jul2026 00:21:20.685] [main/DEBUG] [mixin/]: Selecting config fabric-loot-api-v2.mixins.json
[30Jul2026 00:21:20.687] [main/DEBUG] [mixin/]: Selecting config fabric-object-builder-v1.mixins.json
[30Jul2026 00:21:20.691] [main/DEBUG] [mixin/]: Selecting config fabric-rendering-data-attachment-v1.mixins.json
[30Jul2026 00:21:20.692] [main/DEBUG] [mixin/]: Selecting config fabric-rendering-data-attachment-v1.client.mixins.json
[30Jul2026 00:21:20.693] [main/DEBUG] [mixin/]: Selecting config fabric-networking-api-v1.mixins.json
[30Jul2026 00:21:20.700] [main/DEBUG] [mixin/]: Selecting config fabric-networking-api-v1.client.mixins.json
[30Jul2026 00:21:20.704] [main/DEBUG] [mixin/]: Selecting config fabric-sound-api-v1.mixins.json
[30Jul2026 00:21:20.705] [main/DEBUG] [mixin/]: Selecting config fabric-message-api-v1.mixins.json
[30Jul2026 00:21:20.706] [main/DEBUG] [mixin/]: Selecting config fabric-message-api-v1.client.mixins.json
[30Jul2026 00:21:20.708] [main/DEBUG] [mixin/]: Selecting config lattice1219.mixins.json
[30Jul2026 00:21:20.711] [main/DEBUG] [mixin/]: Selecting config lattice1216.mixins.json
[30Jul2026 00:21:20.713] [main/DEBUG] [mixin/]: Selecting config lattice1202.mixins.json
[30Jul2026 00:21:20.715] [main/DEBUG] [mixin/]: Selecting config lattice1204.mixins.json
[30Jul2026 00:21:20.716] [main/DEBUG] [mixin/]: Selecting config lattice1206.mixins.json
[30Jul2026 00:21:20.717] [main/DEBUG] [mixin/]: Selecting config lattice1201.mixins.json
[30Jul2026 00:21:20.719] [main/DEBUG] [mixin/]: Selecting config fabric-lifecycle-events-v1.mixins.json
[30Jul2026 00:21:20.720] [main/DEBUG] [mixin/]: Selecting config fabric-lifecycle-events-v1.client.mixins.json
[30Jul2026 00:21:20.722] [main/DEBUG] [mixin/]: Selecting config fabric-data-generation-api-v1.mixins.json
[30Jul2026 00:21:20.723] [main/DEBUG] [mixin/]: Selecting config fabric-events-interaction-v0.mixins.json
[30Jul2026 00:21:20.724] [main/DEBUG] [mixin/]: Selecting config fabric-events-interaction-v0.client.mixins.json
[30Jul2026 00:21:20.725] [main/DEBUG] [mixin/]: Selecting config fabric-key-binding-api-v1.mixins.json
[30Jul2026 00:21:20.727] [main/DEBUG] [mixin/]: Selecting config axiom.mixins.json
[30Jul2026 00:21:20.741] [main/INFO] [axiom/]: Loading Mixin Plugin for Axiom/5.1.1
[30Jul2026 00:21:20.747] [main/DEBUG] [mixin/]: Selecting config adapter.init.mixins.json
[30Jul2026 00:21:20.753] [main/DEBUG] [mixin/]: Registering new injector for @ModifyInstanceofValue with org.sinytra.adapter.runtime.inject.ModifyInstanceofValueInjectionInfo
[30Jul2026 00:21:20.759] [main/WARN] [mixin/]: Reference map '' for adapter.init.mixins.json could not be read. If this is a development environment you can ignore this message
[30Jul2026 00:21:20.760] [main/DEBUG] [mixin/]: Preparing fabric-transfer-api-v1.mixins.json (9)
[30Jul2026 00:21:20.811] [main/DEBUG] [net.minecraftforge.coremod.transformer.CoreModBaseTransformer/COREMOD]: Transforming net/minecraft/world/item/BucketItem
[30Jul2026 00:21:20.857] [main/DEBUG] [mixin/]: Preparing fabric-renderer-api-v1.mixins.json (5)
[30Jul2026 00:21:20.857] [main/DEBUG] [mixin/]: Preparing fabric-renderer-api-v1.debughud.mixins.json (1)
[30Jul2026 00:21:20.857] [main/DEBUG] [mixin/]: Preparing fabric-item-api-v1.mixins.json (2)
[30Jul2026 00:21:20.863] [main/DEBUG] [net.minecraftforge.coremod.transformer.CoreModBaseTransformer/COREMOD]: Transforming net/minecraft/world/item/ItemStack
[30Jul2026 00:21:20.911] [main/DEBUG] [mixin/]: Preparing fabric-item-api-v1.client.mixins.json (1)
[30Jul2026 00:21:20.911] [main/DEBUG] [mixin/]: Preparing fabric-model-loading-api-v1.mixins.json (3)
[30Jul2026 00:21:20.911] [main/DEBUG] [mixin/]: Preparing fabric-rendering-fluids-v1.mixins.json (2)
[30Jul2026 00:21:20.911] [main/DEBUG] [mixin/]: Preparing tacz.mixins.json (15)
[30Jul2026 00:21:20.929] [main/DEBUG] [net.minecraftforge.coremod.transformer.CoreModBaseTransformer/COREMOD]: Transforming m_147215_ with desc (Lnet/minecraft/world/effect/MobEffectInstance;Lnet/minecraft/world/entity/Entity;)V
[30Jul2026 00:21:21.013] [main/DEBUG] [net.minecraftforge.coremod.CoreMod.connectormod/COREMODLOG]: Expanded local variable scope for LivingEntity#forceAddEffect index 3
[30Jul2026 00:21:21.015] [main/DEBUG] [net.minecraftforge.coremod.transformer.CoreModBaseTransformer/COREMOD]: Transforming m_6672_ with desc (Lnet/minecraft/world/InteractionHand;)V
[30Jul2026 00:21:21.035] [main/DEBUG] [net.minecraftforge.coremod.CoreMod.connectormod/COREMODLOG]: Updated onItemUseStart duration threshold
[30Jul2026 00:21:21.188] [main/DEBUG] [mixin/]: Preparing tacz.compat.acceleratedrendering.mixins.json (1)
[30Jul2026 00:21:21.188] [main/DEBUG] [mixin/]: Preparing fabric-screen-handler-api-v1.mixins.json (4)
[30Jul2026 00:21:21.195] [main/DEBUG] [mixin/]: Preparing fabric-resource-loader-v0.mixins.json (6)
[30Jul2026 00:21:21.285] [main/DEBUG] [mixin/]: Preparing fabric-resource-loader-v0.client.mixins.json (4)
[30Jul2026 00:21:21.285] [main/DEBUG] [mixin/]: Preparing fabric-rendering-v1.mixins.json (11)
[30Jul2026 00:21:21.285] [main/DEBUG] [mixin/]: Preparing fabric-renderer-indigo.mixins.json (5)
[30Jul2026 00:21:21.285] [main/DEBUG] [mixin/]: Preparing modernfix-modernfix.mixins.json (190)
[30Jul2026 00:21:21.286] [main/DEBUG] [ModernFix/]: Skipping mixin perf.kubejs.RecipeEventJSMixin: disabled for mod compat (kubejs)
[30Jul2026 00:21:21.286] [main/DEBUG] [ModernFix/]: Skipping mixin perf.ingredient_item_deduplication.IngredientItemValueMixin: disabled by configuration
[30Jul2026 00:21:21.287] [main/DEBUG] [ModernFix/]: Skipping mixin perf.ingredient_item_deduplication.IngredientMixin: disabled by configuration
[30Jul2026 00:21:21.288] [main/DEBUG] [ModernFix/]: Skipping mixin perf.remove_spawn_chunks.MinecraftServerMixin: disabled by configuration
[30Jul2026 00:21:21.288] [main/DEBUG] [ModernFix/]: Skipping mixin perf.remove_spawn_chunks.ServerPlayerMixin: disabled by configuration
[30Jul2026 00:21:21.289] [main/DEBUG] [ModernFix/]: Skipping mixin perf.remove_spawn_chunks.SortedArraySetMixin: disabled by configuration
[30Jul2026 00:21:21.289] [main/DEBUG] [ModernFix/]: Skipping mixin perf.remove_spawn_chunks.PlayerListMixin: disabled by configuration
[30Jul2026 00:21:21.290] [main/DEBUG] [ModernFix/]: Skipping mixin perf.remove_spawn_chunks.EntityMixin: disabled by configuration
[30Jul2026 00:21:21.290] [main/DEBUG] [ModernFix/]: Skipping mixin perf.remove_spawn_chunks.ServerLevelMixin: disabled by configuration
[30Jul2026 00:21:21.291] [main/DEBUG] [ModernFix/]: Skipping mixin perf.cache_strongholds.ConcentricRingsStructurePlacementMixin: disabled for mod compat ([feature level: requires BETA])
[30Jul2026 00:21:21.292] [main/DEBUG] [ModernFix/]: Applying mixin perf.cache_strongholds.ChunkGeneratorMixin
[30Jul2026 00:21:21.293] [main/DEBUG] [ModernFix/]: Applying mixin perf.cache_strongholds.ServerLevelMixin
[30Jul2026 00:21:21.293] [main/DEBUG] [ModernFix/]: Applying mixin perf.remove_biome_temperature_cache.BiomeMixin
[30Jul2026 00:21:21.293] [main/DEBUG] [ModernFix/]: Applying mixin perf.fast_registry_validation.ForgeRegistryMixin
[30Jul2026 00:21:21.294] [main/DEBUG] [ModernFix/]: Applying mixin perf.thread_priorities.UtilMixin
[30Jul2026 00:21:21.295] [main/DEBUG] [ModernFix/]: Skipping mixin perf.dynamic_resources.ForgeHooksClientMixin: disabled by configuration
[30Jul2026 00:21:21.295] [main/DEBUG] [ModernFix/]: Applying mixin perf.fix_loop_spin_waiting.MinecraftServerMixin
[30Jul2026 00:21:21.296] [main/DEBUG] [ModernFix/]: Applying mixin perf.forge_registry_alloc.DelegateHolderMixin
[30Jul2026 00:21:21.296] [main/DEBUG] [ModernFix/]: Applying mixin perf.forge_registry_alloc.DelegateHolderMixin
[30Jul2026 00:21:21.296] [main/DEBUG] [ModernFix/]: Applying mixin perf.forge_registry_alloc.DebugLevelSourceMixin
[30Jul2026 00:21:21.297] [main/DEBUG] [ModernFix/]: Applying mixin perf.forge_registry_alloc.ForgeRegistryMixin
[30Jul2026 00:21:21.297] [main/DEBUG] [ModernFix/]: Applying mixin perf.memoize_creative_tab_build.CreativeModeTabMixin
[30Jul2026 00:21:21.298] [main/DEBUG] [ModernFix/]: Applying mixin perf.ticking_chunk_alloc.BatMixin
[30Jul2026 00:21:21.298] [main/DEBUG] [ModernFix/]: Applying mixin perf.ticking_chunk_alloc.ChunkAccessMixin
[30Jul2026 00:21:21.299] [main/DEBUG] [ModernFix/]: Applying mixin perf.ticking_chunk_alloc.ChunkHolderMixin
[30Jul2026 00:21:21.299] [main/DEBUG] [ModernFix/]: Applying mixin perf.smart_ingredient_sync.ConnectionMixin
[30Jul2026 00:21:21.300] [main/DEBUG] [ModernFix/]: Applying mixin perf.smart_ingredient_sync.PlayerListMixin
[30Jul2026 00:21:21.300] [main/DEBUG] [ModernFix/]: Applying mixin perf.smart_ingredient_sync.IngredientMixin
[30Jul2026 00:21:21.301] [main/DEBUG] [ModernFix/]: Applying mixin perf.cache_upgraded_structures.StructureManagerMixin
[30Jul2026 00:21:21.302] [main/DEBUG] [ModernFix/]: Applying mixin perf.fast_forge_dummies.NamespacedHolderHelperMixin
[30Jul2026 00:21:21.302] [main/DEBUG] [ModernFix/]: Applying mixin perf.compact_bit_storage.PalettedContainerMixin
[30Jul2026 00:21:21.303] [main/DEBUG] [ModernFix/]: Applying mixin perf.mojang_registry_size.MappedRegistryMixin
[30Jul2026 00:21:21.303] [main/DEBUG] [ModernFix/]: Skipping mixin perf.mojang_registry_size.StateHolderMixin: disabled for mod compat (!ferritecore)
[30Jul2026 00:21:21.304] [main/DEBUG] [ModernFix/]: Applying mixin perf.compact_imposterprotochunks.ChunkAccessMixin
[30Jul2026 00:21:21.304] [main/DEBUG] [ModernFix/]: Applying mixin perf.compact_imposterprotochunks.ImposterProtoChunkMixin
[30Jul2026 00:21:21.305] [main/DEBUG] [ModernFix/]: Applying mixin perf.faster_structure_location.StructureCheckMixin
[30Jul2026 00:21:21.305] [main/DEBUG] [ModernFix/]: Applying mixin perf.faster_structure_location.ServerLevelMixin
[30Jul2026 00:21:21.305] [main/DEBUG] [ModernFix/]: Applying mixin perf.compact_mojang_registries.MappedRegistryMixin
[30Jul2026 00:21:21.306] [main/DEBUG] [ModernFix/]: Applying mixin perf.compact_mojang_registries.BlockStateDataMixin
[30Jul2026 00:21:21.306] [main/DEBUG] [ModernFix/]: Applying mixin perf.compact_mojang_registries.VanillaRegistriesMixin
[30Jul2026 00:21:21.307] [main/DEBUG] [ModernFix/]: Applying mixin perf.cache_blockstate_cache_arrays.AbstractBlockStateCacheMixin
[30Jul2026 00:21:21.307] [main/DEBUG] [ModernFix/]: Applying mixin perf.optimize_surface_rules.NoiseBasedChunkGeneratorMixin
[30Jul2026 00:21:21.308] [main/DEBUG] [ModernFix/]: Applying mixin perf.optimize_surface_rules.SurfaceRulesContextMixin
[30Jul2026 00:21:21.308] [main/DEBUG] [ModernFix/]: Applying mixin perf.optimize_surface_rules.BiomeConditionSourceMixin
[30Jul2026 00:21:21.309] [main/DEBUG] [ModernFix/]: Applying mixin perf.optimize_surface_rules.BiomeManagerAccessor
[30Jul2026 00:21:21.310] [main/DEBUG] [ModernFix/]: Applying mixin perf.optimize_surface_rules.SurfaceSystemMixin
[30Jul2026 00:21:21.310] [main/DEBUG] [ModernFix/]: Skipping mixin perf.optimize_surface_rules.NamespacedSurfaceRuleSourceMixin: disabled for mod compat (terrablender)
[30Jul2026 00:21:21.311] [main/DEBUG] [ModernFix/]: Applying mixin perf.dynamic_dfu.EntityTypeBuilderMixin
[30Jul2026 00:21:21.311] [main/DEBUG] [ModernFix/]: Applying mixin perf.dynamic_dfu.DataFixTypesMixin
[30Jul2026 00:21:21.312] [main/DEBUG] [ModernFix/]: Applying mixin perf.dynamic_dfu.DataFixersMixin
[30Jul2026 00:21:21.312] [main/DEBUG] [ModernFix/]: Applying mixin perf.dynamic_dfu.BlockEntityTypeMixin
[30Jul2026 00:21:21.313] [main/DEBUG] [ModernFix/]: Applying mixin perf.deduplicate_wall_shapes.WallBlockMixin
[30Jul2026 00:21:21.313] [main/DEBUG] [ModernFix/]: Applying mixin perf.dedicated_reload_executor.MinecraftServerMixin
[30Jul2026 00:21:21.314] [main/DEBUG] [ModernFix/]: Applying mixin perf.tag_id_caching.TagOrElementLocationMixin
[30Jul2026 00:21:21.314] [main/DEBUG] [ModernFix/]: Applying mixin perf.tag_id_caching.TagEntryMixin
[30Jul2026 00:21:21.314] [main/DEBUG] [ModernFix/]: Applying mixin perf.faster_ingredients.ForgeHooksMixin
[30Jul2026 00:21:21.315] [main/DEBUG] [ModernFix/]: Skipping mixin perf.faster_ingredients.CofhIngredientWithCountMixin: disabled for mod compat (cofh_core)
[30Jul2026 00:21:21.316] [main/DEBUG] [ModernFix/]: Applying mixin perf.faster_ingredients.IngredientMixin
[30Jul2026 00:21:21.316] [main/DEBUG] [ModernFix/]: Skipping mixin perf.faster_capabilities.bytecode_analysis.ForgeEventFactoryMixin: disabled by configuration
[30Jul2026 00:21:21.317] [main/DEBUG] [ModernFix/]: Skipping mixin perf.faster_capabilities.bytecode_analysis.AttachCapabilitiesEventMixin: disabled by configuration
[30Jul2026 00:21:21.317] [main/DEBUG] [ModernFix/]: Applying mixin perf.faster_capabilities.CapabilityDispatcherMixin
[30Jul2026 00:21:21.318] [main/DEBUG] [ModernFix/]: Applying mixin perf.fix_handshake_stall.HandshakeHandlerMixin
[30Jul2026 00:21:21.319] [main/DEBUG] [ModernFix/]: Applying mixin perf.attribute_supplier_dedup.AttributeSupplierMixin
[30Jul2026 00:21:21.319] [main/DEBUG] [ModernFix/]: Applying mixin perf.attribute_supplier_dedup.AttributeSupplierBuilderMixin
[30Jul2026 00:21:21.320] [main/DEBUG] [ModernFix/]: Applying mixin perf.model_optimizations.PropertyMixin
[30Jul2026 00:21:21.320] [main/DEBUG] [ModernFix/]: Applying mixin perf.model_optimizations.BooleanPropertyMixin
[30Jul2026 00:21:21.320] [main/DEBUG] [ModernFix/]: Applying mixin perf.reduce_blockstate_cache_rebuilds.BlocksMixin
[30Jul2026 00:21:21.321] [main/DEBUG] [ModernFix/]: Applying mixin perf.reduce_blockstate_cache_rebuilds.BlockCallbacksMixin
[30Jul2026 00:21:21.322] [main/DEBUG] [ModernFix/]: Applying mixin perf.reduce_blockstate_cache_rebuilds.BlockStateBaseMixin
[30Jul2026 00:21:21.322] [main/DEBUG] [ModernFix/]: Applying mixin perf.forge_cap_retrieval.AttachCapabilitiesEventMixin
[30Jul2026 00:21:21.322] [main/DEBUG] [ModernFix/]: Applying mixin perf.forge_cap_retrieval.LivingEntityMixin
[30Jul2026 00:21:21.323] [main/DEBUG] [ModernFix/]: Applying mixin perf.potential_spawns_alloc.ForgeEventFactoryMixin
[30Jul2026 00:21:21.323] [main/DEBUG] [ModernFix/]: Applying mixin perf.potential_spawns_alloc.PotentialSpawnsMixin
[30Jul2026 00:21:21.324] [main/DEBUG] [ModernFix/]: Skipping mixin perf.resourcepacks.FilePackResourcesMixin: disabled for mod compat ([feature level: requires BETA])
[30Jul2026 00:21:21.325] [main/DEBUG] [ModernFix/]: Applying mixin perf.resourcepacks.ForgePathPackResourcesMixin
[30Jul2026 00:21:21.325] [main/DEBUG] [ModernFix/]: Applying mixin perf.state_definition_construct.StateDefinitionMixin
[30Jul2026 00:21:21.326] [main/DEBUG] [ModernFix/]: Applying mixin perf.dynamic_structure_manager.StructureManagerMixin
[30Jul2026 00:21:21.326] [main/DEBUG] [ModernFix/]: Applying mixin perf.object_holder_cleanup.GameDataMixin
[30Jul2026 00:21:21.327] [main/DEBUG] [ModernFix/]: Applying mixin perf.datapack_reload_exceptions.RecipeManagerMixin
[30Jul2026 00:21:21.328] [main/DEBUG] [ModernFix/]: Applying mixin perf.release_protochunks.ChunkMapMixin
[30Jul2026 00:21:21.328] [main/DEBUG] [ModernFix/]: Applying mixin perf.release_protochunks.ImposterProtoChunkMixin
[30Jul2026 00:21:21.329] [main/DEBUG] [ModernFix/]: Applying mixin perf.release_protochunks.ChunkHolderMixin
[30Jul2026 00:21:21.329] [main/DEBUG] [ModernFix/]: Applying mixin perf.worldgen_allocation.SurfaceRulesMixin
[30Jul2026 00:21:21.329] [main/DEBUG] [ModernFix/]: Applying mixin perf.worldgen_allocation.SurfaceRulesMixin
[30Jul2026 00:21:21.329] [main/DEBUG] [ModernFix/]: Applying mixin perf.worldgen_allocation.SurfaceRulesMixin
[30Jul2026 00:21:21.329] [main/DEBUG] [ModernFix/]: Applying mixin perf.worldgen_allocation.SurfaceRulesMixin
[30Jul2026 00:21:21.330] [main/DEBUG] [ModernFix/]: Applying mixin perf.worldgen_allocation.SurfaceRulesMixin
[30Jul2026 00:21:21.330] [main/DEBUG] [ModernFix/]: Applying mixin perf.worldgen_allocation.NoiseChunkMixin
[30Jul2026 00:21:21.330] [main/DEBUG] [ModernFix/]: Applying mixin perf.worldgen_allocation.MaterialRuleListMixin
[30Jul2026 00:21:21.331] [main/DEBUG] [ModernFix/]: Applying mixin perf.worldgen_allocation.SequenceRuleMixin
[30Jul2026 00:21:21.331] [main/DEBUG] [ModernFix/]: Applying mixin perf.worldgen_allocation.SurfaceRulesContextMixin
[30Jul2026 00:21:21.332] [main/DEBUG] [ModernFix/]: Applying mixin perf.forge_registry_lambda.RegistryObjectMixin
[30Jul2026 00:21:21.332] [main/DEBUG] [ModernFix/]: Applying mixin core.PalettedContainerMixin
[30Jul2026 00:21:21.333] [main/DEBUG] [ModernFix/]: Applying mixin core.MinecraftServerMixin
[30Jul2026 00:21:21.333] [main/DEBUG] [ModernFix/]: Applying mixin core.CrashReportAnalyserMixin
[30Jul2026 00:21:21.334] [main/DEBUG] [ModernFix/]: Applying mixin core.NetworkHooksMixin
[30Jul2026 00:21:21.334] [main/DEBUG] [ModernFix/]: Applying mixin core.GameDataMixin
[30Jul2026 00:21:21.334] [main/DEBUG] [ModernFix/]: Applying mixin core.WorldLoaderMixin
[30Jul2026 00:21:21.335] [main/DEBUG] [ModernFix/]: Applying mixin core.BootstrapMixin
[30Jul2026 00:21:21.335] [main/DEBUG] [ModernFix/]: Skipping mixin feature.blockentity_incorrect_thread.ChunkAccessMixin: disabled by configuration
[30Jul2026 00:21:21.336] [main/DEBUG] [ModernFix/]: Skipping mixin feature.blockentity_incorrect_thread.LevelThreadAccessor: disabled by configuration
[30Jul2026 00:21:21.336] [main/DEBUG] [ModernFix/]: Skipping mixin feature.cause_lag_by_disabling_threads.UtilMixin: disabled by configuration
[30Jul2026 00:21:21.336] [main/DEBUG] [ModernFix/]: Applying mixin feature.branding.BrandingControlMixin
[30Jul2026 00:21:21.337] [main/DEBUG] [ModernFix/]: Applying mixin feature.mcfunction_profiling.ServerFunctionManagerMixin
[30Jul2026 00:21:21.338] [main/DEBUG] [ModernFix/]: Applying mixin feature.measure_time.AddReloadListenerEventWrapperMixin
[30Jul2026 00:21:21.338] [main/DEBUG] [ModernFix/]: Applying mixin feature.measure_time.WorldLoaderMixin
[30Jul2026 00:21:21.339] [main/DEBUG] [ModernFix/]: Applying mixin feature.measure_time.ProfiledReloadInstanceMixin
[30Jul2026 00:21:21.339] [main/DEBUG] [ModernFix/]: Applying mixin feature.measure_time.SimpleReloadInstanceMixin
[30Jul2026 00:21:21.339] [main/DEBUG] [ModernFix/]: Applying mixin feature.measure_time.BootstrapMixin
[30Jul2026 00:21:21.340] [main/DEBUG] [ModernFix/]: Applying mixin bugfix.removed_dimensions.LevelStorageSourceMixin
[30Jul2026 00:21:21.340] [main/DEBUG] [ModernFix/]: Applying mixin bugfix.concurrency.ForgeRegistryTagManagerMixin
[30Jul2026 00:21:21.341] [main/DEBUG] [ModernFix/]: Applying mixin bugfix.concurrency.NamespacedWrapperMixin
[30Jul2026 00:21:21.341] [main/DEBUG] [ModernFix/]: Applying mixin bugfix.concurrency.MappedRegistryMixin
[30Jul2026 00:21:21.342] [main/DEBUG] [ModernFix/]: Skipping mixin bugfix.unsafe_modded_shape_caches.ShapeCacheCyclicMixin: disabled for mod compat (cyclic)
[30Jul2026 00:21:21.342] [main/DEBUG] [ModernFix/]: Skipping mixin bugfix.unsafe_modded_shape_caches.ShapeCacheRSMixin: disabled for mod compat (refinedstorage)
[30Jul2026 00:21:21.342] [main/DEBUG] [ModernFix/]: Applying mixin bugfix.paper_chunk_patches.ChunkMapMixin
[30Jul2026 00:21:21.343] [main/DEBUG] [ModernFix/]: Applying mixin bugfix.paper_chunk_patches.SortedArraySetMixin
[30Jul2026 00:21:21.343] [main/DEBUG] [ModernFix/]: Applying mixin bugfix.chunk_deadlock.ServerChunkCache_CurrentLoadingMixin
[30Jul2026 00:21:21.344] [main/DEBUG] [ModernFix/]: Applying mixin bugfix.chunk_deadlock.ChunkMapLoadMixin
[30Jul2026 00:21:21.345] [main/DEBUG] [ModernFix/]: Applying mixin bugfix.chunk_deadlock.EntityMixin
[30Jul2026 00:21:21.346] [main/DEBUG] [ModernFix/]: Skipping mixin bugfix.restore_old_dragon_movement.EnderDragonMixin: disabled by configuration
[30Jul2026 00:21:21.347] [main/DEBUG] [ModernFix/]: Skipping mixin bugfix.cofh_core_crash.FlagManagerMixin: disabled for mod compat (cofh_core)
[30Jul2026 00:21:21.348] [main/DEBUG] [ModernFix/]: Applying mixin bugfix.forge_vehicle_packets.ServerGamePacketListenerImplMixin
[30Jul2026 00:21:21.348] [main/DEBUG] [ModernFix/]: Applying mixin bugfix.registry_ops_cme.RegistryOpsMemoizedMixin
[30Jul2026 00:21:21.349] [main/DEBUG] [ModernFix/]: Skipping mixin devenv.GameDataMixin: disabled by configuration
[30Jul2026 00:21:21.362] [main/DEBUG] [net.minecraftforge.coremod.transformer.CoreModBaseTransformer/COREMOD]: Transforming net/minecraft/world/level/biome/Biome
[30Jul2026 00:21:21.384] [main/DEBUG] [net.minecraftforge.coremod.transformer.CoreModBaseTransformer/COREMOD]: Transforming net/minecraft/world/item/CreativeModeTab
[30Jul2026 00:21:21.422] [main/DEBUG] [net.minecraftforge.coremod.CoreMod.connectormod/COREMODLOG]: Injected vanilla CreativeModeTab constructor
[30Jul2026 00:21:21.599] [main/DEBUG] [mixin/]: @Mixin target net/minecraft/world/level/levelgen/SurfaceRules$Context is public in modernfix-modernfix.mixins.json:perf.worldgen_allocation.SurfaceRulesContextMixin from mod modernfix and should be specified in value
[30Jul2026 00:21:21.632] [main/DEBUG] [mixin/]: Preparing fabric-mining-level-api-v1.mixins.json (3)
[30Jul2026 00:21:21.636] [main/DEBUG] [mixin/]: Preparing fabric-block-view-api-v2.mixins.json (3)
[30Jul2026 00:21:21.643] [main/DEBUG] [mixin/]: Preparing fabric-block-view-api-v2.client.mixins.json (2)
[30Jul2026 00:21:21.643] [main/DEBUG] [mixin/]: Preparing fabric-command-api-v2.mixins.json (1)
[30Jul2026 00:21:21.647] [main/DEBUG] [mixin/]: Preparing fabric-command-api-v2.client.mixins.json (2)
[30Jul2026 00:21:21.647] [main/DEBUG] [mixin/]: Preparing fabric-data-attachment-api-v1.mixins.json (8)
[30Jul2026 00:21:21.665] [main/DEBUG] [mixin/]: Preparing fabric-data-attachment-api-v1.client.mixins.json (1)
[30Jul2026 00:21:21.665] [main/DEBUG] [mixin/]: Preparing mixinextras.init.mixins.json (0)
[30Jul2026 00:21:21.665] [main/DEBUG] [mixin/]: Preparing midnightlib.mixins.json (1)
[30Jul2026 00:21:21.665] [main/DEBUG] [mixin/]: Preparing starlight.mixins.json (13)
[30Jul2026 00:21:21.676] [main/DEBUG] [mixin/]: Preparing mts.mixins.json (13)
[30Jul2026 00:21:21.679] [main/DEBUG] [mixin/]: Preparing fabric-screen-api-v1.mixins.json (4)
[30Jul2026 00:21:21.680] [main/ERROR] [net.minecraftforge.fml.loading.RuntimeDistCleaner/DISTXFORM]: Attempted to load class net/minecraft/client/MouseHandler for invalid dist DEDICATED_SERVER
[30Jul2026 00:21:21.681] [main/WARN] [mixin/]: Error loading class: net/minecraft/client/MouseHandler (java.lang.RuntimeException: Attempted to load class net/minecraft/client/MouseHandler for invalid dist DEDICATED_SERVER)
[30Jul2026 00:21:21.681] [main/WARN] [mixin/]: @Mixin target net.minecraft.client.MouseHandler was not found fabric-screen-api-v1.mixins.json:MouseMixin from mod fabric_screen_api_v1
[30Jul2026 00:21:21.683] [main/ERROR] [net.minecraftforge.fml.loading.RuntimeDistCleaner/DISTXFORM]: Attempted to load class net/minecraft/client/gui/screens/Screen for invalid dist DEDICATED_SERVER
[30Jul2026 00:21:21.683] [main/WARN] [mixin/]: Error loading class: net/minecraft/client/gui/screens/Screen (java.lang.RuntimeException: Attempted to load class net/minecraft/client/gui/screens/Screen for invalid dist DEDICATED_SERVER)
[30Jul2026 00:21:21.683] [main/WARN] [mixin/]: @Mixin target net.minecraft.client.gui.screens.Screen was not found fabric-screen-api-v1.mixins.json:ScreenAccessor from mod fabric_screen_api_v1
[30Jul2026 00:21:21.683] [main/DEBUG] [mixin/]: Preparing memoryleakfix.mixins.json (7)
[30Jul2026 00:21:21.688] [main/DEBUG] [mixin/]: Preparing fabric-particles-v1.client.mixins.json (4)
[30Jul2026 00:21:21.688] [main/DEBUG] [mixin/]: Preparing fabric-content-registries-v0.mixins.json (8)
[30Jul2026 00:21:21.733] [main/DEBUG] [net.minecraftforge.coremod.transformer.CoreModBaseTransformer/COREMOD]: Transforming net/minecraft/world/entity/npc/Villager
[30Jul2026 00:21:21.985] [main/DEBUG] [mixin/]: Preparing fabric-game-rule-api-v1.mixins.json (6)
[30Jul2026 00:21:21.993] [main/DEBUG] [mixin/]: Preparing fabric-game-rule-api-v1.client.mixins.json (3)
[30Jul2026 00:21:21.993] [main/DEBUG] [mixin/]: Preparing fabric-api-base.init.mixins.json (0)
[30Jul2026 00:21:21.993] [main/DEBUG] [mixin/]: Preparing fabric-api-lookup-api-v1.mixins.json (2)
[30Jul2026 00:21:21.994] [main/DEBUG] [mixin/]: Preparing fabric-blockrenderlayer-v1.mixins.json (2)
[30Jul2026 00:21:21.994] [main/DEBUG] [mixin/]: Preparing creativecore.mixins.json (8)
[30Jul2026 00:21:22.002] [main/DEBUG] [mixin/]: Preparing creativecore.forge.mixins.json (3)
[30Jul2026 00:21:22.003] [main/DEBUG] [mixin/]: Preparing fabric-resource-conditions-api-v1.mixins.json (5)
[30Jul2026 00:21:22.005] [main/DEBUG] [mixin/]: Preparing ksyxis.mixins.json (7)
[30Jul2026 00:21:22.054] [main/DEBUG] [mixin/]: Preparing lrtactical.mixins.json (8)
[30Jul2026 00:21:22.068] [main/DEBUG] [mixin/]: Preparing simplebedrockmodel.mixins.json (4)
[30Jul2026 00:21:22.069] [main/DEBUG] [mixin/]: Preparing fabric-item-group-api-v1.mixins.json (1)
[30Jul2026 00:21:22.070] [main/DEBUG] [mixin/]: Preparing fabric-item-group-api-v1.client.mixins.json (1)
[30Jul2026 00:21:22.070] [main/DEBUG] [mixin/]: Preparing connectormod.mixins.json (40)
[30Jul2026 00:21:22.077] [main/DEBUG] [net.minecraftforge.coremod.transformer.CoreModBaseTransformer/COREMOD]: Transforming getAttributeModifiers with desc (Lnet/minecraft/world/entity/EquipmentSlot;Lnet/minecraft/world/item/ItemStack;)Lcom/google/common/collect/Multimap;
[30Jul2026 00:21:22.093] [main/DEBUG] [net.minecraftforge.coremod.transformer.CoreModBaseTransformer/COREMOD]: Transforming getCraftingRemainingItem with desc (Lnet/minecraft/world/item/ItemStack;)Lnet/minecraft/world/item/ItemStack;
[30Jul2026 00:21:22.111] [main/DEBUG] [net.minecraftforge.coremod.transformer.CoreModBaseTransformer/COREMOD]: Transforming hasCraftingRemainingItem with desc (Lnet/minecraft/world/item/ItemStack;)Z
[30Jul2026 00:21:22.157] [main/DEBUG] [net.minecraftforge.coremod.transformer.CoreModBaseTransformer/COREMOD]: Transforming getEquipmentSlot with desc (Lnet/minecraft/world/item/ItemStack;)Lnet/minecraft/world/entity/EquipmentSlot;
[30Jul2026 00:21:22.173] [main/DEBUG] [net.minecraftforge.coremod.transformer.CoreModBaseTransformer/COREMOD]: Transforming isCorrectToolForDrops with desc (Lnet/minecraft/world/item/ItemStack;Lnet/minecraft/world/level/block/state/BlockState;)Z
[30Jul2026 00:21:22.186] [main/DEBUG] [net.minecraftforge.coremod.transformer.CoreModBaseTransformer/COREMOD]: Transforming shouldCauseReequipAnimation with desc (Lnet/minecraft/world/item/ItemStack;Lnet/minecraft/world/item/ItemStack;Z)Z
[30Jul2026 00:21:22.200] [main/DEBUG] [net.minecraftforge.coremod.transformer.CoreModBaseTransformer/COREMOD]: Transforming damageItem with desc (Lnet/minecraft/world/item/ItemStack;ILnet/minecraft/world/entity/LivingEntity;Ljava/util/function/Consumer;)I
[30Jul2026 00:21:22.218] [main/DEBUG] [net.minecraftforge.coremod.transformer.CoreModBaseTransformer/COREMOD]: Transforming net/minecraftforge/common/extensions/IForgeItem
[30Jul2026 00:21:22.235] [main/DEBUG] [mixin/]: Preparing fabric-biome-api-v1.mixins.json (7)
[30Jul2026 00:21:22.241] [main/DEBUG] [mixin/]: Preparing fabric-entity-events-v1.mixins.json (9)
[30Jul2026 00:21:22.255] [main/DEBUG] [net.minecraftforge.coremod.transformer.CoreModBaseTransformer/COREMOD]: Transforming net/minecraft/world/entity/animal/frog/Tadpole
[30Jul2026 00:21:22.286] [main/DEBUG] [mixin/]: Preparing fabric-entity-events-v1.client.mixins.json (1)
[30Jul2026 00:21:22.286] [main/DEBUG] [mixin/]: Preparing fabric-registry-sync-v0.mixins.json (10)
[30Jul2026 00:21:22.293] [main/DEBUG] [mixin/]: Preparing fabric-registry-sync-v0.client.mixins.json (1)
[30Jul2026 00:21:22.293] [main/DEBUG] [mixin/]: Preparing architectury.mixins.json (9)
[30Jul2026 00:21:22.296] [main/DEBUG] [mixin/]: Preparing architectury-common.mixins.json (10)
[30Jul2026 00:21:22.300] [main/DEBUG] [net.minecraftforge.coremod.transformer.CoreModBaseTransformer/COREMOD]: Transforming net/minecraft/world/entity/EntityType
[30Jul2026 00:21:22.348] [main/DEBUG] [net.minecraftforge.coremod.transformer.CoreModBaseTransformer/COREMOD]: Transforming net/minecraft/world/level/block/LiquidBlock
[30Jul2026 00:21:22.353] [main/DEBUG] [mixin/]: Preparing fabric-recipe-api-v1.mixins.json (4)
[30Jul2026 00:21:22.355] [main/DEBUG] [mixin/]: Preparing ferritecore.predicates.mixin.json (3)
[30Jul2026 00:21:22.355] [main/DEBUG] [mixin/]: Preparing ferritecore.fastmap.mixin.json (1)
[30Jul2026 00:21:22.360] [main/DEBUG] [mixin/]: Preparing ferritecore.mrl.mixin.json (2)
[30Jul2026 00:21:22.360] [main/DEBUG] [mixin/]: Preparing ferritecore.dedupmultipart.mixin.json (2)
[30Jul2026 00:21:22.360] [main/DEBUG] [mixin/]: Preparing ferritecore.blockstatecache.mixin.json (8)
[30Jul2026 00:21:22.365] [main/DEBUG] [mixin/]: @Mixin target net/minecraft/world/level/block/state/BlockBehaviour$BlockStateBase$Cache is public in ferritecore.blockstatecache.mixin.json:BlockStateCacheMixin from mod ferritecore and should be specified in value
[30Jul2026 00:21:22.367] [main/DEBUG] [mixin/]: Preparing ferritecore.dedupbakedquad.mixin.json (2)
[30Jul2026 00:21:22.367] [main/DEBUG] [mixin/]: Preparing ferritecore.threaddetec.mixin.json (1)
[30Jul2026 00:21:22.367] [main/DEBUG] [mixin/]: Preparing ferritecore.modelsides.mixin.json (1)
[30Jul2026 00:21:22.367] [main/DEBUG] [mixin/]: Preparing fabric-loot-api-v2.mixins.json (6)
[30Jul2026 00:21:22.372] [main/DEBUG] [mixin/]: Preparing fabric-object-builder-v1.mixins.json (5)
[30Jul2026 00:21:22.377] [main/DEBUG] [mixin/]: Preparing fabric-rendering-data-attachment-v1.mixins.json (2)
[30Jul2026 00:21:22.378] [main/DEBUG] [mixin/]: Preparing fabric-rendering-data-attachment-v1.client.mixins.json (1)
[30Jul2026 00:21:22.378] [main/DEBUG] [mixin/]: Preparing fabric-networking-api-v1.mixins.json (11)
[30Jul2026 00:21:22.384] [main/DEBUG] [mixin/]: Preparing fabric-networking-api-v1.client.mixins.json (5)
[30Jul2026 00:21:22.385] [main/DEBUG] [mixin/]: Preparing fabric-sound-api-v1.mixins.json (1)
[30Jul2026 00:21:22.385] [main/DEBUG] [mixin/]: Preparing fabric-message-api-v1.mixins.json (2)
[30Jul2026 00:21:22.385] [main/DEBUG] [mixin/]: Preparing fabric-message-api-v1.client.mixins.json (2)
[30Jul2026 00:21:22.387] [main/DEBUG] [mixin/]: Preparing lattice1219.mixins.json (9)
[30Jul2026 00:21:22.387] [main/DEBUG] [mixin/]: Preparing lattice1216.mixins.json (3)
[30Jul2026 00:21:22.387] [main/DEBUG] [mixin/]: Preparing lattice1202.mixins.json (5)
[30Jul2026 00:21:22.387] [main/DEBUG] [mixin/]: Preparing lattice1204.mixins.json (1)
[30Jul2026 00:21:22.387] [main/DEBUG] [mixin/]: Preparing lattice1206.mixins.json (1)
[30Jul2026 00:21:22.387] [main/DEBUG] [mixin/]: Preparing lattice1201.mixins.json (12)
[30Jul2026 00:21:22.387] [main/DEBUG] [mixin/]: Preparing fabric-lifecycle-events-v1.mixins.json (9)
[30Jul2026 00:21:22.391] [main/DEBUG] [mixin/]: Preparing fabric-lifecycle-events-v1.client.mixins.json (6)
[30Jul2026 00:21:22.391] [main/DEBUG] [mixin/]: Preparing fabric-data-generation-api-v1.mixins.json (3)
[30Jul2026 00:21:22.396] [main/DEBUG] [mixin/]: Preparing fabric-events-interaction-v0.mixins.json (2)
[30Jul2026 00:21:22.399] [main/DEBUG] [mixin/]: Preparing fabric-events-interaction-v0.client.mixins.json (2)
[30Jul2026 00:21:22.399] [main/DEBUG] [mixin/]: Preparing fabric-key-binding-api-v1.mixins.json (1)
[30Jul2026 00:21:22.399] [main/DEBUG] [mixin/]: Preparing axiom.mixins.json (91)
[30Jul2026 00:21:22.430] [main/DEBUG] [net.minecraftforge.coremod.transformer.CoreModBaseTransformer/COREMOD]: Transforming net/minecraft/world/level/levelgen/structure/templatesystem/StructureTemplate
[30Jul2026 00:21:22.581] [main/DEBUG] [mixin/]: Preparing adapter.init.mixins.json (0)
[30Jul2026 00:21:22.582] [main/INFO] [memoryleakfix/]: [MemoryLeakFix] Will be applying 1 memory leak fixes!
[30Jul2026 00:21:22.582] [main/INFO] [memoryleakfix/]: [MemoryLeakFix] Currently enabled memory leak fixes: [biomeTemperatureLeak]
[30Jul2026 00:21:22.591] [main/DEBUG] [mixin/]: Inner class net/fabricmc/fabric/mixin/transfer/ChiseledBookshelfBlockEntityMixin$1 in net/fabricmc/fabric/mixin/transfer/ChiseledBookshelfBlockEntityMixin on net/minecraft/world/level/block/entity/ChiseledBookShelfBlockEntity gets unique name net/minecraft/world/level/block/entity/ChiseledBookShelfBlockEntity$Anonymous$2822650f2c524c00bb265dc674ba5654
[30Jul2026 00:21:22.602] [main/DEBUG] [mixin/]: Inner class org/embeddedt/modernfix/common/mixin/perf/forge_registry_alloc/DebugLevelSourceMixin$1 in org/embeddedt/modernfix/common/mixin/perf/forge_registry_alloc/DebugLevelSourceMixin on net/minecraft/world/level/levelgen/DebugLevelSource gets unique name net/minecraft/world/level/levelgen/DebugLevelSource$Anonymous$46228cfd92f142c0b8b10fea2e19c7cd
[30Jul2026 00:21:22.715] [main/DEBUG] [mixin/]: Prepared 323 mixins in 2.433 sec (7.5ms avg) (0ms load, 0ms transform, 0ms plugin)
[30Jul2026 00:21:22.716] [main/DEBUG] [org.sinytra.connector.loader.ConnectorEarlyLoader/]: Running prelaunch entrypoint
[30Jul2026 00:21:22.721] [main/DEBUG] [axiom_prelaunch/]: Axiom PreLaunch Axiom/5.1.1 at 1785370882721ms
[30Jul2026 00:21:22.728] [main/INFO] [MixinExtras|Service/]: Initializing MixinExtras via com.llamalad7.mixinextras.service.MixinExtrasServiceImpl(version=0.4.1).
[30Jul2026 00:21:22.732] [main/DEBUG] [mixin/]: Registering new injector for @SugarWrapper with com.llamalad7.mixinextras.sugar.impl.SugarWrapperInjectionInfo
[30Jul2026 00:21:22.732] [main/DEBUG] [mixin/]: Registering new injector for @FactoryRedirectWrapper with com.llamalad7.mixinextras.wrapper.factory.FactoryRedirectWrapperInjectionInfo
[30Jul2026 00:21:22.739] [main/DEBUG] [mixin/]: Mixing boot.ServerMainMixin from connectormod.mixins.json into net.minecraft.server.Main
[30Jul2026 00:21:22.792] [main/DEBUG] [mixin/]: connectormod.mixins.json:boot.ServerMainMixin from mod connectormod->@Inject::earlyInit(Lorg/spongepowered/asm/mixin/injection/callback/CallbackInfo;)V doesn't use it's CallbackInfo
[30Jul2026 00:21:22.819] [main/DEBUG] [mixin/]: Mixing perf.fix_loop_spin_waiting.MinecraftServerMixin from modernfix-modernfix.mixins.json into net.minecraft.server.MinecraftServer
[30Jul2026 00:21:22.834] [main/DEBUG] [mixin/]: Mixing MinecraftServerMixin from fabric-resource-loader-v0.mixins.json into net.minecraft.server.MinecraftServer
[30Jul2026 00:21:22.834] [main/DEBUG] [mixin/]: fabric-resource-loader-v0.mixins.json:MinecraftServerMixin from mod fabric_resource_loader_v0: Class version 61 required is higher than the class version supported by the current version of Mixin (JAVA_16 supports class version 60)
[30Jul2026 00:21:22.855] [main/DEBUG] [mixin/]: Mixing perf.dedicated_reload_executor.MinecraftServerMixin from modernfix-modernfix.mixins.json into net.minecraft.server.MinecraftServer
[30Jul2026 00:21:22.859] [main/DEBUG] [mixin/]: Mixing core.MinecraftServerMixin from modernfix-modernfix.mixins.json into net.minecraft.server.MinecraftServer
[30Jul2026 00:21:22.860] [main/DEBUG] [mixin/]: Renaming synthetic method lambda$mfix$endReloadTrack$0(Ljava/lang/Void;)V to mdda8f76$modernfix$lambda$mfix$endReloadTrack$0$0 in modernfix-modernfix.mixins.json:core.MinecraftServerMixin from mod modernfix
[30Jul2026 00:21:22.883] [main/DEBUG] [mixin/]: Mixing MinecraftServerMixin from ksyxis.mixins.json into net.minecraft.server.MinecraftServer
[30Jul2026 00:21:22.895] [main/DEBUG] [mixin/]: Mixing registries.MinecraftServerMixin from connectormod.mixins.json into net.minecraft.server.MinecraftServer
[30Jul2026 00:21:22.898] [main/DEBUG] [mixin/]: Mixing MinecraftServerMixin from fabric-message-api-v1.mixins.json into net.minecraft.server.MinecraftServer
[30Jul2026 00:21:22.898] [main/DEBUG] [mixin/]: fabric-message-api-v1.mixins.json:MinecraftServerMixin from mod fabric_message_api_v1: Class version 61 required is higher than the class version supported by the current version of Mixin (JAVA_16 supports class version 60)
[30Jul2026 00:21:22.898] [main/DEBUG] [mixin/]: Renaming synthetic method lambda$onGetChatDecorator$1(Lnet/minecraft/network/chat/ChatDecorator;Lnet/minecraft/server/level/ServerPlayer;Lnet/minecraft/network/chat/Component;)Ljava/util/concurrent/CompletableFuture; to mdda8f76$fabric_message_api_v1$lambda$onGetChatDecorator$1$1 in fabric-message-api-v1.mixins.json:MinecraftServerMixin from mod fabric_message_api_v1
[30Jul2026 00:21:22.898] [main/DEBUG] [mixin/]: Renaming synthetic method lambda$onGetChatDecorator$0(Lnet/minecraft/server/level/ServerPlayer;Lnet/minecraft/network/chat/Component;)Ljava/util/concurrent/CompletionStage; to mdda8f76$fabric_message_api_v1$lambda$onGetChatDecorator$0$2 in fabric-message-api-v1.mixins.json:MinecraftServerMixin from mod fabric_message_api_v1
[30Jul2026 00:21:22.902] [main/DEBUG] [mixin/]: Mixing MinecraftServerMixin from fabric-lifecycle-events-v1.mixins.json into net.minecraft.server.MinecraftServer
[30Jul2026 00:21:22.902] [main/DEBUG] [mixin/]: Renaming synthetic method lambda$endResourceReload$0(Ljava/lang/Void;Ljava/lang/Throwable;)Ljava/lang/Void; to mdda8f76$fabric_lifecycle_events_v1$lambda$endResourceReload$0$3 in fabric-lifecycle-events-v1.mixins.json:MinecraftServerMixin from mod fabric_lifecycle_events_v1
[30Jul2026 00:21:22.983] [main/DEBUG] [mixin/]: modernfix-modernfix.mixins.json:core.MinecraftServerMixin from mod modernfix->@Inject::startReloadTrack(Ljava/util/Collection;Lorg/spongepowered/asm/mixin/injection/callback/CallbackInfoReturnable;)V doesn't use it's CallbackInfoReturnable
[30Jul2026 00:21:22.983] [main/DEBUG] [mixin/]: modernfix-modernfix.mixins.json:core.MinecraftServerMixin from mod modernfix->@Inject::startReloadTrack(Ljava/util/Collection;Lorg/spongepowered/asm/mixin/injection/callback/CallbackInfoReturnable;)V has 0 override(s) in child classes
[30Jul2026 00:21:22.983] [main/DEBUG] [mixin/]: modernfix-modernfix.mixins.json:core.MinecraftServerMixin from mod modernfix->@Inject::startReloadTrack(Ljava/util/Collection;Lorg/spongepowered/asm/mixin/injection/callback/CallbackInfoReturnable;)V won't be passed a CallbackInfoReturnable as a result
[30Jul2026 00:21:22.984] [main/DEBUG] [mixin/]: modernfix-modernfix.mixins.json:core.MinecraftServerMixin from mod modernfix->@Inject::trackTickTime(Lorg/spongepowered/asm/mixin/injection/callback/CallbackInfo;)V doesn't use it's CallbackInfo
[30Jul2026 00:21:22.984] [main/DEBUG] [mixin/]: modernfix-modernfix.mixins.json:core.MinecraftServerMixin from mod modernfix->@Inject::trackTickTime(Lorg/spongepowered/asm/mixin/injection/callback/CallbackInfo;)V has 0 override(s) in child classes
[30Jul2026 00:21:22.984] [main/DEBUG] [mixin/]: modernfix-modernfix.mixins.json:core.MinecraftServerMixin from mod modernfix->@Inject::trackTickTime(Lorg/spongepowered/asm/mixin/injection/callback/CallbackInfo;)V won't be passed a CallbackInfo as a result
[30Jul2026 00:21:22.984] [main/DEBUG] [mixin/]: ksyxis.mixins.json:MinecraftServerMixin from mod ksyxis->@Inject::ksyxis_prepareLevels_head(Lorg/spongepowered/asm/mixin/injection/callback/CallbackInfo;)V does use it's CallbackInfo
[30Jul2026 00:21:22.984] [main/DEBUG] [mixin/]: connectormod.mixins.json:registries.MinecraftServerMixin from mod connectormod->@Inject::beforeSetupServer(Lorg/spongepowered/asm/mixin/injection/callback/CallbackInfo;)V doesn't use it's CallbackInfo
[30Jul2026 00:21:22.984] [main/DEBUG] [mixin/]: connectormod.mixins.json:registries.MinecraftServerMixin from mod connectormod->@Inject::beforeSetupServer(Lorg/spongepowered/asm/mixin/injection/callback/CallbackInfo;)V has 0 override(s) in child classes
[30Jul2026 00:21:22.984] [main/DEBUG] [mixin/]: connectormod.mixins.json:registries.MinecraftServerMixin from mod connectormod->@Inject::beforeSetupServer(Lorg/spongepowered/asm/mixin/injection/callback/CallbackInfo;)V won't be passed a CallbackInfo as a result
[30Jul2026 00:21:22.984] [main/DEBUG] [mixin/]: fabric-message-api-v1.mixins.json:MinecraftServerMixin from mod fabric_message_api_v1->@Inject::onGetChatDecorator(Lorg/spongepowered/asm/mixin/injection/callback/CallbackInfoReturnable;)V does use it's CallbackInfoReturnable
[30Jul2026 00:21:22.993] [main/DEBUG] [mixin/]: fabric-lifecycle-events-v1.mixins.json:MinecraftServerMixin from mod fabric_lifecycle_events_v1->@Inject::beforeSetupServer(Lorg/spongepowered/asm/mixin/injection/callback/CallbackInfo;)V doesn't use it's CallbackInfo
[30Jul2026 00:21:22.993] [main/DEBUG] [mixin/]: fabric-lifecycle-events-v1.mixins.json:MinecraftServerMixin from mod fabric_lifecycle_events_v1->@Inject::beforeSetupServer(Lorg/spongepowered/asm/mixin/injection/callback/CallbackInfo;)V has 0 override(s) in child classes
[30Jul2026 00:21:22.993] [main/DEBUG] [mixin/]: fabric-lifecycle-events-v1.mixins.json:MinecraftServerMixin from mod fabric_lifecycle_events_v1->@Inject::beforeSetupServer(Lorg/spongepowered/asm/mixin/injection/callback/CallbackInfo;)V won't be passed a CallbackInfo as a result
[30Jul2026 00:21:22.993] [main/DEBUG] [mixin/]: fabric-lifecycle-events-v1.mixins.json:MinecraftServerMixin from mod fabric_lifecycle_events_v1->@Inject::afterSetupServer(Lorg/spongepowered/asm/mixin/injection/callback/CallbackInfo;)V doesn't use it's CallbackInfo
[30Jul2026 00:21:22.993] [main/DEBUG] [mixin/]: fabric-lifecycle-events-v1.mixins.json:MinecraftServerMixin from mod fabric_lifecycle_events_v1->@Inject::afterSetupServer(Lorg/spongepowered/asm/mixin/injection/callback/CallbackInfo;)V has 0 override(s) in child classes
[30Jul2026 00:21:22.993] [main/DEBUG] [mixin/]: fabric-lifecycle-events-v1.mixins.json:MinecraftServerMixin from mod fabric_lifecycle_events_v1->@Inject::afterSetupServer(Lorg/spongepowered/asm/mixin/injection/callback/CallbackInfo;)V won't be passed a CallbackInfo as a result
[30Jul2026 00:21:22.993] [main/DEBUG] [mixin/]: fabric-lifecycle-events-v1.mixins.json:MinecraftServerMixin from mod fabric_lifecycle_events_v1->@Inject::beforeShutdownServer(Lorg/spongepowered/asm/mixin/injection/callback/CallbackInfo;)V doesn't use it's CallbackInfo
[30Jul2026 00:21:22.993] [main/DEBUG] [mixin/]: fabric-lifecycle-events-v1.mixins.json:MinecraftServerMixin from mod fabric_lifecycle_events_v1->@Inject::beforeShutdownServer(Lorg/spongepowered/asm/mixin/injection/callback/CallbackInfo;)V has 0 override(s) in child classes
[30Jul2026 00:21:22.993] [main/DEBUG] [mixin/]: fabric-lifecycle-events-v1.mixins.json:MinecraftServerMixin from mod fabric_lifecycle_events_v1->@Inject::beforeShutdownServer(Lorg/spongepowered/asm/mixin/injection/callback/CallbackInfo;)V won't be passed a CallbackInfo as a result
[30Jul2026 00:21:22.993] [main/DEBUG] [mixin/]: fabric-lifecycle-events-v1.mixins.json:MinecraftServerMixin from mod fabric_lifecycle_events_v1->@Inject::afterShutdownServer(Lorg/spongepowered/asm/mixin/injection/callback/CallbackInfo;)V doesn't use it's CallbackInfo
[30Jul2026 00:21:22.994] [main/DEBUG] [mixin/]: fabric-lifecycle-events-v1.mixins.json:MinecraftServerMixin from mod fabric_lifecycle_events_v1->@Inject::afterShutdownServer(Lorg/spongepowered/asm/mixin/injection/callback/CallbackInfo;)V has 0 override(s) in child classes
[30Jul2026 00:21:22.994] [main/DEBUG] [mixin/]: fabric-lifecycle-events-v1.mixins.json:MinecraftServerMixin from mod fabric_lifecycle_events_v1->@Inject::afterShutdownServer(Lorg/spongepowered/asm/mixin/injection/callback/CallbackInfo;)V won't be passed a CallbackInfo as a result
[30Jul2026 00:21:22.994] [main/DEBUG] [mixin/]: fabric-lifecycle-events-v1.mixins.json:MinecraftServerMixin from mod fabric_lifecycle_events_v1->@Inject::onStartTick(Ljava/util/function/BooleanSupplier;Lorg/spongepowered/asm/mixin/injection/callback/CallbackInfo;)V doesn't use it's CallbackInfo
[30Jul2026 00:21:22.994] [main/DEBUG] [mixin/]: fabric-lifecycle-events-v1.mixins.json:MinecraftServerMixin from mod fabric_lifecycle_events_v1->@Inject::onStartTick(Ljava/util/function/BooleanSupplier;Lorg/spongepowered/asm/mixin/injection/callback/CallbackInfo;)V has 0 override(s) in child classes
[30Jul2026 00:21:22.994] [main/DEBUG] [mixin/]: fabric-lifecycle-events-v1.mixins.json:MinecraftServerMixin from mod fabric_lifecycle_events_v1->@Inject::onStartTick(Ljava/util/function/BooleanSupplier;Lorg/spongepowered/asm/mixin/injection/callback/CallbackInfo;)V won't be passed a CallbackInfo as a result
[30Jul2026 00:21:22.994] [main/DEBUG] [mixin/]: fabric-lifecycle-events-v1.mixins.json:MinecraftServerMixin from mod fabric_lifecycle_events_v1->@Inject::onEndTick(Ljava/util/function/BooleanSupplier;Lorg/spongepowered/asm/mixin/injection/callback/CallbackInfo;)V doesn't use it's CallbackInfo
[30Jul2026 00:21:22.994] [main/DEBUG] [mixin/]: fabric-lifecycle-events-v1.mixins.json:MinecraftServerMixin from mod fabric_lifecycle_events_v1->@Inject::onEndTick(Ljava/util/function/BooleanSupplier;Lorg/spongepowered/asm/mixin/injection/callback/CallbackInfo;)V has 0 override(s) in child classes
[30Jul2026 00:21:22.994] [main/DEBUG] [mixin/]: fabric-lifecycle-events-v1.mixins.json:MinecraftServerMixin from mod fabric_lifecycle_events_v1->@Inject::onEndTick(Ljava/util/function/BooleanSupplier;Lorg/spongepowered/asm/mixin/injection/callback/CallbackInfo;)V won't be passed a CallbackInfo as a result
[30Jul2026 00:21:22.994] [main/DEBUG] [mixin/]: fabric-lifecycle-events-v1.mixins.json:MinecraftServerMixin from mod fabric_lifecycle_events_v1->@Inject::onUnloadWorldAtShutdown(Lorg/spongepowered/asm/mixin/injection/callback/CallbackInfo;Ljava/util/Iterator;Lnet/minecraft/server/level/ServerLevel;)V doesn't use it's CallbackInfo
[30Jul2026 00:21:22.994] [main/DEBUG] [mixin/]: fabric-lifecycle-events-v1.mixins.json:MinecraftServerMixin from mod fabric_lifecycle_events_v1->@Inject::onUnloadWorldAtShutdown(Lorg/spongepowered/asm/mixin/injection/callback/CallbackInfo;Ljava/util/Iterator;Lnet/minecraft/server/level/ServerLevel;)V has 0 override(s) in child classes
[30Jul2026 00:21:22.994] [main/DEBUG] [mixin/]: fabric-lifecycle-events-v1.mixins.json:MinecraftServerMixin from mod fabric_lifecycle_events_v1->@Inject::onUnloadWorldAtShutdown(Lorg/spongepowered/asm/mixin/injection/callback/CallbackInfo;Ljava/util/Iterator;Lnet/minecraft/server/level/ServerLevel;)V won't be passed a CallbackInfo as a result
[30Jul2026 00:21:22.994] [main/DEBUG] [mixin/]: fabric-lifecycle-events-v1.mixins.json:MinecraftServerMixin from mod fabric_lifecycle_events_v1->@Inject::startResourceReload(Ljava/util/Collection;Lorg/spongepowered/asm/mixin/injection/callback/CallbackInfoReturnable;)V doesn't use it's CallbackInfoReturnable
[30Jul2026 00:21:22.995] [main/DEBUG] [mixin/]: fabric-lifecycle-events-v1.mixins.json:MinecraftServerMixin from mod fabric_lifecycle_events_v1->@Inject::startResourceReload(Ljava/util/Collection;Lorg/spongepowered/asm/mixin/injection/callback/CallbackInfoReturnable;)V has 0 override(s) in child classes
[30Jul2026 00:21:22.995] [main/DEBUG] [mixin/]: fabric-lifecycle-events-v1.mixins.json:MinecraftServerMixin from mod fabric_lifecycle_events_v1->@Inject::startResourceReload(Ljava/util/Collection;Lorg/spongepowered/asm/mixin/injection/callback/CallbackInfoReturnable;)V won't be passed a CallbackInfoReturnable as a result
[30Jul2026 00:21:22.995] [main/DEBUG] [mixin/]: fabric-lifecycle-events-v1.mixins.json:MinecraftServerMixin from mod fabric_lifecycle_events_v1->@Inject::endResourceReload(Ljava/util/Collection;Lorg/spongepowered/asm/mixin/injection/callback/CallbackInfoReturnable;)V does use it's CallbackInfoReturnable
[30Jul2026 00:21:23.026] [main/DEBUG] [io.netty.util.internal.logging.InternalLoggerFactory/]: Using SLF4J as the default logging framework
[30Jul2026 00:21:23.029] [main/DEBUG] [io.netty.util.ResourceLeakDetector/]: -Dio.netty.leakDetection.level: simple
[30Jul2026 00:21:23.029] [main/DEBUG] [io.netty.util.ResourceLeakDetector/]: -Dio.netty.leakDetection.targetRecords: 4
[30Jul2026 00:21:23.078] [main/DEBUG] [mixin/]: Mixing perf.tag_id_caching.TagOrElementLocationMixin from modernfix-modernfix.mixins.json into net.minecraft.util.ExtraCodecs$TagOrElementLocation
[30Jul2026 00:21:23.147] [main/DEBUG] [oshi.util.FileUtil/]: No oshi.properties file found from ClassLoader cpw.mods.modlauncher.TransformingClassLoader@76d0ecd7
[30Jul2026 00:21:23.148] [main/DEBUG] [oshi.util.FileUtil/]: No oshi.properties file found from ClassLoader jdk.internal.loader.ClassLoaders$AppClassLoader@76ed5528
[30Jul2026 00:21:23.200] [main/DEBUG] [oshi.util.FileUtil/]: Reading file /proc/self/auxv
[30Jul2026 00:21:23.202] [main/DEBUG] [oshi.util.FileUtil/]: Reading file /proc/self/auxv
[30Jul2026 00:21:23.210] [main/DEBUG] [oshi.util.FileUtil/]: Reading file /proc/stat
[30Jul2026 00:21:23.223] [main/DEBUG] [oshi.util.FileUtil/]: Reading file /sys/devices/system/cpu/cpu0/topology/core_id
[30Jul2026 00:21:23.223] [main/DEBUG] [oshi.util.FileUtil/]: Reading file /sys/devices/system/cpu/cpu0/topology/core_id
[30Jul2026 00:21:23.223] [main/DEBUG] [oshi.util.FileUtil/]: Reading file /sys/devices/system/cpu/cpu0/topology/physical_package_id
[30Jul2026 00:21:23.224] [main/DEBUG] [oshi.util.FileUtil/]: Reading file /sys/devices/system/cpu/cpu0/topology/physical_package_id
[30Jul2026 00:21:23.225] [main/DEBUG] [oshi.util.FileUtil/]: Reading file /sys/devices/system/cpu/cpu0/cpu_capacity
[30Jul2026 00:21:23.226] [main/DEBUG] [oshi.util.FileUtil/]: Reading file /sys/devices/system/cpu/cpu1/topology/core_id
[30Jul2026 00:21:23.226] [main/DEBUG] [oshi.util.FileUtil/]: Reading file /sys/devices/system/cpu/cpu1/topology/core_id
[30Jul2026 00:21:23.227] [main/DEBUG] [oshi.util.FileUtil/]: Reading file /sys/devices/system/cpu/cpu1/topology/physical_package_id
[30Jul2026 00:21:23.228] [main/DEBUG] [oshi.util.FileUtil/]: Reading file /sys/devices/system/cpu/cpu1/topology/physical_package_id
[30Jul2026 00:21:23.228] [main/DEBUG] [oshi.util.FileUtil/]: Reading file /sys/devices/system/cpu/cpu1/cpu_capacity
[30Jul2026 00:21:23.228] [main/DEBUG] [oshi.util.FileUtil/]: Reading file /sys/devices/system/cpu/cpu2/topology/core_id
[30Jul2026 00:21:23.228] [main/DEBUG] [oshi.util.FileUtil/]: Reading file /sys/devices/system/cpu/cpu2/topology/core_id
[30Jul2026 00:21:23.229] [main/DEBUG] [oshi.util.FileUtil/]: Reading file /sys/devices/system/cpu/cpu2/topology/physical_package_id
[30Jul2026 00:21:23.229] [main/DEBUG] [oshi.util.FileUtil/]: Reading file /sys/devices/system/cpu/cpu2/topology/physical_package_id
[30Jul2026 00:21:23.229] [main/DEBUG] [oshi.util.FileUtil/]: Reading file /sys/devices/system/cpu/cpu2/cpu_capacity
[30Jul2026 00:21:23.229] [main/DEBUG] [oshi.util.FileUtil/]: Reading file /sys/devices/system/cpu/cpu3/topology/core_id
[30Jul2026 00:21:23.229] [main/DEBUG] [oshi.util.FileUtil/]: Reading file /sys/devices/system/cpu/cpu3/topology/core_id
[30Jul2026 00:21:23.229] [main/DEBUG] [oshi.util.FileUtil/]: Reading file /sys/devices/system/cpu/cpu3/topology/physical_package_id
[30Jul2026 00:21:23.229] [main/DEBUG] [oshi.util.FileUtil/]: Reading file /sys/devices/system/cpu/cpu3/topology/physical_package_id
[30Jul2026 00:21:23.229] [main/DEBUG] [oshi.util.FileUtil/]: Reading file /sys/devices/system/cpu/cpu3/cpu_capacity
[30Jul2026 00:21:23.239] [main/DEBUG] [oshi.util.FileUtil/]: Reading file /proc/cpuinfo
[30Jul2026 00:21:23.256] [main/DEBUG] [oshi.util.FileUtil/]: Reading file /proc/self/auxv
[30Jul2026 00:21:23.258] [main/DEBUG] [oshi.util.FileUtil/]: No oshi.architecture.properties file found from ClassLoader cpw.mods.modlauncher.TransformingClassLoader@76d0ecd7
[30Jul2026 00:21:23.259] [main/DEBUG] [oshi.util.FileUtil/]: No oshi.architecture.properties file found from ClassLoader jdk.internal.loader.ClassLoaders$AppClassLoader@76ed5528
[30Jul2026 00:21:23.282] [main/DEBUG] [oshi.util.FileUtil/]: Reading file /proc/meminfo
[30Jul2026 00:21:23.283] [main/DEBUG] [oshi.util.FileUtil/]: Reading file /proc/meminfo
[30Jul2026 00:21:23.286] [main/DEBUG] [mixin/]: Mixing perf.thread_priorities.UtilMixin from modernfix-modernfix.mixins.json into net.minecraft.Util
[30Jul2026 00:21:23.287] [main/DEBUG] [mixin/]: Renaming synthetic method lambda$adjustPriorityOfThreadFactory$0(Ljava/util/concurrent/ForkJoinPool$ForkJoinWorkerThreadFactory;Ljava/util/concurrent/ForkJoinPool;)Ljava/util/concurrent/ForkJoinWorkerThread; to mdda8f76$modernfix$lambda$adjustPriorityOfThreadFactory$0$0 in modernfix-modernfix.mixins.json:perf.thread_priorities.UtilMixin from mod modernfix
[30Jul2026 00:21:23.355] [main/DEBUG] [mixin/]: Mixing CrashReportExtenderMixin from connectormod.mixins.json into net.minecraftforge.logging.CrashReportExtender
[30Jul2026 00:21:23.361] [main/DEBUG] [mixin/]: connectormod.mixins.json:CrashReportExtenderMixin from mod connectormod->@Inject::addConnectorCrashReportHeader(Ljava/lang/StringBuilder;Lnet/minecraft/CrashReport;Lorg/spongepowered/asm/mixin/injection/callback/CallbackInfo;)V doesn't use it's CallbackInfo
[30Jul2026 00:21:23.380] [main/DEBUG] [mixin/]: Mixing core.BootstrapMixin from modernfix-modernfix.mixins.json into net.minecraft.server.Bootstrap
[30Jul2026 00:21:23.384] [main/DEBUG] [mixin/]: Mixing feature.measure_time.BootstrapMixin from modernfix-modernfix.mixins.json into net.minecraft.server.Bootstrap
[30Jul2026 00:21:23.387] [main/DEBUG] [mixin/]: Mixing registries.BootstrapMixin from connectormod.mixins.json into net.minecraft.server.Bootstrap
[30Jul2026 00:21:23.388] [main/DEBUG] [mixin/]: Mixing BootstrapMixin from fabric-registry-sync-v0.mixins.json into net.minecraft.server.Bootstrap
[30Jul2026 00:21:23.388] [main/DEBUG] [mixin/]: fabric-registry-sync-v0.mixins.json:BootstrapMixin from mod fabric_registry_sync_v0: Class version 61 required is higher than the class version supported by the current version of Mixin (JAVA_16 supports class version 60)
[30Jul2026 00:21:23.400] [main/DEBUG] [mixin/]: modernfix-modernfix.mixins.json:core.BootstrapMixin from mod modernfix->@Inject::doModernFixBootstrap(Lorg/spongepowered/asm/mixin/injection/callback/CallbackInfo;)V doesn't use it's CallbackInfo
[30Jul2026 00:21:23.400] [main/DEBUG] [mixin/]: modernfix-modernfix.mixins.json:core.BootstrapMixin from mod modernfix->@Inject::doClassloadHack(Lorg/spongepowered/asm/mixin/injection/callback/CallbackInfo;)V doesn't use it's CallbackInfo
[30Jul2026 00:21:23.401] [main/DEBUG] [mixin/]: modernfix-modernfix.mixins.json:feature.measure_time.BootstrapMixin from mod modernfix->@Inject::recordStartTime(Lorg/spongepowered/asm/mixin/injection/callback/CallbackInfo;)V doesn't use it's CallbackInfo
[30Jul2026 00:21:23.401] [main/DEBUG] [mixin/]: modernfix-modernfix.mixins.json:feature.measure_time.BootstrapMixin from mod modernfix->@Inject::printStartTime(Lorg/spongepowered/asm/mixin/injection/callback/CallbackInfo;)V doesn't use it's CallbackInfo
[30Jul2026 00:21:23.402] [main/DEBUG] [mixin/]: fabric-registry-sync-v0.mixins.json:BootstrapMixin from mod fabric_registry_sync_v0->@Inject::afterVanillaSnapshot(Lorg/spongepowered/asm/mixin/injection/callback/CallbackInfo;)V doesn't use it's CallbackInfo
[30Jul2026 00:21:23.409] [main/INFO] [net.minecraft.server.Bootstrap/]: ModernFix reached bootstrap stage (10.20 s after launch)
[30Jul2026 00:21:23.438] [main/DEBUG] [mixin/]: Mixing registries.BuiltInRegistriesMixin from connectormod.mixins.json into net.minecraft.core.registries.BuiltInRegistries
[30Jul2026 00:21:23.439] [main/DEBUG] [mixin/]: Mixing RegistriesAccessor from fabric-registry-sync-v0.mixins.json into net.minecraft.core.registries.BuiltInRegistries
[30Jul2026 00:21:23.441] [main/DEBUG] [mixin/]: fabric-registry-sync-v0.mixins.json:RegistriesAccessor from mod fabric_registry_sync_v0: Class version 61 required is higher than the class version supported by the current version of Mixin (JAVA_16 supports class version 60)
[30Jul2026 00:21:23.444] [main/DEBUG] [mixin/]: Renaming @Accessor method getROOT()Lnet/minecraft/core/WritableRegistry; to getROOT$fabric_registry_sync_v0_$md$da8f76$0 in fabric-registry-sync-v0.mixins.json:RegistriesAccessor from mod fabric_registry_sync_v0
[30Jul2026 00:21:23.466] [main/DEBUG] [mixin/]: Mixing bugfix.concurrency.MappedRegistryMixin from modernfix-modernfix.mixins.json into net.minecraft.core.MappedRegistry
[30Jul2026 00:21:23.471] [main/DEBUG] [mixin/]: Mixing perf.mojang_registry_size.MappedRegistryMixin from modernfix-modernfix.mixins.json into net.minecraft.core.MappedRegistry
[30Jul2026 00:21:23.478] [main/DEBUG] [mixin/]: Mixing perf.compact_mojang_registries.MappedRegistryMixin from modernfix-modernfix.mixins.json into net.minecraft.core.MappedRegistry
[30Jul2026 00:21:23.484] [main/DEBUG] [mixin/]: Mixing registries.MappedRegistryMixin from connectormod.mixins.json into net.minecraft.core.MappedRegistry
[30Jul2026 00:21:23.485] [main/DEBUG] [mixin/]: Mixing SimpleRegistryMixin from fabric-registry-sync-v0.mixins.json into net.minecraft.core.MappedRegistry
[30Jul2026 00:21:23.486] [main/DEBUG] [mixin/]: fabric-registry-sync-v0.mixins.json:SimpleRegistryMixin from mod fabric_registry_sync_v0: Class version 61 required is higher than the class version supported by the current version of Mixin (JAVA_16 supports class version 60)
[30Jul2026 00:21:23.490] [main/DEBUG] [mixin/]: Renaming synthetic method lambda$new$5([Lnet/fabricmc/fabric/api/event/registry/RegistryIdRemapCallback;)Lnet/fabricmc/fabric/api/event/registry/RegistryIdRemapCallback; to mdda8f76$fabric_registry_sync_v0$lambda$new$5$0 in fabric-registry-sync-v0.mixins.json:SimpleRegistryMixin from mod fabric_registry_sync_v0
[30Jul2026 00:21:23.491] [main/DEBUG] [mixin/]: Renaming synthetic method lambda$new$4([Lnet/fabricmc/fabric/api/event/registry/RegistryIdRemapCallback;Lnet/fabricmc/fabric/api/event/registry/RegistryIdRemapCallback$RemapState;)V to mdda8f76$fabric_registry_sync_v0$lambda$new$4$1 in fabric-registry-sync-v0.mixins.json:SimpleRegistryMixin from mod fabric_registry_sync_v0
[30Jul2026 00:21:23.491] [main/DEBUG] [mixin/]: Renaming synthetic method lambda$new$3([Lnet/fabricmc/fabric/api/event/registry/RegistryEntryRemovedCallback;)Lnet/fabricmc/fabric/api/event/registry/RegistryEntryRemovedCallback; to mdda8f76$fabric_registry_sync_v0$lambda$new$3$2 in fabric-registry-sync-v0.mixins.json:SimpleRegistryMixin from mod fabric_registry_sync_v0
[30Jul2026 00:21:23.491] [main/DEBUG] [mixin/]: Renaming synthetic method lambda$new$2([Lnet/fabricmc/fabric/api/event/registry/RegistryEntryRemovedCallback;ILnet/minecraft/resources/ResourceLocation;Ljava/lang/Object;)V to mdda8f76$fabric_registry_sync_v0$lambda$new$2$3 in fabric-registry-sync-v0.mixins.json:SimpleRegistryMixin from mod fabric_registry_sync_v0
[30Jul2026 00:21:23.491] [main/DEBUG] [mixin/]: Renaming synthetic method lambda$new$1([Lnet/fabricmc/fabric/api/event/registry/RegistryEntryAddedCallback;)Lnet/fabricmc/fabric/api/event/registry/RegistryEntryAddedCallback; to mdda8f76$fabric_registry_sync_v0$lambda$new$1$4 in fabric-registry-sync-v0.mixins.json:SimpleRegistryMixin from mod fabric_registry_sync_v0
[30Jul2026 00:21:23.491] [main/DEBUG] [mixin/]: Renaming synthetic method lambda$new$0([Lnet/fabricmc/fabric/api/event/registry/RegistryEntryAddedCallback;ILnet/minecraft/resources/ResourceLocation;Ljava/lang/Object;)V to mdda8f76$fabric_registry_sync_v0$lambda$new$0$5 in fabric-registry-sync-v0.mixins.json:SimpleRegistryMixin from mod fabric_registry_sync_v0
[30Jul2026 00:21:23.640] [main/DEBUG] [mixin/]: modernfix-modernfix.mixins.json:perf.compact_mojang_registries.MappedRegistryMixin from mod modernfix->@Inject::replaceStorage(Lorg/spongepowered/asm/mixin/injection/callback/CallbackInfo;)V doesn't use it's CallbackInfo
[30Jul2026 00:21:23.641] [main/DEBUG] [mixin/]: modernfix-modernfix.mixins.json:perf.compact_mojang_registries.MappedRegistryMixin from mod modernfix->@Inject::replaceStorage(Lorg/spongepowered/asm/mixin/injection/callback/CallbackInfo;)V has 0 override(s) in child classes
[30Jul2026 00:21:23.641] [main/DEBUG] [mixin/]: modernfix-modernfix.mixins.json:perf.compact_mojang_registries.MappedRegistryMixin from mod modernfix->@Inject::replaceStorage(Lorg/spongepowered/asm/mixin/injection/callback/CallbackInfo;)V won't be passed a CallbackInfo as a result
[30Jul2026 00:21:23.641] [main/DEBUG] [mixin/]: connectormod.mixins.json:registries.MappedRegistryMixin from mod connectormod->@Inject::preventFreeze(Lorg/spongepowered/asm/mixin/injection/callback/CallbackInfoReturnable;)V does use it's CallbackInfoReturnable
[30Jul2026 00:21:23.641] [main/DEBUG] [mixin/]: fabric-registry-sync-v0.mixins.json:SimpleRegistryMixin from mod fabric_registry_sync_v0->@Inject::add(Lnet/minecraft/resources/ResourceKey;Ljava/lang/Object;Lcom/mojang/serialization/Lifecycle;Lorg/spongepowered/asm/mixin/injection/callback/CallbackInfoReturnable;)V doesn't use it's CallbackInfoReturnable
[30Jul2026 00:21:23.641] [main/DEBUG] [mixin/]: fabric-registry-sync-v0.mixins.json:SimpleRegistryMixin from mod fabric_registry_sync_v0->@Inject::add(Lnet/minecraft/resources/ResourceKey;Ljava/lang/Object;Lcom/mojang/serialization/Lifecycle;Lorg/spongepowered/asm/mixin/injection/callback/CallbackInfoReturnable;)V has 0 override(s) in child classes
[30Jul2026 00:21:23.641] [main/DEBUG] [mixin/]: fabric-registry-sync-v0.mixins.json:SimpleRegistryMixin from mod fabric_registry_sync_v0->@Inject::add(Lnet/minecraft/resources/ResourceKey;Ljava/lang/Object;Lcom/mojang/serialization/Lifecycle;Lorg/spongepowered/asm/mixin/injection/callback/CallbackInfoReturnable;)V won't be passed a CallbackInfoReturnable as a result
[30Jul2026 00:21:23.641] [main/DEBUG] [mixin/]: fabric-registry-sync-v0.mixins.json:SimpleRegistryMixin from mod fabric_registry_sync_v0->@Inject::set(ILnet/minecraft/resources/ResourceKey;Ljava/lang/Object;Lcom/mojang/serialization/Lifecycle;Lorg/spongepowered/asm/mixin/injection/callback/CallbackInfoReturnable;)V does use it's CallbackInfoReturnable
[30Jul2026 00:21:23.641] [main/DEBUG] [mixin/]: fabric-registry-sync-v0.mixins.json:SimpleRegistryMixin from mod fabric_registry_sync_v0->@Inject::setPre(ILnet/minecraft/resources/ResourceKey;Ljava/lang/Object;Lcom/mojang/serialization/Lifecycle;Lorg/spongepowered/asm/mixin/injection/callback/CallbackInfoReturnable;)V doesn't use it's CallbackInfoReturnable
[30Jul2026 00:21:23.641] [main/DEBUG] [mixin/]: fabric-registry-sync-v0.mixins.json:SimpleRegistryMixin from mod fabric_registry_sync_v0->@Inject::setPre(ILnet/minecraft/resources/ResourceKey;Ljava/lang/Object;Lcom/mojang/serialization/Lifecycle;Lorg/spongepowered/asm/mixin/injection/callback/CallbackInfoReturnable;)V has 0 override(s) in child classes
[30Jul2026 00:21:23.641] [main/DEBUG] [mixin/]: fabric-registry-sync-v0.mixins.json:SimpleRegistryMixin from mod fabric_registry_sync_v0->@Inject::setPre(ILnet/minecraft/resources/ResourceKey;Ljava/lang/Object;Lcom/mojang/serialization/Lifecycle;Lorg/spongepowered/asm/mixin/injection/callback/CallbackInfoReturnable;)V won't be passed a CallbackInfoReturnable as a result
[30Jul2026 00:21:23.642] [main/DEBUG] [mixin/]: fabric-registry-sync-v0.mixins.json:SimpleRegistryMixin from mod fabric_registry_sync_v0->@Inject::setPost(ILnet/minecraft/resources/ResourceKey;Ljava/lang/Object;Lcom/mojang/serialization/Lifecycle;Lorg/spongepowered/asm/mixin/injection/callback/CallbackInfoReturnable;)V doesn't use it's CallbackInfoReturnable
[30Jul2026 00:21:23.642] [main/DEBUG] [mixin/]: fabric-registry-sync-v0.mixins.json:SimpleRegistryMixin from mod fabric_registry_sync_v0->@Inject::setPost(ILnet/minecraft/resources/ResourceKey;Ljava/lang/Object;Lcom/mojang/serialization/Lifecycle;Lorg/spongepowered/asm/mixin/injection/callback/CallbackInfoReturnable;)V has 0 override(s) in child classes
[30Jul2026 00:21:23.642] [main/DEBUG] [mixin/]: fabric-registry-sync-v0.mixins.json:SimpleRegistryMixin from mod fabric_registry_sync_v0->@Inject::setPost(ILnet/minecraft/resources/ResourceKey;Ljava/lang/Object;Lcom/mojang/serialization/Lifecycle;Lorg/spongepowered/asm/mixin/injection/callback/CallbackInfoReturnable;)V won't be passed a CallbackInfoReturnable as a result
[30Jul2026 00:21:23.691] [main/DEBUG] [mixin/]: Mixing inject.MixinGameEvent from architectury-common.mixins.json into net.minecraft.world.level.gameevent.GameEvent
[30Jul2026 00:21:23.712] [main/DEBUG] [mixin/]: Mixing perf.object_holder_cleanup.GameDataMixin from modernfix-modernfix.mixins.json into net.minecraftforge.registries.GameData
[30Jul2026 00:21:23.713] [main/DEBUG] [mixin/]: Mixing core.GameDataMixin from modernfix-modernfix.mixins.json into net.minecraftforge.registries.GameData
[30Jul2026 00:21:23.716] [main/DEBUG] [mixin/]: modernfix-modernfix.mixins.json:perf.object_holder_cleanup.GameDataMixin from mod modernfix->@Inject::clearRedundantHolders(Lorg/spongepowered/asm/mixin/injection/callback/CallbackInfo;)V doesn't use it's CallbackInfo
[30Jul2026 00:21:23.716] [main/DEBUG] [mixin/]: modernfix-modernfix.mixins.json:core.GameDataMixin from mod modernfix->@Inject::markPosted(Lorg/spongepowered/asm/mixin/injection/callback/CallbackInfo;)V doesn't use it's CallbackInfo
[30Jul2026 00:21:23.726] [main/DEBUG] [mixin/]: Mixing perf.fast_registry_validation.ForgeRegistryMixin from modernfix-modernfix.mixins.json into net.minecraftforge.registries.ForgeRegistry
[30Jul2026 00:21:23.729] [main/DEBUG] [mixin/]: Mixing perf.forge_registry_alloc.ForgeRegistryMixin from modernfix-modernfix.mixins.json into net.minecraftforge.registries.ForgeRegistry
[30Jul2026 00:21:23.742] [main/DEBUG] [mixin/]: Mixing registries.ForgeRegistryMixin from connectormod.mixins.json into net.minecraftforge.registries.ForgeRegistry
[30Jul2026 00:21:23.742] [main/DEBUG] [mixin/]: Renaming synthetic method lambda$getDelegateOrThrow$0(Ljava/lang/Object;)Lnet/minecraft/core/Holder$Reference; to mdda8f76$connectormod$lambda$getDelegateOrThrow$0$0 in connectormod.mixins.json:registries.ForgeRegistryMixin from mod connectormod
[30Jul2026 00:21:23.748] [main/WARN] [mixin/]: @Final field delegatesByName:Ljava/util/Map; in modernfix-modernfix.mixins.json:perf.forge_registry_alloc.ForgeRegistryMixin from mod modernfix should be final
[30Jul2026 00:21:23.749] [main/WARN] [mixin/]: @Final field delegatesByValue:Ljava/util/Map; in modernfix-modernfix.mixins.json:perf.forge_registry_alloc.ForgeRegistryMixin from mod modernfix should be final
[30Jul2026 00:21:23.762] [main/DEBUG] [mixin/]: modernfix-modernfix.mixins.json:perf.fast_registry_validation.ForgeRegistryMixin from mod modernfix->@Inject::clearBitCache(Lorg/spongepowered/asm/mixin/injection/callback/CallbackInfo;)V doesn't use it's CallbackInfo
[30Jul2026 00:21:23.762] [main/DEBUG] [mixin/]: modernfix-modernfix.mixins.json:perf.fast_registry_validation.ForgeRegistryMixin from mod modernfix->@Inject::clearBitCache(Lorg/spongepowered/asm/mixin/injection/callback/CallbackInfo;)V has 0 override(s) in child classes
[30Jul2026 00:21:23.763] [main/DEBUG] [mixin/]: modernfix-modernfix.mixins.json:perf.fast_registry_validation.ForgeRegistryMixin from mod modernfix->@Inject::clearBitCache(Lorg/spongepowered/asm/mixin/injection/callback/CallbackInfo;)V won't be passed a CallbackInfo as a result
[30Jul2026 00:21:23.763] [main/DEBUG] [mixin/]: modernfix-modernfix.mixins.json:perf.fast_registry_validation.ForgeRegistryMixin from mod modernfix->@Inject::clearBitCache(Lorg/spongepowered/asm/mixin/injection/callback/CallbackInfo;)V doesn't use it's CallbackInfo
[30Jul2026 00:21:23.763] [main/DEBUG] [mixin/]: modernfix-modernfix.mixins.json:perf.fast_registry_validation.ForgeRegistryMixin from mod modernfix->@Inject::clearBitCache(Lorg/spongepowered/asm/mixin/injection/callback/CallbackInfo;)V has 0 override(s) in child classes
[30Jul2026 00:21:23.763] [main/DEBUG] [mixin/]: modernfix-modernfix.mixins.json:perf.fast_registry_validation.ForgeRegistryMixin from mod modernfix->@Inject::clearBitCache(Lorg/spongepowered/asm/mixin/injection/callback/CallbackInfo;)V won't be passed a CallbackInfo as a result
[30Jul2026 00:21:23.763] [main/DEBUG] [mixin/]: modernfix-modernfix.mixins.json:perf.fast_registry_validation.ForgeRegistryMixin from mod modernfix->@Inject::clearBitCache(Lorg/spongepowered/asm/mixin/injection/callback/CallbackInfo;)V doesn't use it's CallbackInfo
[30Jul2026 00:21:23.763] [main/DEBUG] [mixin/]: modernfix-modernfix.mixins.json:perf.fast_registry_validation.ForgeRegistryMixin from mod modernfix->@Inject::clearBitCache(Lorg/spongepowered/asm/mixin/injection/callback/CallbackInfo;)V has 0 override(s) in child classes
[30Jul2026 00:21:23.763] [main/DEBUG] [mixin/]: modernfix-modernfix.mixins.json:perf.fast_registry_validation.ForgeRegistryMixin from mod modernfix->@Inject::clearBitCache(Lorg/spongepowered/asm/mixin/injection/callback/CallbackInfo;)V won't be passed a CallbackInfo as a result
[30Jul2026 00:21:23.763] [main/DEBUG] [mixin/]: modernfix-modernfix.mixins.json:perf.forge_registry_alloc.ForgeRegistryMixin from mod modernfix->@Inject::attachDelegate(Lnet/minecraft/resources/ResourceKey;Ljava/lang/Object;Lorg/spongepowered/asm/mixin/injection/callback/CallbackInfoReturnable;)V does use it's CallbackInfoReturnable
[30Jul2026 00:21:23.764] [main/DEBUG] [mixin/]: connectormod.mixins.json:registries.ForgeRegistryMixin from mod connectormod->@Inject::getDelegateOrThrow(Ljava/lang/Object;Lorg/spongepowered/asm/mixin/injection/callback/CallbackInfoReturnable;)V does use it's CallbackInfoReturnable
[30Jul2026 00:21:23.773] [main/DEBUG] [mixin/]: Mixing perf.reduce_blockstate_cache_rebuilds.BlockCallbacksMixin from modernfix-modernfix.mixins.json into net.minecraftforge.registries.GameData$BlockCallbacks
[30Jul2026 00:21:23.777] [main/DEBUG] [mixin/]: modernfix-modernfix.mixins.json:perf.reduce_blockstate_cache_rebuilds.BlockCallbacksMixin from mod modernfix->@Inject::computeCaches(Lnet/minecraftforge/registries/IForgeRegistryInternal;Lnet/minecraftforge/registries/RegistryManager;Lorg/spongepowered/asm/mixin/injection/callback/CallbackInfo;)V doesn't use it's CallbackInfo
[30Jul2026 00:21:23.777] [main/DEBUG] [mixin/]: modernfix-modernfix.mixins.json:perf.reduce_blockstate_cache_rebuilds.BlockCallbacksMixin from mod modernfix->@Inject::computeCaches(Lnet/minecraftforge/registries/IForgeRegistryInternal;Lnet/minecraftforge/registries/RegistryManager;Lorg/spongepowered/asm/mixin/injection/callback/CallbackInfo;)V has 0 override(s) in child classes
[30Jul2026 00:21:23.777] [main/DEBUG] [mixin/]: modernfix-modernfix.mixins.json:perf.reduce_blockstate_cache_rebuilds.BlockCallbacksMixin from mod modernfix->@Inject::computeCaches(Lnet/minecraftforge/registries/IForgeRegistryInternal;Lnet/minecraftforge/registries/RegistryManager;Lorg/spongepowered/asm/mixin/injection/callback/CallbackInfo;)V won't be passed a CallbackInfo as a result
[30Jul2026 00:21:23.784] [main/DEBUG] [mixin/]: Mixing perf.forge_registry_alloc.DelegateHolderMixin from modernfix-modernfix.mixins.json into net.minecraft.world.level.block.Block
[30Jul2026 00:21:23.786] [main/DEBUG] [mixin/]: Mixing inject.MixinBlock from architectury-common.mixins.json into net.minecraft.world.level.block.Block
[30Jul2026 00:21:23.786] [main/DEBUG] [mixin/]: Mixing world_properties.MixinBlock from axiom.mixins.json into net.minecraft.world.level.block.Block
[30Jul2026 00:21:23.791] [main/DEBUG] [net.minecraftforge.coremod.transformer.CoreModBaseTransformer/COREMOD]: Transforming getAppearance with desc (Lnet/minecraft/world/level/block/state/BlockState;Lnet/minecraft/world/level/BlockAndTintGetter;Lnet/minecraft/core/BlockPos;Lnet/minecraft/core/Direction;Lnet/minecraft/world/level/block/state/BlockState;Lnet/minecraft/core/BlockPos;)Lnet/minecraft/world/level/block/state/BlockState;
[30Jul2026 00:21:23.803] [main/DEBUG] [net.minecraftforge.coremod.transformer.CoreModBaseTransformer/COREMOD]: Transforming net/minecraftforge/common/extensions/IForgeBlock
[30Jul2026 00:21:23.814] [main/DEBUG] [mixin/]: axiom.mixins.json:world_properties.MixinBlock from mod axiom->@Inject::dropResources(Lnet/minecraft/world/level/block/state/BlockState;Lnet/minecraft/world/level/Level;Lnet/minecraft/core/BlockPos;Lorg/spongepowered/asm/mixin/injection/callback/CallbackInfo;)V does use it's CallbackInfo
[30Jul2026 00:21:23.814] [main/DEBUG] [mixin/]: axiom.mixins.json:world_properties.MixinBlock from mod axiom->@Inject::dropResources(Lnet/minecraft/world/level/block/state/BlockState;Lnet/minecraft/world/level/LevelAccessor;Lnet/minecraft/core/BlockPos;Lnet/minecraft/world/level/block/entity/BlockEntity;Lorg/spongepowered/asm/mixin/injection/callback/CallbackInfo;)V does use it's CallbackInfo
[30Jul2026 00:21:23.814] [main/DEBUG] [mixin/]: axiom.mixins.json:world_properties.MixinBlock from mod axiom->@Inject::dropResources(Lnet/minecraft/world/level/block/state/BlockState;Lnet/minecraft/world/level/Level;Lnet/minecraft/core/BlockPos;Lnet/minecraft/world/level/block/entity/BlockEntity;Lnet/minecraft/world/entity/Entity;Lnet/minecraft/world/item/ItemStack;ZLorg/spongepowered/asm/mixin/injection/callback/CallbackInfo;)V does use it's CallbackInfo
[30Jul2026 00:21:23.820] [main/DEBUG] [net.minecraftforge.coremod.transformer.CoreModBaseTransformer/COREMOD]: Transforming getAppearance with desc (Lnet/minecraft/world/level/block/state/BlockState;Lnet/minecraft/world/level/BlockAndTintGetter;Lnet/minecraft/core/BlockPos;Lnet/minecraft/core/Direction;Lnet/minecraft/world/level/block/state/BlockState;Lnet/minecraft/core/BlockPos;)Lnet/minecraft/world/level/block/state/BlockState;
[30Jul2026 00:21:23.820] [main/DEBUG] [net.minecraftforge.coremod.transformer.CoreModBaseTransformer/COREMOD]: Transforming net/minecraftforge/common/extensions/IForgeBlock
[30Jul2026 00:21:23.824] [main/DEBUG] [mixin/]: Mixing AbstractBlockAccessor from fabric-object-builder-v1.mixins.json into net.minecraft.world.level.block.state.BlockBehaviour
[30Jul2026 00:21:23.824] [main/DEBUG] [mixin/]: fabric-object-builder-v1.mixins.json:AbstractBlockAccessor from mod fabric_object_builder_api_v1: Class version 61 required is higher than the class version supported by the current version of Mixin (JAVA_16 supports class version 60)
[30Jul2026 00:21:23.832] [main/DEBUG] [mixin/]: Mixing perf.reduce_blockstate_cache_rebuilds.BlockStateBaseMixin from modernfix-modernfix.mixins.json into net.minecraft.world.level.block.state.BlockBehaviour$BlockStateBase
[30Jul2026 00:21:23.839] [main/DEBUG] [mixin/]: Mixing common.blockstate.BlockStateBaseMixin from starlight.mixins.json into net.minecraft.world.level.block.state.BlockBehaviour$BlockStateBase
[30Jul2026 00:21:23.842] [main/DEBUG] [mixin/]: Mixing BlockStateBaseMixin from ferritecore.blockstatecache.mixin.json into net.minecraft.world.level.block.state.BlockBehaviour$BlockStateBase
[30Jul2026 00:21:23.861] [main/DEBUG] [mixin/]: starlight.mixins.json:common.blockstate.BlockStateBaseMixin from mod starlight->@Inject::initLightAccessState(Lorg/spongepowered/asm/mixin/injection/callback/CallbackInfo;)V doesn't use it's CallbackInfo
[30Jul2026 00:21:23.861] [main/DEBUG] [mixin/]: starlight.mixins.json:common.blockstate.BlockStateBaseMixin from mod starlight->@Inject::initLightAccessState(Lorg/spongepowered/asm/mixin/injection/callback/CallbackInfo;)V has 0 override(s) in child classes
[30Jul2026 00:21:23.861] [main/DEBUG] [mixin/]: starlight.mixins.json:common.blockstate.BlockStateBaseMixin from mod starlight->@Inject::initLightAccessState(Lorg/spongepowered/asm/mixin/injection/callback/CallbackInfo;)V won't be passed a CallbackInfo as a result
[30Jul2026 00:21:23.861] [main/DEBUG] [mixin/]: ferritecore.blockstatecache.mixin.json:BlockStateBaseMixin from mod ferritecore->@Inject::cacheStateHead(Lorg/spongepowered/asm/mixin/injection/callback/CallbackInfo;)V doesn't use it's CallbackInfo
[30Jul2026 00:21:23.861] [main/DEBUG] [mixin/]: ferritecore.blockstatecache.mixin.json:BlockStateBaseMixin from mod ferritecore->@Inject::cacheStateHead(Lorg/spongepowered/asm/mixin/injection/callback/CallbackInfo;)V has 0 override(s) in child classes
[30Jul2026 00:21:23.861] [main/DEBUG] [mixin/]: ferritecore.blockstatecache.mixin.json:BlockStateBaseMixin from mod ferritecore->@Inject::cacheStateHead(Lorg/spongepowered/asm/mixin/injection/callback/CallbackInfo;)V won't be passed a CallbackInfo as a result
[30Jul2026 00:21:23.862] [main/DEBUG] [mixin/]: ferritecore.blockstatecache.mixin.json:BlockStateBaseMixin from mod ferritecore->@Inject::cacheStateTail(Lorg/spongepowered/asm/mixin/injection/callback/CallbackInfo;)V doesn't use it's CallbackInfo
[30Jul2026 00:21:23.862] [main/DEBUG] [mixin/]: ferritecore.blockstatecache.mixin.json:BlockStateBaseMixin from mod ferritecore->@Inject::cacheStateTail(Lorg/spongepowered/asm/mixin/injection/callback/CallbackInfo;)V has 0 override(s) in child classes
[30Jul2026 00:21:23.862] [main/DEBUG] [mixin/]: ferritecore.blockstatecache.mixin.json:BlockStateBaseMixin from mod ferritecore->@Inject::cacheStateTail(Lorg/spongepowered/asm/mixin/injection/callback/CallbackInfo;)V won't be passed a CallbackInfo as a result
[30Jul2026 00:21:23.865] [main/INFO] [ModernFix/]: Injecting BlockStateBase cache population hook into getOpacityIfCached from ca.spottedleaf.starlight.mixin.common.blockstate.BlockStateBaseMixin
[30Jul2026 00:21:23.865] [main/INFO] [ModernFix/]: Injecting BlockStateBase cache population hook into isConditionallyFullOpaque from ca.spottedleaf.starlight.mixin.common.blockstate.BlockStateBaseMixin
[30Jul2026 00:21:23.870] [main/DEBUG] [mixin/]: Mixing FastMapStateHolderMixin from ferritecore.fastmap.mixin.json into net.minecraft.world.level.block.state.StateHolder
[30Jul2026 00:21:23.880] [main/DEBUG] [net.minecraftforge.coremod.transformer.CoreModBaseTransformer/COREMOD]: Transforming getAppearance with desc (Lnet/minecraft/world/level/BlockAndTintGetter;Lnet/minecraft/core/BlockPos;Lnet/minecraft/core/Direction;Lnet/minecraft/world/level/block/state/BlockState;Lnet/minecraft/core/BlockPos;)Lnet/minecraft/world/level/block/state/BlockState;
[30Jul2026 00:21:23.886] [main/DEBUG] [net.minecraftforge.coremod.transformer.CoreModBaseTransformer/COREMOD]: Transforming net/minecraftforge/common/extensions/IForgeBlockState
[30Jul2026 00:21:23.890] [main/DEBUG] [mixin/]: Mixing perf.model_optimizations.PropertyMixin from modernfix-modernfix.mixins.json into net.minecraft.world.level.block.state.properties.Property
[30Jul2026 00:21:23.901] [main/DEBUG] [mixin/]: Mixing bugfix.chunk_deadlock.EntityMixin from modernfix-modernfix.mixins.json into net.minecraft.world.entity.Entity
[30Jul2026 00:21:23.904] [main/DEBUG] [mixin/]: Mixing AttachmentTargetsMixin from fabric-data-attachment-api-v1.mixins.json into net.minecraft.world.entity.Entity
[30Jul2026 00:21:23.912] [main/DEBUG] [mixin/]: Mixing EntityMixin from fabric-data-attachment-api-v1.mixins.json into net.minecraft.world.entity.Entity
[30Jul2026 00:21:23.913] [main/DEBUG] [mixin/]: Mixing common.EntityMixin from mts.mixins.json into net.minecraft.world.entity.Entity
[30Jul2026 00:21:23.932] [main/DEBUG] [mixin/]: Mixing EntityMixin from fabric-entity-events-v1.mixins.json into net.minecraft.world.entity.Entity
[30Jul2026 00:21:23.933] [main/DEBUG] [mixin/]: fabric-entity-events-v1.mixins.json:EntityMixin from mod fabric_entity_events_v1: Class version 61 required is higher than the class version supported by the current version of Mixin (JAVA_16 supports class version 60)
[30Jul2026 00:21:23.935] [main/DEBUG] [mixin/]: Mixing MixinEntityServer from axiom.mixins.json into net.minecraft.world.entity.Entity
[30Jul2026 00:21:23.959] [main/DEBUG] [mixin/]: fabric-data-attachment-api-v1.mixins.json:EntityMixin from mod fabric_data_attachment_api_v1->@Inject::readEntityAttachments(Lnet/minecraft/nbt/CompoundTag;Lorg/spongepowered/asm/mixin/injection/callback/CallbackInfo;)V doesn't use it's CallbackInfo
[30Jul2026 00:21:23.959] [main/DEBUG] [mixin/]: fabric-data-attachment-api-v1.mixins.json:EntityMixin from mod fabric_data_attachment_api_v1->@Inject::readEntityAttachments(Lnet/minecraft/nbt/CompoundTag;Lorg/spongepowered/asm/mixin/injection/callback/CallbackInfo;)V has 0 override(s) in child classes
[30Jul2026 00:21:23.959] [main/DEBUG] [mixin/]: fabric-data-attachment-api-v1.mixins.json:EntityMixin from mod fabric_data_attachment_api_v1->@Inject::readEntityAttachments(Lnet/minecraft/nbt/CompoundTag;Lorg/spongepowered/asm/mixin/injection/callback/CallbackInfo;)V won't be passed a CallbackInfo as a result
[30Jul2026 00:21:23.959] [main/DEBUG] [mixin/]: fabric-data-attachment-api-v1.mixins.json:EntityMixin from mod fabric_data_attachment_api_v1->@Inject::writeEntityAttachments(Lnet/minecraft/nbt/CompoundTag;Lorg/spongepowered/asm/mixin/injection/callback/CallbackInfoReturnable;)V doesn't use it's CallbackInfoReturnable
[30Jul2026 00:21:23.959] [main/DEBUG] [mixin/]: fabric-data-attachment-api-v1.mixins.json:EntityMixin from mod fabric_data_attachment_api_v1->@Inject::writeEntityAttachments(Lnet/minecraft/nbt/CompoundTag;Lorg/spongepowered/asm/mixin/injection/callback/CallbackInfoReturnable;)V has 0 override(s) in child classes
[30Jul2026 00:21:23.959] [main/DEBUG] [mixin/]: fabric-data-attachment-api-v1.mixins.json:EntityMixin from mod fabric_data_attachment_api_v1->@Inject::writeEntityAttachments(Lnet/minecraft/nbt/CompoundTag;Lorg/spongepowered/asm/mixin/injection/callback/CallbackInfoReturnable;)V won't be passed a CallbackInfoReturnable as a result
[30Jul2026 00:21:23.959] [main/DEBUG] [mixin/]: mts.mixins.json:common.EntityMixin from mod mts->@Inject::inject_getEyePosition(FLorg/spongepowered/asm/mixin/injection/callback/CallbackInfoReturnable;)V does use it's CallbackInfoReturnable
[30Jul2026 00:21:23.959] [main/DEBUG] [mixin/]: mts.mixins.json:common.EntityMixin from mod mts->@Inject::inject_collide(Lnet/minecraft/world/phys/Vec3;Lorg/spongepowered/asm/mixin/injection/callback/CallbackInfoReturnable;)V doesn't use it's CallbackInfoReturnable
[30Jul2026 00:21:23.959] [main/DEBUG] [mixin/]: mts.mixins.json:common.EntityMixin from mod mts->@Inject::inject_collide(Lnet/minecraft/world/phys/Vec3;Lorg/spongepowered/asm/mixin/injection/callback/CallbackInfoReturnable;)V has 0 override(s) in child classes
[30Jul2026 00:21:23.959] [main/DEBUG] [mixin/]: mts.mixins.json:common.EntityMixin from mod mts->@Inject::inject_collide(Lnet/minecraft/world/phys/Vec3;Lorg/spongepowered/asm/mixin/injection/callback/CallbackInfoReturnable;)V won't be passed a CallbackInfoReturnable as a result
[30Jul2026 00:21:23.960] [main/DEBUG] [mixin/]: fabric-entity-events-v1.mixins.json:EntityMixin from mod fabric_entity_events_v1->@Inject::afterWorldChanged(Lnet/minecraft/server/level/ServerLevel;Lorg/spongepowered/asm/mixin/injection/callback/CallbackInfoReturnable;)V does use it's CallbackInfoReturnable
[30Jul2026 00:21:23.960] [main/DEBUG] [mixin/]: fabric-entity-events-v1.mixins.json:EntityMixin from mod fabric_entity_events_v1->@Inject::afterEntityTeleportedToWorld(Lnet/minecraft/server/level/ServerLevel;DDDLjava/util/Set;FFLorg/spongepowered/asm/mixin/injection/callback/CallbackInfoReturnable;FLnet/minecraft/world/entity/Entity;)V doesn't use it's CallbackInfoReturnable
[30Jul2026 00:21:23.960] [main/DEBUG] [mixin/]: fabric-entity-events-v1.mixins.json:EntityMixin from mod fabric_entity_events_v1->@Inject::afterEntityTeleportedToWorld(Lnet/minecraft/server/level/ServerLevel;DDDLjava/util/Set;FFLorg/spongepowered/asm/mixin/injection/callback/CallbackInfoReturnable;FLnet/minecraft/world/entity/Entity;)V has 0 override(s) in child classes
[30Jul2026 00:21:23.960] [main/DEBUG] [mixin/]: fabric-entity-events-v1.mixins.json:EntityMixin from mod fabric_entity_events_v1->@Inject::afterEntityTeleportedToWorld(Lnet/minecraft/server/level/ServerLevel;DDDLjava/util/Set;FFLorg/spongepowered/asm/mixin/injection/callback/CallbackInfoReturnable;FLnet/minecraft/world/entity/Entity;)V won't be passed a CallbackInfoReturnable as a result
[30Jul2026 00:21:23.960] [main/DEBUG] [mixin/]: axiom.mixins.json:MixinEntityServer from mod axiom->@Inject::isIgnoringBlockTriggers(Lorg/spongepowered/asm/mixin/injection/callback/CallbackInfoReturnable;)V does use it's CallbackInfoReturnable
[30Jul2026 00:21:23.998] [main/DEBUG] [net.minecraftforge.coremod.transformer.CoreModBaseTransformer/COREMOD]: Transforming m_147215_ with desc (Lnet/minecraft/world/effect/MobEffectInstance;Lnet/minecraft/world/entity/Entity;)V
[30Jul2026 00:21:23.999] [main/DEBUG] [net.minecraftforge.coremod.CoreMod.connectormod/COREMODLOG]: Expanded local variable scope for LivingEntity#forceAddEffect index 3
[30Jul2026 00:21:24.000] [main/DEBUG] [net.minecraftforge.coremod.transformer.CoreModBaseTransformer/COREMOD]: Transforming m_6672_ with desc (Lnet/minecraft/world/InteractionHand;)V
[30Jul2026 00:21:24.000] [main/DEBUG] [net.minecraftforge.coremod.CoreMod.connectormod/COREMODLOG]: Updated onItemUseStart duration threshold
[30Jul2026 00:21:24.002] [main/DEBUG] [mixin/]: Mixing common.LivingEntityMixin from tacz.mixins.json into net.minecraft.world.entity.LivingEntity
[30Jul2026 00:21:24.006] [main/DEBUG] [mixin/]: Renaming synthetic method lambda$initialData$0()Lnet/minecraft/world/item/ItemStack; to mdda8f76$tacz$lambda$initialData$0$0 in tacz.mixins.json:common.LivingEntityMixin from mod tacz
[30Jul2026 00:21:24.031] [main/DEBUG] [mixin/]: Mixing perf.forge_cap_retrieval.LivingEntityMixin from modernfix-modernfix.mixins.json into net.minecraft.world.entity.LivingEntity
[30Jul2026 00:21:24.032] [main/DEBUG] [mixin/]: Mixing common.LivingEntityMixin from lrtactical.mixins.json into net.minecraft.world.entity.LivingEntity
[30Jul2026 00:21:24.032] [main/DEBUG] [mixin/]: lrtactical.mixins.json:common.LivingEntityMixin from mod lrtactical: Class version 61 required is higher than the class version supported by the current version of Mixin (JAVA_8 supports class version 52)
[30Jul2026 00:21:24.033] [main/DEBUG] [mixin/]: Renaming synthetic method lambda$isBlocking$1(Lme/xjqsh/lrtactical/capability/CustomItemCoolDowns;)Ljava/lang/Boolean; to mdda8f76$lrtactical$lambda$isBlocking$1$1 in lrtactical.mixins.json:common.LivingEntityMixin from mod lrtactical
[30Jul2026 00:21:24.033] [main/DEBUG] [mixin/]: Renaming synthetic method lambda$isDamageSourceBlocked$0(Lme/xjqsh/lrtactical/capability/CustomItemCoolDowns;)Ljava/lang/Boolean; to mdda8f76$lrtactical$lambda$isDamageSourceBlocked$0$2 in lrtactical.mixins.json:common.LivingEntityMixin from mod lrtactical
[30Jul2026 00:21:24.041] [main/DEBUG] [mixin/]: Mixing LivingEntityMixin from fabric-entity-events-v1.mixins.json into net.minecraft.world.entity.LivingEntity
[30Jul2026 00:21:24.042] [main/DEBUG] [mixin/]: fabric-entity-events-v1.mixins.json:LivingEntityMixin from mod fabric_entity_events_v1: Class version 61 required is higher than the class version supported by the current version of Mixin (JAVA_16 supports class version 60)
[30Jul2026 00:21:24.048] [main/DEBUG] [net.minecraftforge.coremod.transformer.CoreModBaseTransformer/COREMOD]: Transforming getAppearance with desc (Lnet/minecraft/world/level/BlockAndTintGetter;Lnet/minecraft/core/BlockPos;Lnet/minecraft/core/Direction;Lnet/minecraft/world/level/block/state/BlockState;Lnet/minecraft/core/BlockPos;)Lnet/minecraft/world/level/block/state/BlockState;
[30Jul2026 00:21:24.048] [main/DEBUG] [net.minecraftforge.coremod.transformer.CoreModBaseTransformer/COREMOD]: Transforming net/minecraftforge/common/extensions/IForgeBlockState
[30Jul2026 00:21:24.054] [main/DEBUG] [mixin/]: Mixing elytra.LivingEntityMixin from fabric-entity-events-v1.mixins.json into net.minecraft.world.entity.LivingEntity
[30Jul2026 00:21:24.054] [main/DEBUG] [mixin/]: fabric-entity-events-v1.mixins.json:elytra.LivingEntityMixin from mod fabric_entity_events_v1: Class version 61 required is higher than the class version supported by the current version of Mixin (JAVA_16 supports class version 60)
[30Jul2026 00:21:24.056] [main/DEBUG] [mixin/]: Mixing LivingEntityMixin from fabric-lifecycle-events-v1.mixins.json into net.minecraft.world.entity.LivingEntity
[30Jul2026 00:21:24.109] [main/DEBUG] [mixin/]: tacz.mixins.json:common.LivingEntityMixin from mod tacz->@Inject::onTickServerSide(Lorg/spongepowered/asm/mixin/injection/callback/CallbackInfo;)V doesn't use it's CallbackInfo
[30Jul2026 00:21:24.115] [main/DEBUG] [mixin/]: tacz.mixins.json:common.LivingEntityMixin from mod tacz->@Inject::onTickServerSide(Lorg/spongepowered/asm/mixin/injection/callback/CallbackInfo;)V has 0 override(s) in child classes
[30Jul2026 00:21:24.115] [main/DEBUG] [mixin/]: tacz.mixins.json:common.LivingEntityMixin from mod tacz->@Inject::onTickServerSide(Lorg/spongepowered/asm/mixin/injection/callback/CallbackInfo;)V won't be passed a CallbackInfo as a result
[30Jul2026 00:21:24.115] [main/DEBUG] [mixin/]: tacz.mixins.json:common.LivingEntityMixin from mod tacz->@Inject::onTickServerSide(Lorg/spongepowered/asm/mixin/injection/callback/CallbackInfo;)V doesn't use it's CallbackInfo
[30Jul2026 00:21:24.115] [main/DEBUG] [mixin/]: tacz.mixins.json:common.LivingEntityMixin from mod tacz->@Inject::onTickServerSide(Lorg/spongepowered/asm/mixin/injection/callback/CallbackInfo;)V has 0 override(s) in child classes
[30Jul2026 00:21:24.115] [main/DEBUG] [mixin/]: tacz.mixins.json:common.LivingEntityMixin from mod tacz->@Inject::onTickServerSide(Lorg/spongepowered/asm/mixin/injection/callback/CallbackInfo;)V won't be passed a CallbackInfo as a result
[30Jul2026 00:21:24.115] [main/DEBUG] [mixin/]: lrtactical.mixins.json:common.LivingEntityMixin from mod lrtactical->@Inject::isDamageSourceBlocked(Lnet/minecraft/world/damagesource/DamageSource;Lorg/spongepowered/asm/mixin/injection/callback/CallbackInfoReturnable;)V does use it's CallbackInfoReturnable
[30Jul2026 00:21:24.115] [main/DEBUG] [mixin/]: lrtactical.mixins.json:common.LivingEntityMixin from mod lrtactical->@Inject::isBlocking(Lorg/spongepowered/asm/mixin/injection/callback/CallbackInfoReturnable;)V does use it's CallbackInfoReturnable
[30Jul2026 00:21:24.116] [main/DEBUG] [mixin/]: fabric-entity-events-v1.mixins.json:LivingEntityMixin from mod fabric_entity_events_v1->@Inject::notifyDeath(Lnet/minecraft/world/damagesource/DamageSource;Lorg/spongepowered/asm/mixin/injection/callback/CallbackInfo;)V doesn't use it's CallbackInfo
[30Jul2026 00:21:24.116] [main/DEBUG] [mixin/]: fabric-entity-events-v1.mixins.json:LivingEntityMixin from mod fabric_entity_events_v1->@Inject::notifyDeath(Lnet/minecraft/world/damagesource/DamageSource;Lorg/spongepowered/asm/mixin/injection/callback/CallbackInfo;)V has 0 override(s) in child classes
[30Jul2026 00:21:24.116] [main/DEBUG] [mixin/]: fabric-entity-events-v1.mixins.json:LivingEntityMixin from mod fabric_entity_events_v1->@Inject::notifyDeath(Lnet/minecraft/world/damagesource/DamageSource;Lorg/spongepowered/asm/mixin/injection/callback/CallbackInfo;)V won't be passed a CallbackInfo as a result
[30Jul2026 00:21:24.117] [main/DEBUG] [mixin/]: fabric-entity-events-v1.mixins.json:LivingEntityMixin from mod fabric_entity_events_v1->@Inject::onSleep(Lnet/minecraft/core/BlockPos;Lorg/spongepowered/asm/mixin/injection/callback/CallbackInfo;)V doesn't use it's CallbackInfo
[30Jul2026 00:21:24.117] [main/DEBUG] [mixin/]: fabric-entity-events-v1.mixins.json:LivingEntityMixin from mod fabric_entity_events_v1->@Inject::onSleep(Lnet/minecraft/core/BlockPos;Lorg/spongepowered/asm/mixin/injection/callback/CallbackInfo;)V has 0 override(s) in child classes
[30Jul2026 00:21:24.117] [main/DEBUG] [mixin/]: fabric-entity-events-v1.mixins.json:LivingEntityMixin from mod fabric_entity_events_v1->@Inject::onSleep(Lnet/minecraft/core/BlockPos;Lorg/spongepowered/asm/mixin/injection/callback/CallbackInfo;)V won't be passed a CallbackInfo as a result
[30Jul2026 00:21:24.117] [main/DEBUG] [mixin/]: fabric-entity-events-v1.mixins.json:LivingEntityMixin from mod fabric_entity_events_v1->@Inject::onWakeUp(Lorg/spongepowered/asm/mixin/injection/callback/CallbackInfo;)V doesn't use it's CallbackInfo
[30Jul2026 00:21:24.117] [main/DEBUG] [mixin/]: fabric-entity-events-v1.mixins.json:LivingEntityMixin from mod fabric_entity_events_v1->@Inject::onWakeUp(Lorg/spongepowered/asm/mixin/injection/callback/CallbackInfo;)V has 0 override(s) in child classes
[30Jul2026 00:21:24.117] [main/DEBUG] [mixin/]: fabric-entity-events-v1.mixins.json:LivingEntityMixin from mod fabric_entity_events_v1->@Inject::onWakeUp(Lorg/spongepowered/asm/mixin/injection/callback/CallbackInfo;)V won't be passed a CallbackInfo as a result
[30Jul2026 00:21:24.117] [main/DEBUG] [mixin/]: fabric-entity-events-v1.mixins.json:LivingEntityMixin from mod fabric_entity_events_v1->@Inject::onGetSleepingDirection(Lorg/spongepowered/asm/mixin/injection/callback/CallbackInfoReturnable;Lnet/minecraft/core/BlockPos;)V does use it's CallbackInfoReturnable
[30Jul2026 00:21:24.117] [main/DEBUG] [mixin/]: fabric-entity-events-v1.mixins.json:LivingEntityMixin from mod fabric_entity_events_v1->@Inject::onGetSleepingDirection(Lorg/spongepowered/asm/mixin/injection/callback/CallbackInfoReturnable;Lnet/minecraft/core/BlockPos;)V does use it's CallbackInfoReturnable
[30Jul2026 00:21:24.120] [main/DEBUG] [mixin/]: fabric-entity-events-v1.mixins.json:elytra.LivingEntityMixin from mod fabric_entity_events_v1->@Inject::injectElytraTick(Lorg/spongepowered/asm/mixin/injection/callback/CallbackInfo;)V does use it's CallbackInfo
[30Jul2026 00:21:24.126] [main/DEBUG] [mixin/]: fabric-lifecycle-events-v1.mixins.json:LivingEntityMixin from mod fabric_lifecycle_events_v1->@Inject::getEquipmentChanges(Lorg/spongepowered/asm/mixin/injection/callback/CallbackInfoReturnable;Ljava/util/Map;[Lnet/minecraft/world/entity/EquipmentSlot;IILnet/minecraft/world/entity/EquipmentSlot;Lnet/minecraft/world/item/ItemStack;Lnet/minecraft/world/item/ItemStack;)V doesn't use it's CallbackInfoReturnable
[30Jul2026 00:21:24.129] [main/DEBUG] [mixin/]: fabric-lifecycle-events-v1.mixins.json:LivingEntityMixin from mod fabric_lifecycle_events_v1->@Inject::getEquipmentChanges(Lorg/spongepowered/asm/mixin/injection/callback/CallbackInfoReturnable;Ljava/util/Map;[Lnet/minecraft/world/entity/EquipmentSlot;IILnet/minecraft/world/entity/EquipmentSlot;Lnet/minecraft/world/item/ItemStack;Lnet/minecraft/world/item/ItemStack;)V has 0 override(s) in child classes
[30Jul2026 00:21:24.129] [main/DEBUG] [mixin/]: fabric-lifecycle-events-v1.mixins.json:LivingEntityMixin from mod fabric_lifecycle_events_v1->@Inject::getEquipmentChanges(Lorg/spongepowered/asm/mixin/injection/callback/CallbackInfoReturnable;Ljava/util/Map;[Lnet/minecraft/world/entity/EquipmentSlot;IILnet/minecraft/world/entity/EquipmentSlot;Lnet/minecraft/world/item/ItemStack;Lnet/minecraft/world/item/ItemStack;)V won't be passed a CallbackInfoReturnable as a result
[30Jul2026 00:21:24.161] [main/DEBUG] [mixin/]: Mixing BlockViewMixin from fabric-block-view-api-v2.mixins.json into net.minecraft.world.level.BlockGetter
[30Jul2026 00:21:24.165] [main/DEBUG] [mixin/]: Mixing perf.model_optimizations.BooleanPropertyMixin from modernfix-modernfix.mixins.json into net.minecraft.world.level.block.state.properties.BooleanProperty
[30Jul2026 00:21:24.176] [main/DEBUG] [mixin/]: Mixing AttachmentTargetsMixin from fabric-data-attachment-api-v1.mixins.json into net.minecraft.world.level.Level
[30Jul2026 00:21:24.180] [main/DEBUG] [mixin/]: Mixing common.world.LevelMixin from starlight.mixins.json into net.minecraft.world.level.Level
[30Jul2026 00:21:24.180] [main/DEBUG] [mixin/]: Mixing WorldMixin from fabric-lifecycle-events-v1.mixins.json into net.minecraft.world.level.Level
[30Jul2026 00:21:24.198] [main/DEBUG] [mixin/]: Mixing WorldViewMixin from fabric-block-view-api-v2.mixins.json into net.minecraft.world.level.LevelReader
[30Jul2026 00:21:24.198] [main/DEBUG] [mixin/]: Mixing WorldViewMixin from fabric-rendering-data-attachment-v1.mixins.json into net.minecraft.world.level.LevelReader
[30Jul2026 00:21:24.215] [main/DEBUG] [mixin/]: Mixing perf.cache_strongholds.ServerLevelMixin from modernfix-modernfix.mixins.json into net.minecraft.server.level.ServerLevel
[30Jul2026 00:21:24.216] [main/DEBUG] [mixin/]: Mixing perf.faster_structure_location.ServerLevelMixin from modernfix-modernfix.mixins.json into net.minecraft.server.level.ServerLevel
[30Jul2026 00:21:24.217] [main/DEBUG] [mixin/]: Mixing ServerWorldMixin from fabric-data-attachment-api-v1.mixins.json into net.minecraft.server.level.ServerLevel
[30Jul2026 00:21:24.217] [main/DEBUG] [mixin/]: Renaming synthetic method lambda$createAttachmentsPersistentState$1(Lnet/minecraft/server/level/ServerLevel;)Lnet/fabricmc/fabric/impl/attachment/AttachmentPersistentState; to mdda8f76$fabric_data_attachment_api_v1$lambda$createAttachmentsPersistentState$1$0 in fabric-data-attachment-api-v1.mixins.json:ServerWorldMixin from mod fabric_data_attachment_api_v1
[30Jul2026 00:21:24.218] [main/DEBUG] [mixin/]: Renaming synthetic method lambda$createAttachmentsPersistentState$0(Lnet/minecraft/server/level/ServerLevel;Lnet/minecraft/nbt/CompoundTag;)Lnet/fabricmc/fabric/impl/attachment/AttachmentPersistentState; to mdda8f76$fabric_data_attachment_api_v1$lambda$createAttachmentsPersistentState$0$1 in fabric-data-attachment-api-v1.mixins.json:ServerWorldMixin from mod fabric_data_attachment_api_v1
[30Jul2026 00:21:24.219] [main/DEBUG] [mixin/]: Mixing common.world.ServerWorldMixin from starlight.mixins.json into net.minecraft.server.level.ServerLevel
[30Jul2026 00:21:24.223] [main/DEBUG] [mixin/]: Mixing ServerWorldMixin from fabric-api-lookup-api-v1.mixins.json into net.minecraft.server.level.ServerLevel
[30Jul2026 00:21:24.223] [main/DEBUG] [mixin/]: fabric-api-lookup-api-v1.mixins.json:ServerWorldMixin from mod fabric_api_lookup_api_v1: Class version 61 required is higher than the class version supported by the current version of Mixin (JAVA_16 supports class version 60)
[30Jul2026 00:21:24.224] [main/DEBUG] [mixin/]: Renaming synthetic method lambda$fabric_invalidateCache$5(Ljava/util/Map$Entry;)Z to mdda8f76$fabric_api_lookup_api_v1$lambda$fabric_invalidateCache$5$2 in fabric-api-lookup-api-v1.mixins.json:ServerWorldMixin from mod fabric_api_lookup_api_v1
[30Jul2026 00:21:24.224] [main/DEBUG] [mixin/]: Renaming synthetic method lambda$fabric_invalidateCache$4(Ljava/lang/ref/WeakReference;)Z to mdda8f76$fabric_api_lookup_api_v1$lambda$fabric_invalidateCache$4$3 in fabric-api-lookup-api-v1.mixins.json:ServerWorldMixin from mod fabric_api_lookup_api_v1
[30Jul2026 00:21:24.224] [main/DEBUG] [mixin/]: Renaming synthetic method lambda$fabric_invalidateCache$3(Ljava/lang/ref/WeakReference;)V to mdda8f76$fabric_api_lookup_api_v1$lambda$fabric_invalidateCache$3$4 in fabric-api-lookup-api-v1.mixins.json:ServerWorldMixin from mod fabric_api_lookup_api_v1
[30Jul2026 00:21:24.224] [main/DEBUG] [mixin/]: Renaming synthetic method lambda$fabric_invalidateCache$2(Ljava/lang/ref/WeakReference;)Z to mdda8f76$fabric_api_lookup_api_v1$lambda$fabric_invalidateCache$2$5 in fabric-api-lookup-api-v1.mixins.json:ServerWorldMixin from mod fabric_api_lookup_api_v1
[30Jul2026 00:21:24.224] [main/DEBUG] [mixin/]: Renaming synthetic method lambda$fabric_registerCache$1(Ljava/lang/ref/WeakReference;)Z to mdda8f76$fabric_api_lookup_api_v1$lambda$fabric_registerCache$1$6 in fabric-api-lookup-api-v1.mixins.json:ServerWorldMixin from mod fabric_api_lookup_api_v1
[30Jul2026 00:21:24.224] [main/DEBUG] [mixin/]: Renaming synthetic method lambda$fabric_registerCache$0(Lnet/minecraft/core/BlockPos;)Ljava/util/List; to mdda8f76$fabric_api_lookup_api_v1$lambda$fabric_registerCache$0$7 in fabric-api-lookup-api-v1.mixins.json:ServerWorldMixin from mod fabric_api_lookup_api_v1
[30Jul2026 00:21:24.234] [main/DEBUG] [mixin/]: Mixing ServerLevelMixin from ksyxis.mixins.json into net.minecraft.server.level.ServerLevel
[30Jul2026 00:21:24.235] [main/DEBUG] [mixin/]: Mixing ServerWorldMixin from fabric-lifecycle-events-v1.mixins.json into net.minecraft.server.level.ServerLevel
[30Jul2026 00:21:24.235] [main/DEBUG] [mixin/]: Mixing world_properties.MixinServerLevel from axiom.mixins.json into net.minecraft.server.level.ServerLevel
[30Jul2026 00:21:24.238] [main/DEBUG] [mixin/]: Renaming synthetic method lambda$updateLighting$2(Ljava/util/concurrent/CompletableFuture;I)V to mdda8f76$axiom$lambda$updateLighting$2$8 in axiom.mixins.json:world_properties.MixinServerLevel from mod axiom
[30Jul2026 00:21:24.238] [main/DEBUG] [mixin/]: Renaming synthetic method lambda$updateLighting$1(Lnet/minecraft/world/level/ChunkPos;)V to mdda8f76$axiom$lambda$updateLighting$1$9 in axiom.mixins.json:world_properties.MixinServerLevel from mod axiom
[30Jul2026 00:21:24.239] [main/DEBUG] [mixin/]: Renaming synthetic method lambda$axiom$getPendingLightUpdates$0(J)[[S to mdda8f76$axiom$lambda$axiom$getPendingLightUpdates$0$a in axiom.mixins.json:world_properties.MixinServerLevel from mod axiom
[30Jul2026 00:21:24.320] [main/DEBUG] [mixin/]: fabric-data-attachment-api-v1.mixins.json:ServerWorldMixin from mod fabric_data_attachment_api_v1->@Inject::createAttachmentsPersistentState(Lorg/spongepowered/asm/mixin/injection/callback/CallbackInfo;)V doesn't use it's CallbackInfo
[30Jul2026 00:21:24.320] [main/DEBUG] [mixin/]: fabric-data-attachment-api-v1.mixins.json:ServerWorldMixin from mod fabric_data_attachment_api_v1->@Inject::createAttachmentsPersistentState(Lorg/spongepowered/asm/mixin/injection/callback/CallbackInfo;)V has 0 override(s) in child classes
[30Jul2026 00:21:24.320] [main/DEBUG] [mixin/]: fabric-data-attachment-api-v1.mixins.json:ServerWorldMixin from mod fabric_data_attachment_api_v1->@Inject::createAttachmentsPersistentState(Lorg/spongepowered/asm/mixin/injection/callback/CallbackInfo;)V won't be passed a CallbackInfo as a result
[30Jul2026 00:21:24.320] [main/DEBUG] [mixin/]: fabric-lifecycle-events-v1.mixins.json:ServerWorldMixin from mod fabric_lifecycle_events_v1->@Inject::startWorldTick(Ljava/util/function/BooleanSupplier;Lorg/spongepowered/asm/mixin/injection/callback/CallbackInfo;)V doesn't use it's CallbackInfo
[30Jul2026 00:21:24.320] [main/DEBUG] [mixin/]: fabric-lifecycle-events-v1.mixins.json:ServerWorldMixin from mod fabric_lifecycle_events_v1->@Inject::startWorldTick(Ljava/util/function/BooleanSupplier;Lorg/spongepowered/asm/mixin/injection/callback/CallbackInfo;)V has 0 override(s) in child classes
[30Jul2026 00:21:24.321] [main/DEBUG] [mixin/]: fabric-lifecycle-events-v1.mixins.json:ServerWorldMixin from mod fabric_lifecycle_events_v1->@Inject::startWorldTick(Ljava/util/function/BooleanSupplier;Lorg/spongepowered/asm/mixin/injection/callback/CallbackInfo;)V won't be passed a CallbackInfo as a result
[30Jul2026 00:21:24.321] [main/DEBUG] [mixin/]: fabric-lifecycle-events-v1.mixins.json:ServerWorldMixin from mod fabric_lifecycle_events_v1->@Inject::endWorldTick(Ljava/util/function/BooleanSupplier;Lorg/spongepowered/asm/mixin/injection/callback/CallbackInfo;)V doesn't use it's CallbackInfo
[30Jul2026 00:21:24.321] [main/DEBUG] [mixin/]: fabric-lifecycle-events-v1.mixins.json:ServerWorldMixin from mod fabric_lifecycle_events_v1->@Inject::endWorldTick(Ljava/util/function/BooleanSupplier;Lorg/spongepowered/asm/mixin/injection/callback/CallbackInfo;)V has 0 override(s) in child classes
[30Jul2026 00:21:24.321] [main/DEBUG] [mixin/]: fabric-lifecycle-events-v1.mixins.json:ServerWorldMixin from mod fabric_lifecycle_events_v1->@Inject::endWorldTick(Ljava/util/function/BooleanSupplier;Lorg/spongepowered/asm/mixin/injection/callback/CallbackInfo;)V won't be passed a CallbackInfo as a result
[30Jul2026 00:21:24.321] [main/DEBUG] [mixin/]: axiom.mixins.json:world_properties.MixinServerLevel from mod axiom->@Inject::afterInit(Lorg/spongepowered/asm/mixin/injection/callback/CallbackInfo;)V doesn't use it's CallbackInfo
[30Jul2026 00:21:24.321] [main/DEBUG] [mixin/]: axiom.mixins.json:world_properties.MixinServerLevel from mod axiom->@Inject::afterInit(Lorg/spongepowered/asm/mixin/injection/callback/CallbackInfo;)V has 0 override(s) in child classes
[30Jul2026 00:21:24.321] [main/DEBUG] [mixin/]: axiom.mixins.json:world_properties.MixinServerLevel from mod axiom->@Inject::afterInit(Lorg/spongepowered/asm/mixin/injection/callback/CallbackInfo;)V won't be passed a CallbackInfo as a result
[30Jul2026 00:21:24.321] [main/DEBUG] [mixin/]: axiom.mixins.json:world_properties.MixinServerLevel from mod axiom->@Inject::onPlayerJoinedWorld(Lnet/minecraft/server/level/ServerPlayer;Lorg/spongepowered/asm/mixin/injection/callback/CallbackInfo;)V doesn't use it's CallbackInfo
[30Jul2026 00:21:24.321] [main/DEBUG] [mixin/]: axiom.mixins.json:world_properties.MixinServerLevel from mod axiom->@Inject::onPlayerJoinedWorld(Lnet/minecraft/server/level/ServerPlayer;Lorg/spongepowered/asm/mixin/injection/callback/CallbackInfo;)V has 0 override(s) in child classes
[30Jul2026 00:21:24.321] [main/DEBUG] [mixin/]: axiom.mixins.json:world_properties.MixinServerLevel from mod axiom->@Inject::onPlayerJoinedWorld(Lnet/minecraft/server/level/ServerPlayer;Lorg/spongepowered/asm/mixin/injection/callback/CallbackInfo;)V won't be passed a CallbackInfo as a result
[30Jul2026 00:21:24.355] [main/DEBUG] [mixin/]: Mixing common.PlayerMixin from lrtactical.mixins.json into net.minecraft.world.entity.player.Player
[30Jul2026 00:21:24.355] [main/DEBUG] [mixin/]: lrtactical.mixins.json:common.PlayerMixin from mod lrtactical: Class version 61 required is higher than the class version supported by the current version of Mixin (JAVA_8 supports class version 52)
[30Jul2026 00:21:24.356] [main/DEBUG] [mixin/]: Renaming synthetic method lambda$disableShield$1(Lnet/minecraft/server/level/ServerPlayer;)Lnet/minecraft/server/level/ServerPlayer; to mdda8f76$lrtactical$lambda$disableShield$1$0 in lrtactical.mixins.json:common.PlayerMixin from mod lrtactical
[30Jul2026 00:21:24.356] [main/DEBUG] [mixin/]: Renaming synthetic method lambda$disableShield$0(Lme/xjqsh/lrtactical/capability/CustomItemCoolDowns;)V to mdda8f76$lrtactical$lambda$disableShield$0$1 in lrtactical.mixins.json:common.PlayerMixin from mod lrtactical
[30Jul2026 00:21:24.364] [main/DEBUG] [mixin/]: Mixing PlayerEntityMixin from fabric-entity-events-v1.mixins.json into net.minecraft.world.entity.player.Player
[30Jul2026 00:21:24.364] [main/DEBUG] [mixin/]: fabric-entity-events-v1.mixins.json:PlayerEntityMixin from mod fabric_entity_events_v1: Class version 61 required is higher than the class version supported by the current version of Mixin (JAVA_16 supports class version 60)
[30Jul2026 00:21:24.365] [main/DEBUG] [mixin/]: Mixing elytra.PlayerEntityMixin from fabric-entity-events-v1.mixins.json into net.minecraft.world.entity.player.Player
[30Jul2026 00:21:24.365] [main/DEBUG] [mixin/]: fabric-entity-events-v1.mixins.json:elytra.PlayerEntityMixin from mod fabric_entity_events_v1: Class version 61 required is higher than the class version supported by the current version of Mixin (JAVA_16 supports class version 60)
[30Jul2026 00:21:24.369] [main/DEBUG] [mixin/]: lrtactical.mixins.json:common.PlayerMixin from mod lrtactical->@Inject::disableShield(ZLorg/spongepowered/asm/mixin/injection/callback/CallbackInfo;)V does use it's CallbackInfo
[30Jul2026 00:21:24.369] [main/DEBUG] [mixin/]: fabric-entity-events-v1.mixins.json:PlayerEntityMixin from mod fabric_entity_events_v1->@Inject::onIsSleepingLongEnough(Lorg/spongepowered/asm/mixin/injection/callback/CallbackInfoReturnable;)V does use it's CallbackInfoReturnable
[30Jul2026 00:21:24.369] [main/DEBUG] [mixin/]: fabric-entity-events-v1.mixins.json:elytra.PlayerEntityMixin from mod fabric_entity_events_v1->@Inject::injectElytraCheck(Lorg/spongepowered/asm/mixin/injection/callback/CallbackInfoReturnable;)V does use it's CallbackInfoReturnable
[30Jul2026 00:21:24.375] [main/DEBUG] [net.minecraftforge.coremod.transformer.CoreModBaseTransformer/COREMOD]: Transforming getAttributeModifiers with desc (Lnet/minecraft/world/entity/EquipmentSlot;Lnet/minecraft/world/item/ItemStack;)Lcom/google/common/collect/Multimap;
[30Jul2026 00:21:24.375] [main/DEBUG] [net.minecraftforge.coremod.transformer.CoreModBaseTransformer/COREMOD]: Transforming getCraftingRemainingItem with desc (Lnet/minecraft/world/item/ItemStack;)Lnet/minecraft/world/item/ItemStack;
[30Jul2026 00:21:24.376] [main/DEBUG] [net.minecraftforge.coremod.transformer.CoreModBaseTransformer/COREMOD]: Transforming hasCraftingRemainingItem with desc (Lnet/minecraft/world/item/ItemStack;)Z
[30Jul2026 00:21:24.376] [main/DEBUG] [net.minecraftforge.coremod.transformer.CoreModBaseTransformer/COREMOD]: Transforming getEquipmentSlot with desc (Lnet/minecraft/world/item/ItemStack;)Lnet/minecraft/world/entity/EquipmentSlot;
[30Jul2026 00:21:24.377] [main/DEBUG] [net.minecraftforge.coremod.transformer.CoreModBaseTransformer/COREMOD]: Transforming isCorrectToolForDrops with desc (Lnet/minecraft/world/item/ItemStack;Lnet/minecraft/world/level/block/state/BlockState;)Z
[30Jul2026 00:21:24.377] [main/DEBUG] [net.minecraftforge.coremod.transformer.CoreModBaseTransformer/COREMOD]: Transforming shouldCauseReequipAnimation with desc (Lnet/minecraft/world/item/ItemStack;Lnet/minecraft/world/item/ItemStack;Z)Z
[30Jul2026 00:21:24.377] [main/DEBUG] [net.minecraftforge.coremod.transformer.CoreModBaseTransformer/COREMOD]: Transforming damageItem with desc (Lnet/minecraft/world/item/ItemStack;ILnet/minecraft/world/entity/LivingEntity;Ljava/util/function/Consumer;)I
[30Jul2026 00:21:24.378] [main/DEBUG] [net.minecraftforge.coremod.transformer.CoreModBaseTransformer/COREMOD]: Transforming net/minecraftforge/common/extensions/IForgeItem
[30Jul2026 00:21:24.387] [main/DEBUG] [mixin/]: Mixing RegistryManagerMixin from fabric-registry-sync-v0.mixins.json into net.minecraftforge.registries.RegistryManager
[30Jul2026 00:21:24.387] [main/DEBUG] [mixin/]: fabric-registry-sync-v0.mixins.json:RegistryManagerMixin from mod fabric_registry_sync_v0: Class version 61 required is higher than the class version supported by the current version of Mixin (JAVA_16 supports class version 60)
[30Jul2026 00:21:24.388] [main/DEBUG] [mixin/]: fabric-registry-sync-v0.mixins.json:RegistryManagerMixin from mod fabric_registry_sync_v0->@Inject::beforePostNewRegistryEvent(Lorg/spongepowered/asm/mixin/injection/callback/CallbackInfo;)V doesn't use it's CallbackInfo
[30Jul2026 00:21:24.395] [main/DEBUG] [mixin/]: Mixing bugfix.concurrency.ForgeRegistryTagManagerMixin from modernfix-modernfix.mixins.json into net.minecraftforge.registries.ForgeRegistryTagManager
[30Jul2026 00:21:24.407] [main/DEBUG] [mixin/]: Mixing bugfix.concurrency.NamespacedWrapperMixin from modernfix-modernfix.mixins.json into net.minecraftforge.registries.NamespacedWrapper
[30Jul2026 00:21:24.408] [main/DEBUG] [mixin/]: Mixing perf.fast_forge_dummies.NamespacedHolderHelperMixin from modernfix-modernfix.mixins.json into net.minecraftforge.registries.NamespacedWrapper
[30Jul2026 00:21:24.409] [main/DEBUG] [mixin/]: Mixing registries.NamespacedWrapperMixin from connectormod.mixins.json into net.minecraftforge.registries.NamespacedWrapper
[30Jul2026 00:21:24.410] [main/DEBUG] [mixin/]: Mixing NamespacedWrapperMixin from fabric-registry-sync-v0.mixins.json into net.minecraftforge.registries.NamespacedWrapper
[30Jul2026 00:21:24.410] [main/DEBUG] [mixin/]: fabric-registry-sync-v0.mixins.json:NamespacedWrapperMixin from mod fabric_registry_sync_v0: Class version 61 required is higher than the class version supported by the current version of Mixin (JAVA_16 supports class version 60)
[30Jul2026 00:21:24.413] [main/DEBUG] [mixin/]: modernfix-modernfix.mixins.json:perf.fast_forge_dummies.NamespacedHolderHelperMixin from mod modernfix->@Inject::fastDummyCheck(Lorg/spongepowered/asm/mixin/injection/callback/CallbackInfoReturnable;)V does use it's CallbackInfoReturnable
[30Jul2026 00:21:24.414] [main/DEBUG] [mixin/]: fabric-registry-sync-v0.mixins.json:NamespacedWrapperMixin from mod fabric_registry_sync_v0->@Inject::setPost(ILnet/minecraft/resources/ResourceKey;Ljava/lang/Object;Lcom/mojang/serialization/Lifecycle;Lorg/spongepowered/asm/mixin/injection/callback/CallbackInfoReturnable;)V doesn't use it's CallbackInfoReturnable
[30Jul2026 00:21:24.414] [main/DEBUG] [mixin/]: fabric-registry-sync-v0.mixins.json:NamespacedWrapperMixin from mod fabric_registry_sync_v0->@Inject::setPost(ILnet/minecraft/resources/ResourceKey;Ljava/lang/Object;Lcom/mojang/serialization/Lifecycle;Lorg/spongepowered/asm/mixin/injection/callback/CallbackInfoReturnable;)V has 0 override(s) in child classes
[30Jul2026 00:21:24.414] [main/DEBUG] [mixin/]: fabric-registry-sync-v0.mixins.json:NamespacedWrapperMixin from mod fabric_registry_sync_v0->@Inject::setPost(ILnet/minecraft/resources/ResourceKey;Ljava/lang/Object;Lcom/mojang/serialization/Lifecycle;Lorg/spongepowered/asm/mixin/injection/callback/CallbackInfoReturnable;)V won't be passed a CallbackInfoReturnable as a result
[30Jul2026 00:21:24.418] [main/DEBUG] [mixin/]: Mixing FluidMixin from fabric-transfer-api-v1.mixins.json into net.minecraft.world.level.material.Fluid
[30Jul2026 00:21:24.419] [main/DEBUG] [mixin/]: fabric-transfer-api-v1.mixins.json:FluidMixin from mod fabric_transfer_api_v1: Class version 61 required is higher than the class version supported by the current version of Mixin (JAVA_16 supports class version 60)
[30Jul2026 00:21:24.421] [main/DEBUG] [mixin/]: Mixing inject.MixinFluid from architectury-common.mixins.json into net.minecraft.world.level.material.Fluid
[30Jul2026 00:21:24.422] [main/DEBUG] [mixin/]: fabric-transfer-api-v1.mixins.json:FluidMixin from mod fabric_transfer_api_v1->@Inject::hookGetBucketFillSound(Lorg/spongepowered/asm/mixin/injection/callback/CallbackInfoReturnable;)V does use it's CallbackInfoReturnable
[30Jul2026 00:21:24.427] [main/DEBUG] [mixin/]: Mixing ItemMixin from fabric-transfer-api-v1.mixins.json into net.minecraft.world.item.Item
[30Jul2026 00:21:24.427] [main/DEBUG] [mixin/]: fabric-transfer-api-v1.mixins.json:ItemMixin from mod fabric_transfer_api_v1: Class version 61 required is higher than the class version supported by the current version of Mixin (JAVA_16 supports class version 60)
[30Jul2026 00:21:24.428] [main/DEBUG] [mixin/]: Mixing ItemMixin from fabric-item-api-v1.mixins.json into net.minecraft.world.item.Item
[30Jul2026 00:21:24.428] [main/DEBUG] [mixin/]: fabric-item-api-v1.mixins.json:ItemMixin from mod fabric_item_api_v1: Class version 61 required is higher than the class version supported by the current version of Mixin (JAVA_16 supports class version 60)
[30Jul2026 00:21:24.429] [main/DEBUG] [mixin/]: Mixing perf.forge_registry_alloc.DelegateHolderMixin from modernfix-modernfix.mixins.json into net.minecraft.world.item.Item
[30Jul2026 00:21:24.430] [main/DEBUG] [mixin/]: Mixing inject.MixinItem from architectury-common.mixins.json into net.minecraft.world.item.Item
[30Jul2026 00:21:24.433] [main/DEBUG] [mixin/]: fabric-item-api-v1.mixins.json:ItemMixin from mod fabric_item_api_v1->@Inject::onConstruct(Lnet/minecraft/world/item/Item$Properties;Lorg/spongepowered/asm/mixin/injection/callback/CallbackInfo;)V doesn't use it's CallbackInfo
[30Jul2026 00:21:24.433] [main/DEBUG] [mixin/]: fabric-item-api-v1.mixins.json:ItemMixin from mod fabric_item_api_v1->@Inject::onConstruct(Lnet/minecraft/world/item/Item$Properties;Lorg/spongepowered/asm/mixin/injection/callback/CallbackInfo;)V has 0 override(s) in child classes
[30Jul2026 00:21:24.433] [main/DEBUG] [mixin/]: fabric-item-api-v1.mixins.json:ItemMixin from mod fabric_item_api_v1->@Inject::onConstruct(Lnet/minecraft/world/item/Item$Properties;Lorg/spongepowered/asm/mixin/injection/callback/CallbackInfo;)V won't be passed a CallbackInfo as a result
[30Jul2026 00:21:24.433] [main/DEBUG] [mixin/]: architectury-common.mixins.json:inject.MixinItem from mod architectury->@Inject::init(Lnet/minecraft/world/item/Item$Properties;Lorg/spongepowered/asm/mixin/injection/callback/CallbackInfo;)V doesn't use it's CallbackInfo
[30Jul2026 00:21:24.433] [main/DEBUG] [mixin/]: architectury-common.mixins.json:inject.MixinItem from mod architectury->@Inject::init(Lnet/minecraft/world/item/Item$Properties;Lorg/spongepowered/asm/mixin/injection/callback/CallbackInfo;)V has 0 override(s) in child classes
[30Jul2026 00:21:24.433] [main/DEBUG] [mixin/]: architectury-common.mixins.json:inject.MixinItem from mod architectury->@Inject::init(Lnet/minecraft/world/item/Item$Properties;Lorg/spongepowered/asm/mixin/injection/callback/CallbackInfo;)V won't be passed a CallbackInfo as a result
[30Jul2026 00:21:24.436] [main/DEBUG] [net.minecraftforge.coremod.transformer.CoreModBaseTransformer/COREMOD]: Transforming getAttributeModifiers with desc (Lnet/minecraft/world/entity/EquipmentSlot;Lnet/minecraft/world/item/ItemStack;)Lcom/google/common/collect/Multimap;
[30Jul2026 00:21:24.436] [main/DEBUG] [net.minecraftforge.coremod.transformer.CoreModBaseTransformer/COREMOD]: Transforming getCraftingRemainingItem with desc (Lnet/minecraft/world/item/ItemStack;)Lnet/minecraft/world/item/ItemStack;
[30Jul2026 00:21:24.437] [main/DEBUG] [net.minecraftforge.coremod.transformer.CoreModBaseTransformer/COREMOD]: Transforming hasCraftingRemainingItem with desc (Lnet/minecraft/world/item/ItemStack;)Z
[30Jul2026 00:21:24.437] [main/DEBUG] [net.minecraftforge.coremod.transformer.CoreModBaseTransformer/COREMOD]: Transforming getEquipmentSlot with desc (Lnet/minecraft/world/item/ItemStack;)Lnet/minecraft/world/entity/EquipmentSlot;
[30Jul2026 00:21:24.437] [main/DEBUG] [net.minecraftforge.coremod.transformer.CoreModBaseTransformer/COREMOD]: Transforming isCorrectToolForDrops with desc (Lnet/minecraft/world/item/ItemStack;Lnet/minecraft/world/level/block/state/BlockState;)Z
[30Jul2026 00:21:24.437] [main/DEBUG] [net.minecraftforge.coremod.transformer.CoreModBaseTransformer/COREMOD]: Transforming shouldCauseReequipAnimation with desc (Lnet/minecraft/world/item/ItemStack;Lnet/minecraft/world/item/ItemStack;Z)Z
[30Jul2026 00:21:24.437] [main/DEBUG] [net.minecraftforge.coremod.transformer.CoreModBaseTransformer/COREMOD]: Transforming damageItem with desc (Lnet/minecraft/world/item/ItemStack;ILnet/minecraft/world/entity/LivingEntity;Ljava/util/function/Consumer;)I
[30Jul2026 00:21:24.438] [main/DEBUG] [net.minecraftforge.coremod.transformer.CoreModBaseTransformer/COREMOD]: Transforming net/minecraftforge/common/extensions/IForgeItem
[30Jul2026 00:21:24.438] [main/DEBUG] [mixin/]: Mixing IForgeItemMixin from connectormod.mixins.json into net.minecraftforge.common.extensions.IForgeItem
[30Jul2026 00:21:24.442] [main/DEBUG] [mixin/]: connectormod.mixins.json:IForgeItemMixin from mod connectormod->@Inject::redirectIsPiglinCurrency(Lnet/minecraft/world/item/ItemStack;Lorg/spongepowered/asm/mixin/injection/callback/CallbackInfoReturnable;)V does use it's CallbackInfoReturnable
[30Jul2026 00:21:24.449] [main/DEBUG] [net.minecraftforge.coremod.transformer.CoreModBaseTransformer/COREMOD]: Transforming net/minecraft/world/entity/EntityType
[30Jul2026 00:21:24.483] [main/DEBUG] [mixin/]: Mixing inject.MixinEntityType from architectury-common.mixins.json into net.minecraft.world.entity.EntityType
[30Jul2026 00:21:24.499] [main/DEBUG] [mixin/]: Mixing perf.dynamic_dfu.BlockEntityTypeMixin from modernfix-modernfix.mixins.json into net.minecraft.world.level.block.entity.BlockEntityType
[30Jul2026 00:21:24.499] [main/DEBUG] [mixin/]: Mixing BlockEntityTypeAccessor from fabric-api-lookup-api-v1.mixins.json into net.minecraft.world.level.block.entity.BlockEntityType
[30Jul2026 00:21:24.499] [main/DEBUG] [mixin/]: fabric-api-lookup-api-v1.mixins.json:BlockEntityTypeAccessor from mod fabric_api_lookup_api_v1: Class version 61 required is higher than the class version supported by the current version of Mixin (JAVA_16 supports class version 60)
[30Jul2026 00:21:24.517] [main/DEBUG] [mixin/]: Mixing PoiTypesMixin from connectormod.mixins.json into net.minecraft.world.entity.ai.village.poi.PoiTypes
[30Jul2026 00:21:24.518] [main/DEBUG] [mixin/]: connectormod.mixins.json:PoiTypesMixin from mod connectormod->@Inject::handleLegacyTypeHolders(Lnet/minecraft/world/level/block/state/BlockState;Lorg/spongepowered/asm/mixin/injection/callback/CallbackInfoReturnable;)V does use it's CallbackInfoReturnable
[30Jul2026 00:21:24.562] [main/DEBUG] [net.minecraftforge.coremod.transformer.CoreModBaseTransformer/COREMOD]: Transforming net/minecraft/world/item/CreativeModeTab
[30Jul2026 00:21:24.563] [main/DEBUG] [net.minecraftforge.coremod.CoreMod.connectormod/COREMODLOG]: Injected vanilla CreativeModeTab constructor
[30Jul2026 00:21:24.563] [main/DEBUG] [mixin/]: Mixing perf.memoize_creative_tab_build.CreativeModeTabMixin from modernfix-modernfix.mixins.json into net.minecraft.world.item.CreativeModeTab
[30Jul2026 00:21:24.564] [main/DEBUG] [mixin/]: Mixing ItemGroupMixin from fabric-item-group-api-v1.mixins.json into net.minecraft.world.item.CreativeModeTab
[30Jul2026 00:21:24.570] [main/DEBUG] [mixin/]: Mixing FireBlockMixin from fabric-content-registries-v0.mixins.json into net.minecraft.world.level.block.FireBlock
[30Jul2026 00:21:24.571] [main/DEBUG] [mixin/]: fabric-content-registries-v0.mixins.json:FireBlockMixin from mod fabric_content_registries_v0: Class version 61 required is higher than the class version supported by the current version of Mixin (JAVA_16 supports class version 60)
[30Jul2026 00:21:24.577] [main/DEBUG] [mixin/]: fabric-content-registries-v0.mixins.json:FireBlockMixin from mod fabric_content_registries_v0->@Inject::afterConstruct(Lnet/minecraft/world/level/block/state/BlockBehaviour$Properties;Lorg/spongepowered/asm/mixin/injection/callback/CallbackInfo;)V doesn't use it's CallbackInfo
[30Jul2026 00:21:24.577] [main/DEBUG] [mixin/]: fabric-content-registries-v0.mixins.json:FireBlockMixin from mod fabric_content_registries_v0->@Inject::afterConstruct(Lnet/minecraft/world/level/block/state/BlockBehaviour$Properties;Lorg/spongepowered/asm/mixin/injection/callback/CallbackInfo;)V has 0 override(s) in child classes
[30Jul2026 00:21:24.577] [main/DEBUG] [mixin/]: fabric-content-registries-v0.mixins.json:FireBlockMixin from mod fabric_content_registries_v0->@Inject::afterConstruct(Lnet/minecraft/world/level/block/state/BlockBehaviour$Properties;Lorg/spongepowered/asm/mixin/injection/callback/CallbackInfo;)V won't be passed a CallbackInfo as a result
[30Jul2026 00:21:24.577] [main/DEBUG] [mixin/]: fabric-content-registries-v0.mixins.json:FireBlockMixin from mod fabric_content_registries_v0->@Inject::getFabricBurnChance(Lnet/minecraft/world/level/block/state/BlockState;Lorg/spongepowered/asm/mixin/injection/callback/CallbackInfoReturnable;)V does use it's CallbackInfoReturnable
[30Jul2026 00:21:24.577] [main/DEBUG] [mixin/]: fabric-content-registries-v0.mixins.json:FireBlockMixin from mod fabric_content_registries_v0->@Inject::getFabricSpreadChance(Lnet/minecraft/world/level/block/state/BlockState;Lorg/spongepowered/asm/mixin/injection/callback/CallbackInfoReturnable;)V does use it's CallbackInfoReturnable
[30Jul2026 00:21:24.601] [main/DEBUG] [mixin/]: Mixing ShapesMixin from creativecore.mixins.json into net.minecraft.world.phys.shapes.Shapes
[30Jul2026 00:21:24.618] [main/DEBUG] [mixin/]: creativecore.mixins.json:ShapesMixin from mod creativecore->@Inject::joinUnoptimized(Lnet/minecraft/world/phys/shapes/VoxelShape;Lnet/minecraft/world/phys/shapes/VoxelShape;Lnet/minecraft/world/phys/shapes/BooleanOp;Lorg/spongepowered/asm/mixin/injection/callback/CallbackInfoReturnable;)V does use it's CallbackInfoReturnable
[30Jul2026 00:21:24.618] [main/DEBUG] [mixin/]: creativecore.mixins.json:ShapesMixin from mod creativecore->@Inject::joinUnoptimized(Lnet/minecraft/world/phys/shapes/VoxelShape;Lnet/minecraft/world/phys/shapes/VoxelShape;Lnet/minecraft/world/phys/shapes/BooleanOp;Lorg/spongepowered/asm/mixin/injection/callback/CallbackInfoReturnable;)V does use it's CallbackInfoReturnable
[30Jul2026 00:21:24.618] [main/DEBUG] [mixin/]: creativecore.mixins.json:ShapesMixin from mod creativecore->@Inject::joinUnoptimized(Lnet/minecraft/world/phys/shapes/VoxelShape;Lnet/minecraft/world/phys/shapes/VoxelShape;Lnet/minecraft/world/phys/shapes/BooleanOp;Lorg/spongepowered/asm/mixin/injection/callback/CallbackInfoReturnable;)V does use it's CallbackInfoReturnable
[30Jul2026 00:21:24.619] [main/DEBUG] [mixin/]: creativecore.mixins.json:ShapesMixin from mod creativecore->@Inject::joinIsNotEmpty(Lnet/minecraft/world/phys/shapes/VoxelShape;Lnet/minecraft/world/phys/shapes/VoxelShape;Lnet/minecraft/world/phys/shapes/BooleanOp;Lorg/spongepowered/asm/mixin/injection/callback/CallbackInfoReturnable;)V does use it's CallbackInfoReturnable
[30Jul2026 00:21:24.619] [main/DEBUG] [mixin/]: creativecore.mixins.json:ShapesMixin from mod creativecore->@Inject::joinIsNotEmpty(Lnet/minecraft/world/phys/shapes/VoxelShape;Lnet/minecraft/world/phys/shapes/VoxelShape;Lnet/minecraft/world/phys/shapes/BooleanOp;Lorg/spongepowered/asm/mixin/injection/callback/CallbackInfoReturnable;)V does use it's CallbackInfoReturnable
[30Jul2026 00:21:24.619] [main/DEBUG] [mixin/]: creativecore.mixins.json:ShapesMixin from mod creativecore->@Inject::joinIsNotEmpty(Lnet/minecraft/world/phys/shapes/VoxelShape;Lnet/minecraft/world/phys/shapes/VoxelShape;Lnet/minecraft/world/phys/shapes/BooleanOp;Lorg/spongepowered/asm/mixin/injection/callback/CallbackInfoReturnable;)V does use it's CallbackInfoReturnable
[30Jul2026 00:21:24.623] [main/DEBUG] [mixin/]: Mixing DiscreteVSAccess from ferritecore.blockstatecache.mixin.json into net.minecraft.world.phys.shapes.DiscreteVoxelShape
[30Jul2026 00:21:24.625] [main/DEBUG] [mixin/]: Mixing BitSetDVSAccess from ferritecore.blockstatecache.mixin.json into net.minecraft.world.phys.shapes.BitSetDiscreteVoxelShape
[30Jul2026 00:21:24.627] [main/DEBUG] [mixin/]: Mixing VoxelShapeAccessor from creativecore.mixins.json into net.minecraft.world.phys.shapes.VoxelShape
[30Jul2026 00:21:24.628] [main/DEBUG] [mixin/]: Mixing VoxelShapeAccess from ferritecore.blockstatecache.mixin.json into net.minecraft.world.phys.shapes.VoxelShape
[30Jul2026 00:21:24.628] [main/DEBUG] [mixin/]: Unexpected: Registered method setShape(Lnet/minecraft/world/phys/shapes/DiscreteVoxelShape;)V in net.minecraft.world.phys.shapes.VoxelShape was not merged
[30Jul2026 00:21:24.631] [main/DEBUG] [mixin/]: Mixing ArrayVSAccess from ferritecore.blockstatecache.mixin.json into net.minecraft.world.phys.shapes.ArrayVoxelShape
[30Jul2026 00:21:24.632] [main/DEBUG] [mixin/]: Mixing SliceShapeAccess from ferritecore.blockstatecache.mixin.json into net.minecraft.world.phys.shapes.SliceShape
[30Jul2026 00:21:24.735] [main/DEBUG] [mixin/]: Mixing perf.reduce_blockstate_cache_rebuilds.BlocksMixin from modernfix-modernfix.mixins.json into net.minecraft.world.level.block.Blocks
[30Jul2026 00:21:24.736] [main/DEBUG] [mixin/]: Renaming synthetic method lambda$getEmptyConsumer$0(Ljava/lang/Object;)V to mdda8f76$modernfix$lambda$getEmptyConsumer$0$0 in modernfix-modernfix.mixins.json:perf.reduce_blockstate_cache_rebuilds.BlocksMixin from mod modernfix
[30Jul2026 00:21:24.774] [main/DEBUG] [net.minecraftforge.coremod.transformer.CoreModBaseTransformer/COREMOD]: Transforming net/minecraft/world/level/block/LiquidBlock
[30Jul2026 00:21:24.775] [main/DEBUG] [mixin/]: Mixing inject.MixinLiquidBlock from architectury-common.mixins.json into net.minecraft.world.level.block.LiquidBlock
[30Jul2026 00:21:24.778] [main/DEBUG] [mixin/]: Mixing world_properties.MixinFallingBlock from axiom.mixins.json into net.minecraft.world.level.block.FallingBlock
[30Jul2026 00:21:24.781] [main/DEBUG] [mixin/]: axiom.mixins.json:world_properties.MixinFallingBlock from mod axiom->@Inject::onPlace(Lnet/minecraft/world/level/block/state/BlockState;Lnet/minecraft/world/level/Level;Lnet/minecraft/core/BlockPos;Lnet/minecraft/world/level/block/state/BlockState;ZLorg/spongepowered/asm/mixin/injection/callback/CallbackInfo;)V does use it's CallbackInfo
[30Jul2026 00:21:24.781] [main/DEBUG] [mixin/]: axiom.mixins.json:world_properties.MixinFallingBlock from mod axiom->@Inject::updateShape(Lnet/minecraft/world/level/block/state/BlockState;Lnet/minecraft/core/Direction;Lnet/minecraft/world/level/block/state/BlockState;Lnet/minecraft/world/level/LevelAccessor;Lnet/minecraft/core/BlockPos;Lnet/minecraft/core/BlockPos;Lorg/spongepowered/asm/mixin/injection/callback/CallbackInfoReturnable;)V does use it's CallbackInfoReturnable
[30Jul2026 00:21:24.781] [main/DEBUG] [mixin/]: axiom.mixins.json:world_properties.MixinFallingBlock from mod axiom->@Inject::tick(Lnet/minecraft/world/level/block/state/BlockState;Lnet/minecraft/server/level/ServerLevel;Lnet/minecraft/core/BlockPos;Lnet/minecraft/util/RandomSource;Lorg/spongepowered/asm/mixin/injection/callback/CallbackInfo;)V does use it's CallbackInfo
[30Jul2026 00:21:24.783] [main/DEBUG] [mixin/]: Mixing world_properties.MixinBrushableBlock from axiom.mixins.json into net.minecraft.world.level.block.BrushableBlock
[30Jul2026 00:21:24.786] [main/DEBUG] [mixin/]: axiom.mixins.json:world_properties.MixinBrushableBlock from mod axiom->@Inject::onPlace(Lnet/minecraft/world/level/block/state/BlockState;Lnet/minecraft/world/level/Level;Lnet/minecraft/core/BlockPos;Lnet/minecraft/world/level/block/state/BlockState;ZLorg/spongepowered/asm/mixin/injection/callback/CallbackInfo;)V does use it's CallbackInfo
[30Jul2026 00:21:24.786] [main/DEBUG] [mixin/]: axiom.mixins.json:world_properties.MixinBrushableBlock from mod axiom->@Inject::updateShape(Lnet/minecraft/world/level/block/state/BlockState;Lnet/minecraft/core/Direction;Lnet/minecraft/world/level/block/state/BlockState;Lnet/minecraft/world/level/LevelAccessor;Lnet/minecraft/core/BlockPos;Lnet/minecraft/core/BlockPos;Lorg/spongepowered/asm/mixin/injection/callback/CallbackInfoReturnable;)V does use it's CallbackInfoReturnable
[30Jul2026 00:21:24.787] [main/DEBUG] [mixin/]: axiom.mixins.json:world_properties.MixinBrushableBlock from mod axiom->@Inject::tick(Lnet/minecraft/world/level/block/state/BlockState;Lnet/minecraft/server/level/ServerLevel;Lnet/minecraft/core/BlockPos;Lnet/minecraft/util/RandomSource;Lorg/spongepowered/asm/mixin/injection/callback/CallbackInfo;)V does use it's CallbackInfo
[30Jul2026 00:21:24.804] [main/DEBUG] [mixin/]: Mixing DetectorRailBlockMixin from fabric-object-builder-v1.mixins.json into net.minecraft.world.level.block.DetectorRailBlock
[30Jul2026 00:21:24.805] [main/DEBUG] [mixin/]: fabric-object-builder-v1.mixins.json:DetectorRailBlockMixin from mod fabric_object_builder_api_v1: Class version 61 required is higher than the class version supported by the current version of Mixin (JAVA_16 supports class version 60)
[30Jul2026 00:21:24.805] [main/DEBUG] [mixin/]: Renaming synthetic method lambda$getCustomComparatorOutput$0(Lnet/minecraft/world/entity/Entity;)Z to mdda8f76$fabric_object_builder_api_v1$lambda$getCustomComparatorOutput$0$0 in fabric-object-builder-v1.mixins.json:DetectorRailBlockMixin from mod fabric_object_builder_api_v1
[30Jul2026 00:21:24.811] [main/DEBUG] [mixin/]: fabric-object-builder-v1.mixins.json:DetectorRailBlockMixin from mod fabric_object_builder_api_v1->@Inject::getCustomComparatorOutput(Lnet/minecraft/world/level/block/state/BlockState;Lnet/minecraft/world/level/Level;Lnet/minecraft/core/BlockPos;Lorg/spongepowered/asm/mixin/injection/callback/CallbackInfoReturnable;)V does use it's CallbackInfoReturnable
[30Jul2026 00:21:24.828] [main/DEBUG] [net.minecraftforge.coremod.transformer.CoreModBaseTransformer/COREMOD]: Transforming net/minecraft/world/level/block/StairBlock
[30Jul2026 00:21:24.839] [main/DEBUG] [mixin/]: Mixing no_physical_trigger.MixinCancelFallOn from axiom.mixins.json into net.minecraft.world.level.block.FarmBlock
[30Jul2026 00:21:24.840] [main/DEBUG] [mixin/]: Mixing world_properties.MixinFarmBlock from axiom.mixins.json into net.minecraft.world.level.block.FarmBlock
[30Jul2026 00:21:24.843] [main/DEBUG] [mixin/]: axiom.mixins.json:no_physical_trigger.MixinCancelFallOn from mod axiom->@Inject::fallOn(Lorg/spongepowered/asm/mixin/injection/callback/CallbackInfo;)V does use it's CallbackInfo
[30Jul2026 00:21:24.860] [main/DEBUG] [mixin/]: Mixing no_physical_trigger.MixinCancelStepOn from axiom.mixins.json into net.minecraft.world.level.block.RedStoneOreBlock
[30Jul2026 00:21:24.861] [main/DEBUG] [mixin/]: axiom.mixins.json:no_physical_trigger.MixinCancelStepOn from mod axiom->@Inject::stepOn(Lorg/spongepowered/asm/mixin/injection/callback/CallbackInfo;)V does use it's CallbackInfo
[30Jul2026 00:21:24.908] [main/DEBUG] [mixin/]: Mixing perf.deduplicate_wall_shapes.WallBlockMixin from modernfix-modernfix.mixins.json into net.minecraft.world.level.block.WallBlock
[30Jul2026 00:21:24.912] [main/DEBUG] [mixin/]: modernfix-modernfix.mixins.json:perf.deduplicate_wall_shapes.WallBlockMixin from mod modernfix->@Inject::useCachedShapeMap(FFFFFFLorg/spongepowered/asm/mixin/injection/callback/CallbackInfoReturnable;)V does use it's CallbackInfoReturnable
[30Jul2026 00:21:24.913] [main/DEBUG] [mixin/]: modernfix-modernfix.mixins.json:perf.deduplicate_wall_shapes.WallBlockMixin from mod modernfix->@Inject::storeCachedShapesByProperty(FFFFFFLorg/spongepowered/asm/mixin/injection/callback/CallbackInfoReturnable;)V does use it's CallbackInfoReturnable
[30Jul2026 00:21:24.915] [main/DEBUG] [net.minecraftforge.coremod.transformer.CoreModBaseTransformer/COREMOD]: Transforming net/minecraft/world/level/block/FlowerPotBlock
[30Jul2026 00:21:24.951] [main/DEBUG] [mixin/]: Mixing common.ConcretePowderBlockMixin from mts.mixins.json into net.minecraft.world.level.block.ConcretePowderBlock
[30Jul2026 00:21:24.956] [main/DEBUG] [mixin/]: Mixing no_physical_trigger.MixinCancelFallOn from axiom.mixins.json into net.minecraft.world.level.block.TurtleEggBlock
[30Jul2026 00:21:24.957] [main/DEBUG] [mixin/]: Mixing no_physical_trigger.MixinCancelStepOn from axiom.mixins.json into net.minecraft.world.level.block.TurtleEggBlock
[30Jul2026 00:21:24.959] [main/DEBUG] [mixin/]: axiom.mixins.json:no_physical_trigger.MixinCancelFallOn from mod axiom->@Inject::fallOn(Lorg/spongepowered/asm/mixin/injection/callback/CallbackInfo;)V does use it's CallbackInfo
[30Jul2026 00:21:24.959] [main/DEBUG] [mixin/]: axiom.mixins.json:no_physical_trigger.MixinCancelStepOn from mod axiom->@Inject::stepOn(Lorg/spongepowered/asm/mixin/injection/callback/CallbackInfo;)V does use it's CallbackInfo
[30Jul2026 00:21:25.004] [main/DEBUG] [mixin/]: Mixing no_physical_trigger.MixinCancelStepOn from axiom.mixins.json into net.minecraft.world.level.block.SculkSensorBlock
[30Jul2026 00:21:25.006] [main/DEBUG] [mixin/]: axiom.mixins.json:no_physical_trigger.MixinCancelStepOn from mod axiom->@Inject::stepOn(Lorg/spongepowered/asm/mixin/injection/callback/CallbackInfo;)V does use it's CallbackInfo
[30Jul2026 00:21:25.012] [main/DEBUG] [mixin/]: Mixing no_physical_trigger.MixinCancelStepOn from axiom.mixins.json into net.minecraft.world.level.block.SculkShriekerBlock
[30Jul2026 00:21:25.014] [main/DEBUG] [mixin/]: axiom.mixins.json:no_physical_trigger.MixinCancelStepOn from mod axiom->@Inject::stepOn(Lorg/spongepowered/asm/mixin/injection/callback/CallbackInfo;)V does use it's CallbackInfo
[30Jul2026 00:21:25.016] [main/DEBUG] [net.minecraftforge.coremod.transformer.CoreModBaseTransformer/COREMOD]: Transforming m_154909_ with desc ()Lcom/google/common/collect/BiMap;
[30Jul2026 00:21:25.020] [main/DEBUG] [net.minecraftforge.coremod.CoreMod.fabric_content_registries_v0/COREMODLOG]: Made net.minecraft.block.Oxidizable.OXIDATION_LEVEL_INCREASES mutable
[30Jul2026 00:21:25.031] [main/DEBUG] [mixin/]: Mixing no_physical_trigger.MixinBigDripleafBlock from axiom.mixins.json into net.minecraft.world.level.block.BigDripleafBlock
[30Jul2026 00:21:25.033] [main/DEBUG] [mixin/]: axiom.mixins.json:no_physical_trigger.MixinBigDripleafBlock from mod axiom->@Inject::canEntityTilt(Lnet/minecraft/core/BlockPos;Lnet/minecraft/world/entity/Entity;Lorg/spongepowered/asm/mixin/injection/callback/CallbackInfoReturnable;)V does use it's CallbackInfoReturnable
[30Jul2026 00:21:25.046] [main/DEBUG] [mixin/]: Mixing AbstractBlockSettingsAccessor from fabric-object-builder-v1.mixins.json into net.minecraft.world.level.block.state.BlockBehaviour$Properties
[30Jul2026 00:21:25.046] [main/DEBUG] [mixin/]: fabric-object-builder-v1.mixins.json:AbstractBlockSettingsAccessor from mod fabric_object_builder_api_v1: Class version 61 required is higher than the class version supported by the current version of Mixin (JAVA_16 supports class version 60)
[30Jul2026 00:21:25.067] [main/DEBUG] [mixin/]: Mixing perf.state_definition_construct.StateDefinitionMixin from modernfix-modernfix.mixins.json into net.minecraft.world.level.block.state.StateDefinition
[30Jul2026 00:21:25.151] [main/DEBUG] [io.netty.util.internal.PlatformDependent0/]: -Dio.netty.noUnsafe: false
[30Jul2026 00:21:25.152] [main/DEBUG] [io.netty.util.internal.PlatformDependent0/]: Java version: 17
[30Jul2026 00:21:25.152] [main/DEBUG] [io.netty.util.internal.PlatformDependent0/]: sun.misc.Unsafe.theUnsafe: available
[30Jul2026 00:21:25.153] [main/DEBUG] [io.netty.util.internal.PlatformDependent0/]: sun.misc.Unsafe.copyMemory: available
[30Jul2026 00:21:25.153] [main/DEBUG] [io.netty.util.internal.PlatformDependent0/]: sun.misc.Unsafe.storeFence: available
[30Jul2026 00:21:25.153] [main/DEBUG] [io.netty.util.internal.PlatformDependent0/]: java.nio.Buffer.address: available
[30Jul2026 00:21:25.154] [main/DEBUG] [io.netty.util.internal.PlatformDependent0/]: direct buffer constructor: unavailable
java.lang.UnsupportedOperationException: Reflective setAccessible(true) disabled
	at io.netty.util.internal.ReflectionUtil.trySetAccessible(ReflectionUtil.java:31) ~[netty-common-4.1.82.Final.jar%2382!/:4.1.82.Final]
	at io.netty.util.internal.PlatformDependent0$5.run(PlatformDependent0.java:288) ~[netty-common-4.1.82.Final.jar%2382!/:4.1.82.Final]
	at java.security.AccessController.doPrivileged(AccessController.java:318) ~[?:?]
	at io.netty.util.internal.PlatformDependent0.<clinit>(PlatformDependent0.java:282) ~[netty-common-4.1.82.Final.jar%2382!/:4.1.82.Final]
	at io.netty.util.internal.PlatformDependent.isAndroid(PlatformDependent.java:333) ~[netty-common-4.1.82.Final.jar%2382!/:4.1.82.Final]
	at io.netty.util.internal.PlatformDependent.<clinit>(PlatformDependent.java:88) ~[netty-common-4.1.82.Final.jar%2382!/:4.1.82.Final]
	at io.netty.util.ConstantPool.<init>(ConstantPool.java:34) ~[netty-common-4.1.82.Final.jar%2382!/:4.1.82.Final]
	at io.netty.util.AttributeKey$1.<init>(AttributeKey.java:27) ~[netty-common-4.1.82.Final.jar%2382!/:4.1.82.Final]
	at io.netty.util.AttributeKey.<clinit>(AttributeKey.java:27) ~[netty-common-4.1.82.Final.jar%2382!/:4.1.82.Final]
	at net.minecraftforge.network.NetworkConstants.<clinit>(NetworkConstants.java:34) ~[forge-1.20.1-47.3.7-universal.jar%23148!/:?]
	at net.minecraft.server.Bootstrap.handler$zen000$modernfix$doClassloadHack(Bootstrap.java:536) ~[server-1.20.1-20230612.114412-srg.jar%23143!/:?]
	at net.minecraft.server.Bootstrap.m_135870_(Bootstrap.java:64) ~[server-1.20.1-20230612.114412-srg.jar%23143!/:?]
	at net.minecraftforge.registries.ForgeRegistries.init(ForgeRegistries.java:212) ~[forge-1.20.1-47.3.7-universal.jar%23148!/:?]
	at net.minecraftforge.registries.ForgeRegistries.<clinit>(ForgeRegistries.java:65) ~[forge-1.20.1-47.3.7-universal.jar%23148!/:?]
	at net.minecraft.world.level.block.LiquidBlock.<init>(LiquidBlock.java:53) ~[server-1.20.1-20230612.114412-srg.jar%23143!/:?]
	at net.minecraft.world.level.block.Blocks.<clinit>(Blocks.java:77) ~[server-1.20.1-20230612.114412-srg.jar%23143!/:?]
	at net.minecraft.world.level.block.FireBlock.m_53484_(FireBlock.java:301) ~[server-1.20.1-20230612.114412-srg.jar%23143!/:?]
	at net.minecraft.server.Bootstrap.m_135870_(Bootstrap.java:46) ~[server-1.20.1-20230612.114412-srg.jar%23143!/:?]
	at net.minecraft.server.Main.main(Main.java:121) ~[server-1.20.1-20230612.114412-srg.jar%23143!/:?]
	at jdk.internal.reflect.NativeMethodAccessorImpl.invoke0(Native Method) ~[?:?]
	at jdk.internal.reflect.NativeMethodAccessorImpl.invoke(NativeMethodAccessorImpl.java:77) ~[?:?]
	at jdk.internal.reflect.DelegatingMethodAccessorImpl.invoke(DelegatingMethodAccessorImpl.java:43) ~[?:?]
	at java.lang.reflect.Method.invoke(Method.java:569) ~[?:?]
	at net.minecraftforge.fml.loading.targets.CommonLaunchHandler.runTarget(CommonLaunchHandler.java:111) ~[fmlloader-1.20.1-47.3.7.jar%2369!/:?]
	at net.minecraftforge.fml.loading.targets.CommonLaunchHandler.serverService(CommonLaunchHandler.java:103) ~[fmlloader-1.20.1-47.3.7.jar%2369!/:?]
	at net.minecraftforge.fml.loading.targets.CommonServerLaunchHandler.lambda$makeService$0(CommonServerLaunchHandler.java:27) ~[fmlloader-1.20.1-47.3.7.jar%2369!/:?]
	at cpw.mods.modlauncher.LaunchServiceHandlerDecorator.launch(LaunchServiceHandlerDecorator.java:30) ~[modlauncher-10.0.9.jar%2355!/:?]
	at cpw.mods.modlauncher.LaunchServiceHandler.launch(LaunchServiceHandler.java:53) ~[modlauncher-10.0.9.jar%2355!/:?]
	at cpw.mods.modlauncher.LaunchServiceHandler.launch(LaunchServiceHandler.java:71) ~[modlauncher-10.0.9.jar%2355!/:?]
	at cpw.mods.modlauncher.Launcher.run(Launcher.java:108) ~[modlauncher-10.0.9.jar%2355!/:?]
	at cpw.mods.modlauncher.Launcher.main(Launcher.java:78) ~[modlauncher-10.0.9.jar%2355!/:?]
	at cpw.mods.modlauncher.BootstrapLaunchConsumer.accept(BootstrapLaunchConsumer.java:26) ~[modlauncher-10.0.9.jar%2355!/:?]
	at cpw.mods.modlauncher.BootstrapLaunchConsumer.accept(BootstrapLaunchConsumer.java:23) ~[modlauncher-10.0.9.jar%2355!/:?]
	at cpw.mods.bootstraplauncher.BootstrapLauncher.main(BootstrapLauncher.java:141) ~[bootstraplauncher-1.1.2.jar:?]
[30Jul2026 00:21:25.155] [main/DEBUG] [io.netty.util.internal.PlatformDependent0/]: java.nio.Bits.unaligned: available, true
[30Jul2026 00:21:25.156] [main/DEBUG] [io.netty.util.internal.PlatformDependent0/]: jdk.internal.misc.Unsafe.allocateUninitializedArray(int): unavailable
java.lang.IllegalAccessException: class io.netty.util.internal.PlatformDependent0$7 (in module io.netty.common) cannot access class jdk.internal.misc.Unsafe (in module java.base) because module java.base does not export jdk.internal.misc to module io.netty.common
	at jdk.internal.reflect.Reflection.newIllegalAccessException(Reflection.java:392) ~[?:?]
	at java.lang.reflect.AccessibleObject.checkAccess(AccessibleObject.java:674) ~[?:?]
	at java.lang.reflect.Method.invoke(Method.java:561) ~[?:?]
	at io.netty.util.internal.PlatformDependent0$7.run(PlatformDependent0.java:410) ~[netty-common-4.1.82.Final.jar%2382!/:4.1.82.Final]
	at java.security.AccessController.doPrivileged(AccessController.java:318) ~[?:?]
	at io.netty.util.internal.PlatformDependent0.<clinit>(PlatformDependent0.java:401) ~[netty-common-4.1.82.Final.jar%2382!/:4.1.82.Final]
	at io.netty.util.internal.PlatformDependent.isAndroid(PlatformDependent.java:333) ~[netty-common-4.1.82.Final.jar%2382!/:4.1.82.Final]
	at io.netty.util.internal.PlatformDependent.<clinit>(PlatformDependent.java:88) ~[netty-common-4.1.82.Final.jar%2382!/:4.1.82.Final]
	at io.netty.util.ConstantPool.<init>(ConstantPool.java:34) ~[netty-common-4.1.82.Final.jar%2382!/:4.1.82.Final]
	at io.netty.util.AttributeKey$1.<init>(AttributeKey.java:27) ~[netty-common-4.1.82.Final.jar%2382!/:4.1.82.Final]
	at io.netty.util.AttributeKey.<clinit>(AttributeKey.java:27) ~[netty-common-4.1.82.Final.jar%2382!/:4.1.82.Final]
	at net.minecraftforge.network.NetworkConstants.<clinit>(NetworkConstants.java:34) ~[forge-1.20.1-47.3.7-universal.jar%23148!/:?]
	at net.minecraft.server.Bootstrap.handler$zen000$modernfix$doClassloadHack(Bootstrap.java:536) ~[server-1.20.1-20230612.114412-srg.jar%23143!/:?]
	at net.minecraft.server.Bootstrap.m_135870_(Bootstrap.java:64) ~[server-1.20.1-20230612.114412-srg.jar%23143!/:?]
	at net.minecraftforge.registries.ForgeRegistries.init(ForgeRegistries.java:212) ~[forge-1.20.1-47.3.7-universal.jar%23148!/:?]
	at net.minecraftforge.registries.ForgeRegistries.<clinit>(ForgeRegistries.java:65) ~[forge-1.20.1-47.3.7-universal.jar%23148!/:?]
	at net.minecraft.world.level.block.LiquidBlock.<init>(LiquidBlock.java:53) ~[server-1.20.1-20230612.114412-srg.jar%23143!/:?]
	at net.minecraft.world.level.block.Blocks.<clinit>(Blocks.java:77) ~[server-1.20.1-20230612.114412-srg.jar%23143!/:?]
	at net.minecraft.world.level.block.FireBlock.m_53484_(FireBlock.java:301) ~[server-1.20.1-20230612.114412-srg.jar%23143!/:?]
	at net.minecraft.server.Bootstrap.m_135870_(Bootstrap.java:46) ~[server-1.20.1-20230612.114412-srg.jar%23143!/:?]
	at net.minecraft.server.Main.main(Main.java:121) ~[server-1.20.1-20230612.114412-srg.jar%23143!/:?]
	at jdk.internal.reflect.NativeMethodAccessorImpl.invoke0(Native Method) ~[?:?]
	at jdk.internal.reflect.NativeMethodAccessorImpl.invoke(NativeMethodAccessorImpl.java:77) ~[?:?]
	at jdk.internal.reflect.DelegatingMethodAccessorImpl.invoke(DelegatingMethodAccessorImpl.java:43) ~[?:?]
	at java.lang.reflect.Method.invoke(Method.java:569) ~[?:?]
	at net.minecraftforge.fml.loading.targets.CommonLaunchHandler.runTarget(CommonLaunchHandler.java:111) ~[fmlloader-1.20.1-47.3.7.jar%2369!/:?]
	at net.minecraftforge.fml.loading.targets.CommonLaunchHandler.serverService(CommonLaunchHandler.java:103) ~[fmlloader-1.20.1-47.3.7.jar%2369!/:?]
	at net.minecraftforge.fml.loading.targets.CommonServerLaunchHandler.lambda$makeService$0(CommonServerLaunchHandler.java:27) ~[fmlloader-1.20.1-47.3.7.jar%2369!/:?]
	at cpw.mods.modlauncher.LaunchServiceHandlerDecorator.launch(LaunchServiceHandlerDecorator.java:30) ~[modlauncher-10.0.9.jar%2355!/:?]
	at cpw.mods.modlauncher.LaunchServiceHandler.launch(LaunchServiceHandler.java:53) ~[modlauncher-10.0.9.jar%2355!/:?]
	at cpw.mods.modlauncher.LaunchServiceHandler.launch(LaunchServiceHandler.java:71) ~[modlauncher-10.0.9.jar%2355!/:?]
	at cpw.mods.modlauncher.Launcher.run(Launcher.java:108) ~[modlauncher-10.0.9.jar%2355!/:?]
	at cpw.mods.modlauncher.Launcher.main(Launcher.java:78) ~[modlauncher-10.0.9.jar%2355!/:?]
	at cpw.mods.modlauncher.BootstrapLaunchConsumer.accept(BootstrapLaunchConsumer.java:26) ~[modlauncher-10.0.9.jar%2355!/:?]
	at cpw.mods.modlauncher.BootstrapLaunchConsumer.accept(BootstrapLaunchConsumer.java:23) ~[modlauncher-10.0.9.jar%2355!/:?]
	at cpw.mods.bootstraplauncher.BootstrapLauncher.main(BootstrapLauncher.java:141) ~[bootstraplauncher-1.1.2.jar:?]
[30Jul2026 00:21:25.157] [main/DEBUG] [io.netty.util.internal.PlatformDependent0/]: java.nio.DirectByteBuffer.<init>(long, int): unavailable
[30Jul2026 00:21:25.157] [main/DEBUG] [io.netty.util.internal.PlatformDependent/]: sun.misc.Unsafe: available
[30Jul2026 00:21:25.158] [main/DEBUG] [io.netty.util.internal.PlatformDependent/]: maxDirectMemory: 12884901888 bytes (maybe)
[30Jul2026 00:21:25.158] [main/DEBUG] [io.netty.util.internal.PlatformDependent/]: -Dio.netty.tmpdir: /tmp (java.io.tmpdir)
[30Jul2026 00:21:25.158] [main/DEBUG] [io.netty.util.internal.PlatformDependent/]: -Dio.netty.bitMode: 64 (sun.arch.data.model)
[30Jul2026 00:21:25.158] [main/DEBUG] [io.netty.util.internal.PlatformDependent/]: -Dio.netty.maxDirectMemory: -1 bytes
[30Jul2026 00:21:25.159] [main/DEBUG] [io.netty.util.internal.PlatformDependent/]: -Dio.netty.uninitializedArrayAllocationThreshold: -1
[30Jul2026 00:21:25.159] [main/DEBUG] [io.netty.util.internal.CleanerJava9/]: java.nio.ByteBuffer.cleaner(): available
[30Jul2026 00:21:25.159] [main/DEBUG] [io.netty.util.internal.PlatformDependent/]: -Dio.netty.noPreferDirect: false
[30Jul2026 00:21:25.189] [main/DEBUG] [mixin/]: Mixing accessor.CustomPayloadC2SPacketAccessor from fabric-networking-api-v1.mixins.json into net.minecraft.network.protocol.game.ServerboundCustomPayloadPacket
[30Jul2026 00:21:25.190] [main/DEBUG] [mixin/]: fabric-networking-api-v1.mixins.json:accessor.CustomPayloadC2SPacketAccessor from mod fabric_networking_api_v1: Class version 61 required is higher than the class version supported by the current version of Mixin (JAVA_16 supports class version 60)
[30Jul2026 00:21:25.194] [main/DEBUG] [mixin/]: Mixing accessor.LoginQueryResponseC2SPacketAccessor from fabric-networking-api-v1.mixins.json into net.minecraft.network.protocol.login.ServerboundCustomQueryPacket
[30Jul2026 00:21:25.194] [main/DEBUG] [mixin/]: fabric-networking-api-v1.mixins.json:accessor.LoginQueryResponseC2SPacketAccessor from mod fabric_networking_api_v1: Class version 61 required is higher than the class version supported by the current version of Mixin (JAVA_16 supports class version 60)
[30Jul2026 00:21:25.199] [main/DEBUG] [mixin/]: Mixing perf.fix_handshake_stall.HandshakeHandlerMixin from modernfix-modernfix.mixins.json into net.minecraftforge.network.HandshakeHandler
[30Jul2026 00:21:25.201] [main/DEBUG] [mixin/]: Mixing network.HandshakeHandlerMixin from connectormod.mixins.json into net.minecraftforge.network.HandshakeHandler
[30Jul2026 00:21:25.205] [main/DEBUG] [mixin/]: modernfix-modernfix.mixins.json:perf.fix_handshake_stall.HandshakeHandlerMixin from mod modernfix->@Inject::synchronizeSentMessages(Lorg/spongepowered/asm/mixin/injection/callback/CallbackInfo;)V doesn't use it's CallbackInfo
[30Jul2026 00:21:25.205] [main/DEBUG] [mixin/]: modernfix-modernfix.mixins.json:perf.fix_handshake_stall.HandshakeHandlerMixin from mod modernfix->@Inject::synchronizeSentMessages(Lorg/spongepowered/asm/mixin/injection/callback/CallbackInfo;)V has 0 override(s) in child classes
[30Jul2026 00:21:25.205] [main/DEBUG] [mixin/]: modernfix-modernfix.mixins.json:perf.fix_handshake_stall.HandshakeHandlerMixin from mod modernfix->@Inject::synchronizeSentMessages(Lorg/spongepowered/asm/mixin/injection/callback/CallbackInfo;)V won't be passed a CallbackInfo as a result
[30Jul2026 00:21:25.224] [main/INFO] [net.minecraft.server.Bootstrap/]: Vanilla bootstrap took 1788 milliseconds
[30Jul2026 00:21:25.246] [main/DEBUG] [mixin/]: Mixing MixinFallingBlockEntity from architectury.mixins.json into net.minecraft.world.entity.item.FallingBlockEntity
[30Jul2026 00:21:25.255] [main/DEBUG] [mixin/]: architectury.mixins.json:MixinFallingBlockEntity from mod architectury->@Inject::handleLand(Lorg/spongepowered/asm/mixin/injection/callback/CallbackInfo;Lnet/minecraft/world/level/block/Block;Lnet/minecraft/core/BlockPos;ZZDLnet/minecraft/world/level/block/state/BlockState;)V doesn't use it's CallbackInfo
[30Jul2026 00:21:25.255] [main/DEBUG] [mixin/]: architectury.mixins.json:MixinFallingBlockEntity from mod architectury->@Inject::handleLand(Lorg/spongepowered/asm/mixin/injection/callback/CallbackInfo;Lnet/minecraft/world/level/block/Block;Lnet/minecraft/core/BlockPos;ZZDLnet/minecraft/world/level/block/state/BlockState;)V has 0 override(s) in child classes
[30Jul2026 00:21:25.255] [main/DEBUG] [mixin/]: architectury.mixins.json:MixinFallingBlockEntity from mod architectury->@Inject::handleLand(Lorg/spongepowered/asm/mixin/injection/callback/CallbackInfo;Lnet/minecraft/world/level/block/Block;Lnet/minecraft/core/BlockPos;ZZDLnet/minecraft/world/level/block/state/BlockState;)V won't be passed a CallbackInfo as a result
[30Jul2026 00:21:25.257] [main/DEBUG] [mixin/]: Mixing BlockEntityMixin from fabric-block-view-api-v2.mixins.json into net.minecraft.world.level.block.entity.BlockEntity
[30Jul2026 00:21:25.258] [main/DEBUG] [mixin/]: Mixing AttachmentTargetsMixin from fabric-data-attachment-api-v1.mixins.json into net.minecraft.world.level.block.entity.BlockEntity
[30Jul2026 00:21:25.259] [main/DEBUG] [mixin/]: Mixing BlockEntityMixin from fabric-data-attachment-api-v1.mixins.json into net.minecraft.world.level.block.entity.BlockEntity
[30Jul2026 00:21:25.259] [main/DEBUG] [mixin/]: Mixing BlockEntityMixin from fabric-rendering-data-attachment-v1.mixins.json into net.minecraft.world.level.block.entity.BlockEntity
[30Jul2026 00:21:25.263] [main/DEBUG] [mixin/]: fabric-data-attachment-api-v1.mixins.json:BlockEntityMixin from mod fabric_data_attachment_api_v1->@Inject::readBlockEntityAttachments(Lnet/minecraft/nbt/CompoundTag;Ljava/lang/String;Lnet/minecraft/world/level/block/entity/BlockEntity;Lorg/spongepowered/asm/mixin/injection/callback/CallbackInfoReturnable;)V doesn't use it's CallbackInfoReturnable
[30Jul2026 00:21:25.263] [main/DEBUG] [mixin/]: fabric-data-attachment-api-v1.mixins.json:BlockEntityMixin from mod fabric_data_attachment_api_v1->@Inject::writeBlockEntityAttachments(Lorg/spongepowered/asm/mixin/injection/callback/CallbackInfoReturnable;)V does use it's CallbackInfoReturnable
[30Jul2026 00:21:25.291] [main/DEBUG] [mixin/]: Mixing NamedScreenHandlerFactoryMixin from fabric-screen-handler-api-v1.mixins.json into net.minecraft.world.MenuProvider
[30Jul2026 00:21:25.291] [main/DEBUG] [mixin/]: fabric-screen-handler-api-v1.mixins.json:NamedScreenHandlerFactoryMixin from mod fabric_screen_handler_api_v1: Class version 61 required is higher than the class version supported by the current version of Mixin (JAVA_16 supports class version 60)
[30Jul2026 00:21:25.293] [main/DEBUG] [mixin/]: Mixing LootableContainerBlockEntityMixin from fabric-transfer-api-v1.mixins.json into net.minecraft.world.level.block.entity.RandomizableContainerBlockEntity
[30Jul2026 00:21:25.294] [main/DEBUG] [mixin/]: fabric-transfer-api-v1.mixins.json:LootableContainerBlockEntityMixin from mod fabric_transfer_api_v1: Class version 61 required is higher than the class version supported by the current version of Mixin (JAVA_16 supports class version 60)
[30Jul2026 00:21:25.393] [main/DEBUG] [mixin/]: Mixing ChiseledBookshelfBlockEntityMixin from fabric-transfer-api-v1.mixins.json into net.minecraft.world.level.block.entity.ChiseledBookShelfBlockEntity
[30Jul2026 00:21:25.393] [main/DEBUG] [mixin/]: fabric-transfer-api-v1.mixins.json:ChiseledBookshelfBlockEntityMixin from mod fabric_transfer_api_v1: Class version 61 required is higher than the class version supported by the current version of Mixin (JAVA_16 supports class version 60)
[30Jul2026 00:21:25.397] [main/DEBUG] [mixin/]: fabric-transfer-api-v1.mixins.json:ChiseledBookshelfBlockEntityMixin from mod fabric_transfer_api_v1->@Inject::setStackBypass(ILnet/minecraft/world/item/ItemStack;Lorg/spongepowered/asm/mixin/injection/callback/CallbackInfo;)V does use it's CallbackInfo
[30Jul2026 00:21:25.495] [main/DEBUG] [mixin/]: Mixing AbstractFurnaceBlockEntityMixin from fabric-transfer-api-v1.mixins.json into net.minecraft.world.level.block.entity.AbstractFurnaceBlockEntity
[30Jul2026 00:21:25.495] [main/DEBUG] [mixin/]: fabric-transfer-api-v1.mixins.json:AbstractFurnaceBlockEntityMixin from mod fabric_transfer_api_v1: Class version 61 required is higher than the class version supported by the current version of Mixin (JAVA_16 supports class version 60)
[30Jul2026 00:21:25.498] [main/DEBUG] [mixin/]: fabric-transfer-api-v1.mixins.json:AbstractFurnaceBlockEntityMixin from mod fabric_transfer_api_v1->@Inject::setStackSuppressUpdate(ILnet/minecraft/world/item/ItemStack;Lorg/spongepowered/asm/mixin/injection/callback/CallbackInfo;)V does use it's CallbackInfo
[30Jul2026 00:21:25.538] [main/DEBUG] [mixin/]: Mixing JukeboxBlockEntityMixin from fabric-transfer-api-v1.mixins.json into net.minecraft.world.level.block.entity.JukeboxBlockEntity
[30Jul2026 00:21:25.538] [main/DEBUG] [mixin/]: fabric-transfer-api-v1.mixins.json:JukeboxBlockEntityMixin from mod fabric_transfer_api_v1: Class version 61 required is higher than the class version supported by the current version of Mixin (JAVA_16 supports class version 60)
[30Jul2026 00:21:25.540] [main/DEBUG] [mixin/]: fabric-transfer-api-v1.mixins.json:JukeboxBlockEntityMixin from mod fabric_transfer_api_v1->@Inject::setStackBypass(ILnet/minecraft/world/item/ItemStack;Lorg/spongepowered/asm/mixin/injection/callback/CallbackInfo;)V does use it's CallbackInfo
[30Jul2026 00:21:25.552] [main/DEBUG] [mixin/]: Mixing MobEntityMixin from fabric-entity-events-v1.mixins.json into net.minecraft.world.entity.Mob
[30Jul2026 00:21:25.553] [main/DEBUG] [mixin/]: fabric-entity-events-v1.mixins.json:MobEntityMixin from mod fabric_entity_events_v1: Class version 61 required is higher than the class version supported by the current version of Mixin (JAVA_16 supports class version 60)
[30Jul2026 00:21:25.656] [main/DEBUG] [net.minecraftforge.coremod.transformer.CoreModBaseTransformer/COREMOD]: Transforming net/minecraft/world/item/ItemStack
[30Jul2026 00:21:25.657] [main/DEBUG] [mixin/]: Mixing item.ItemStackMixin from connectormod.mixins.json into net.minecraft.world.item.ItemStack
[30Jul2026 00:21:25.659] [main/DEBUG] [mixin/]: Mixing ItemStackMixin from fabric-item-api-v1.mixins.json into net.minecraft.world.item.ItemStack
[30Jul2026 00:21:25.659] [main/DEBUG] [mixin/]: fabric-item-api-v1.mixins.json:ItemStackMixin from mod fabric_item_api_v1: Class version 61 required is higher than the class version supported by the current version of Mixin (JAVA_16 supports class version 60)
[30Jul2026 00:21:25.659] [main/DEBUG] [mixin/]: Mixing item.LateItemStackMixin from connectormod.mixins.json into net.minecraft.world.item.ItemStack
[30Jul2026 00:21:25.661] [main/DEBUG] [mixin/]: connectormod.mixins.json:item.ItemStackMixin from mod connectormod->@Inject::appyUseOn(Lnet/minecraft/world/item/context/UseOnContext;Lnet/minecraft/world/item/context/UseOnContext;Lorg/spongepowered/asm/mixin/injection/callback/CallbackInfoReturnable;)V does use it's CallbackInfoReturnable
[30Jul2026 00:21:25.722] [main/DEBUG] [mixin/]: Mixing common.AnvilMenuMixin from lrtactical.mixins.json into net.minecraft.world.inventory.AnvilMenu
[30Jul2026 00:21:25.724] [main/DEBUG] [mixin/]: lrtactical.mixins.json:common.AnvilMenuMixin from mod lrtactical: Class version 61 required is higher than the class version supported by the current version of Mixin (JAVA_8 supports class version 52)
[30Jul2026 00:21:25.729] [main/DEBUG] [mixin/]: lrtactical.mixins.json:common.AnvilMenuMixin from mod lrtactical->@Inject::onCreateResult(Lorg/spongepowered/asm/mixin/injection/callback/CallbackInfo;)V does use it's CallbackInfo
[30Jul2026 00:21:25.994] [main/DEBUG] [mixin/]: Mixing MixinLightningBolt from architectury-common.mixins.json into net.minecraft.world.entity.LightningBolt
[30Jul2026 00:21:25.998] [main/DEBUG] [mixin/]: architectury-common.mixins.json:MixinLightningBolt from mod architectury->@Inject::handleLightning(Lorg/spongepowered/asm/mixin/injection/callback/CallbackInfo;Ljava/util/List;)V doesn't use it's CallbackInfo
[30Jul2026 00:21:25.998] [main/DEBUG] [mixin/]: architectury-common.mixins.json:MixinLightningBolt from mod architectury->@Inject::handleLightning(Lorg/spongepowered/asm/mixin/injection/callback/CallbackInfo;Ljava/util/List;)V has 0 override(s) in child classes
[30Jul2026 00:21:25.998] [main/DEBUG] [mixin/]: architectury-common.mixins.json:MixinLightningBolt from mod architectury->@Inject::handleLightning(Lorg/spongepowered/asm/mixin/injection/callback/CallbackInfo;Ljava/util/List;)V won't be passed a CallbackInfo as a result
[30Jul2026 00:21:26.029] [main/DEBUG] [net.minecraftforge.coremod.transformer.CoreModBaseTransformer/COREMOD]: Transforming net/minecraft/world/entity/animal/frog/Tadpole
[30Jul2026 00:21:26.039] [main/DEBUG] [mixin/]: Mixing TadpoleEntityMixin from fabric-entity-events-v1.mixins.json into net.minecraft.world.entity.animal.frog.Tadpole
[30Jul2026 00:21:26.040] [main/DEBUG] [mixin/]: fabric-entity-events-v1.mixins.json:TadpoleEntityMixin from mod fabric_entity_events_v1: Class version 61 required is higher than the class version supported by the current version of Mixin (JAVA_16 supports class version 60)
[30Jul2026 00:21:26.066] [main/DEBUG] [mixin/]: Mixing SwordItemMixin from fabric-mining-level-api-v1.mixins.json into net.minecraft.world.item.SwordItem
[30Jul2026 00:21:26.066] [main/DEBUG] [mixin/]: fabric-mining-level-api-v1.mixins.json:SwordItemMixin from mod fabric_mining_level_api_v1: Class version 61 required is higher than the class version supported by the current version of Mixin (JAVA_16 supports class version 60)
[30Jul2026 00:21:26.072] [main/DEBUG] [mixin/]: fabric-mining-level-api-v1.mixins.json:SwordItemMixin from mod fabric_mining_level_api_v1->@Inject::fabric$onIsSuitableFor(Lnet/minecraft/world/level/block/state/BlockState;Lorg/spongepowered/asm/mixin/injection/callback/CallbackInfoReturnable;)V does use it's CallbackInfoReturnable
[30Jul2026 00:21:26.072] [main/DEBUG] [mixin/]: fabric-mining-level-api-v1.mixins.json:SwordItemMixin from mod fabric_mining_level_api_v1->@Inject::fabric$onGetMiningSpeedMultiplier(Lnet/minecraft/world/item/ItemStack;Lnet/minecraft/world/level/block/state/BlockState;Lorg/spongepowered/asm/mixin/injection/callback/CallbackInfoReturnable;)V does use it's CallbackInfoReturnable
[30Jul2026 00:21:26.073] [main/DEBUG] [mixin/]: fabric-mining-level-api-v1.mixins.json:SwordItemMixin from mod fabric_mining_level_api_v1->@Inject::fabric$onGetMiningSpeedMultiplier(Lnet/minecraft/world/item/ItemStack;Lnet/minecraft/world/level/block/state/BlockState;Lorg/spongepowered/asm/mixin/injection/callback/CallbackInfoReturnable;)V does use it's CallbackInfoReturnable
[30Jul2026 00:21:26.075] [main/DEBUG] [mixin/]: Mixing ShovelItemAccessor from fabric-content-registries-v0.mixins.json into net.minecraft.world.item.ShovelItem
[30Jul2026 00:21:26.076] [main/DEBUG] [mixin/]: fabric-content-registries-v0.mixins.json:ShovelItemAccessor from mod fabric_content_registries_v0: Class version 61 required is higher than the class version supported by the current version of Mixin (JAVA_16 supports class version 60)
[30Jul2026 00:21:26.076] [main/DEBUG] [mixin/]: Renaming @Accessor method getPathStates()Ljava/util/Map; to getPathStates$fabric_content_registries_v0_$md$da8f76$0 in fabric-content-registries-v0.mixins.json:ShovelItemAccessor from mod fabric_content_registries_v0
[30Jul2026 00:21:26.078] [main/DEBUG] [mixin/]: Mixing MiningToolItemMixin from fabric-mining-level-api-v1.mixins.json into net.minecraft.world.item.DiggerItem
[30Jul2026 00:21:26.078] [main/DEBUG] [mixin/]: fabric-mining-level-api-v1.mixins.json:MiningToolItemMixin from mod fabric_mining_level_api_v1: Class version 61 required is higher than the class version supported by the current version of Mixin (JAVA_16 supports class version 60)
[30Jul2026 00:21:26.080] [main/DEBUG] [mixin/]: fabric-mining-level-api-v1.mixins.json:MiningToolItemMixin from mod fabric_mining_level_api_v1->@Inject::fabric$onIsSuitableFor(Lnet/minecraft/world/level/block/state/BlockState;Lorg/spongepowered/asm/mixin/injection/callback/CallbackInfoReturnable;)V does use it's CallbackInfoReturnable
[30Jul2026 00:21:26.080] [main/DEBUG] [mixin/]: fabric-mining-level-api-v1.mixins.json:MiningToolItemMixin from mod fabric_mining_level_api_v1->@Inject::fabric$onForgeIsSuitableFor(Lnet/minecraft/world/item/ItemStack;Lnet/minecraft/world/level/block/state/BlockState;Lorg/spongepowered/asm/mixin/injection/callback/CallbackInfoReturnable;)V does use it's CallbackInfoReturnable
[30Jul2026 00:21:26.082] [main/DEBUG] [mixin/]: Mixing AxeItemAccessor from fabric-content-registries-v0.mixins.json into net.minecraft.world.item.AxeItem
[30Jul2026 00:21:26.083] [main/DEBUG] [mixin/]: fabric-content-registries-v0.mixins.json:AxeItemAccessor from mod fabric_content_registries_v0: Class version 61 required is higher than the class version supported by the current version of Mixin (JAVA_16 supports class version 60)
[30Jul2026 00:21:26.083] [main/DEBUG] [mixin/]: Renaming @Accessor method getStrippedBlocks()Ljava/util/Map; to getStrippedBlocks$fabric_content_registries_v0_$md$da8f76$0 in fabric-content-registries-v0.mixins.json:AxeItemAccessor from mod fabric_content_registries_v0
[30Jul2026 00:21:26.083] [main/DEBUG] [mixin/]: Renaming @Accessor method setStrippedBlocks(Ljava/util/Map;)V to setStrippedBlocks$fabric_content_registries_v0_$md$da8f76$1 in fabric-content-registries-v0.mixins.json:AxeItemAccessor from mod fabric_content_registries_v0
[30Jul2026 00:21:26.090] [main/DEBUG] [net.minecraftforge.coremod.transformer.CoreModBaseTransformer/COREMOD]: Transforming net/minecraft/world/item/BucketItem
[30Jul2026 00:21:26.091] [main/DEBUG] [mixin/]: Mixing BucketItemMixin from fabric-transfer-api-v1.mixins.json into net.minecraft.world.item.BucketItem
[30Jul2026 00:21:26.092] [main/DEBUG] [mixin/]: fabric-transfer-api-v1.mixins.json:BucketItemMixin from mod fabric_transfer_api_v1: Class version 61 required is higher than the class version supported by the current version of Mixin (JAVA_16 supports class version 60)
[30Jul2026 00:21:26.092] [main/DEBUG] [mixin/]: Mixing inject.MixinBucketItem from architectury-common.mixins.json into net.minecraft.world.item.BucketItem
[30Jul2026 00:21:26.112] [main/DEBUG] [mixin/]: Mixing ShearsItemMixin from fabric-mining-level-api-v1.mixins.json into net.minecraft.world.item.ShearsItem
[30Jul2026 00:21:26.113] [main/DEBUG] [mixin/]: fabric-mining-level-api-v1.mixins.json:ShearsItemMixin from mod fabric_mining_level_api_v1: Class version 61 required is higher than the class version supported by the current version of Mixin (JAVA_16 supports class version 60)
[30Jul2026 00:21:26.114] [main/DEBUG] [mixin/]: fabric-mining-level-api-v1.mixins.json:ShearsItemMixin from mod fabric_mining_level_api_v1->@Inject::fabric$onIsSuitableFor(Lnet/minecraft/world/level/block/state/BlockState;Lorg/spongepowered/asm/mixin/injection/callback/CallbackInfoReturnable;)V does use it's CallbackInfoReturnable
[30Jul2026 00:21:26.115] [main/DEBUG] [mixin/]: fabric-mining-level-api-v1.mixins.json:ShearsItemMixin from mod fabric_mining_level_api_v1->@Inject::fabric$onGetMiningSpeedMultiplier(Lnet/minecraft/world/item/ItemStack;Lnet/minecraft/world/level/block/state/BlockState;Lorg/spongepowered/asm/mixin/injection/callback/CallbackInfoReturnable;)V does use it's CallbackInfoReturnable
[30Jul2026 00:21:26.115] [main/DEBUG] [mixin/]: fabric-mining-level-api-v1.mixins.json:ShearsItemMixin from mod fabric_mining_level_api_v1->@Inject::fabric$onGetMiningSpeedMultiplier(Lnet/minecraft/world/item/ItemStack;Lnet/minecraft/world/level/block/state/BlockState;Lorg/spongepowered/asm/mixin/injection/callback/CallbackInfoReturnable;)V does use it's CallbackInfoReturnable
[30Jul2026 00:21:26.115] [main/DEBUG] [mixin/]: fabric-mining-level-api-v1.mixins.json:ShearsItemMixin from mod fabric_mining_level_api_v1->@Inject::fabric$onGetMiningSpeedMultiplier(Lnet/minecraft/world/item/ItemStack;Lnet/minecraft/world/level/block/state/BlockState;Lorg/spongepowered/asm/mixin/injection/callback/CallbackInfoReturnable;)V does use it's CallbackInfoReturnable
[30Jul2026 00:21:26.148] [main/DEBUG] [mixin/]: Mixing HoneycombItemMixin from fabric-content-registries-v0.mixins.json into net.minecraft.world.item.HoneycombItem
[30Jul2026 00:21:26.148] [main/DEBUG] [mixin/]: fabric-content-registries-v0.mixins.json:HoneycombItemMixin from mod fabric_content_registries_v0: Class version 61 required is higher than the class version supported by the current version of Mixin (JAVA_16 supports class version 60)
[30Jul2026 00:21:26.149] [main/DEBUG] [mixin/]: fabric-content-registries-v0.mixins.json:HoneycombItemMixin from mod fabric_content_registries_v0->@Inject::createUnwaxedToWaxedMap(Lorg/spongepowered/asm/mixin/injection/callback/CallbackInfoReturnable;)V does use it's CallbackInfoReturnable
[30Jul2026 00:21:26.159] [main/DEBUG] [mixin/]: Mixing inject.MixinItemProperties from architectury-common.mixins.json into net.minecraft.world.item.Item$Properties
[30Jul2026 00:21:26.217] [main/DEBUG] [mixin/]: Mixing perf.dynamic_dfu.EntityTypeBuilderMixin from modernfix-modernfix.mixins.json into net.minecraft.world.entity.EntityType$Builder
[30Jul2026 00:21:26.240] [main/DEBUG] [mixin/]: Mixing perf.ticking_chunk_alloc.BatMixin from modernfix-modernfix.mixins.json into net.minecraft.world.entity.ambient.Bat
[30Jul2026 00:21:26.292] [main/DEBUG] [net.minecraftforge.coremod.transformer.CoreModBaseTransformer/COREMOD]: Transforming net/minecraft/world/entity/monster/Spider
[30Jul2026 00:21:26.342] [main/DEBUG] [net.minecraftforge.coremod.transformer.CoreModBaseTransformer/COREMOD]: Transforming net/minecraft/world/entity/monster/Zombie
[30Jul2026 00:21:26.384] [main/DEBUG] [net.minecraftforge.coremod.transformer.CoreModBaseTransformer/COREMOD]: Transforming net/minecraft/world/entity/monster/ZombieVillager
[30Jul2026 00:21:26.447] [main/DEBUG] [net.minecraftforge.coremod.transformer.CoreModBaseTransformer/COREMOD]: Transforming net/minecraft/world/entity/monster/Evoker$EvokerSummonSpellGoal
[30Jul2026 00:21:26.522] [main/DEBUG] [mixin/]: Mixing MixinMarker from axiom.mixins.json into net.minecraft.world.entity.Marker
[30Jul2026 00:21:26.587] [main/DEBUG] [net.minecraftforge.coremod.transformer.CoreModBaseTransformer/COREMOD]: Transforming net/minecraft/world/entity/animal/horse/SkeletonTrapGoal
[30Jul2026 00:21:26.600] [main/DEBUG] [net.minecraftforge.coremod.transformer.CoreModBaseTransformer/COREMOD]: Transforming m_151311_ with desc (Lnet/minecraft/server/level/ServerLevel;Lnet/minecraft/core/BlockPos;)V
[30Jul2026 00:21:26.612] [main/DEBUG] [net.minecraftforge.coremod.CoreMod.connectormod/COREMODLOG]: Expanded local variable scope for BaseSpawner#serverTick index 3
[30Jul2026 00:21:26.619] [main/DEBUG] [net.minecraftforge.coremod.transformer.CoreModBaseTransformer/COREMOD]: Transforming net/minecraft/world/entity/monster/Strider
[30Jul2026 00:21:26.678] [main/DEBUG] [mixin/]: Mixing common.ServerPlayerMixin from tacz.mixins.json into net.minecraft.server.level.ServerPlayer
[30Jul2026 00:21:26.678] [main/DEBUG] [mixin/]: Mixing ServerPlayerEntityMixin from fabric-screen-handler-api-v1.mixins.json into net.minecraft.server.level.ServerPlayer
[30Jul2026 00:21:26.679] [main/DEBUG] [mixin/]: fabric-screen-handler-api-v1.mixins.json:ServerPlayerEntityMixin from mod fabric_screen_handler_api_v1: Class version 61 required is higher than the class version supported by the current version of Mixin (JAVA_16 supports class version 60)
[30Jul2026 00:21:26.680] [main/DEBUG] [mixin/]: Mixing ServerPlayerEntityMixin from fabric-entity-events-v1.mixins.json into net.minecraft.server.level.ServerPlayer
[30Jul2026 00:21:26.681] [main/DEBUG] [mixin/]: fabric-entity-events-v1.mixins.json:ServerPlayerEntityMixin from mod fabric_entity_events_v1: Class version 61 required is higher than the class version supported by the current version of Mixin (JAVA_16 supports class version 60)
[30Jul2026 00:21:26.682] [main/DEBUG] [mixin/]: Mixing world_properties.MixinServerPlayer from axiom.mixins.json into net.minecraft.server.level.ServerPlayer
[30Jul2026 00:21:26.688] [main/DEBUG] [mixin/]: tacz.mixins.json:common.ServerPlayerMixin from mod tacz->@Inject::initialGunOperateData(Lnet/minecraft/server/level/ServerPlayer;ZLorg/spongepowered/asm/mixin/injection/callback/CallbackInfo;)V doesn't use it's CallbackInfo
[30Jul2026 00:21:26.688] [main/DEBUG] [mixin/]: tacz.mixins.json:common.ServerPlayerMixin from mod tacz->@Inject::initialGunOperateData(Lnet/minecraft/server/level/ServerPlayer;ZLorg/spongepowered/asm/mixin/injection/callback/CallbackInfo;)V has 0 override(s) in child classes
[30Jul2026 00:21:26.688] [main/DEBUG] [mixin/]: tacz.mixins.json:common.ServerPlayerMixin from mod tacz->@Inject::initialGunOperateData(Lnet/minecraft/server/level/ServerPlayer;ZLorg/spongepowered/asm/mixin/injection/callback/CallbackInfo;)V won't be passed a CallbackInfo as a result
[30Jul2026 00:21:26.688] [main/DEBUG] [mixin/]: fabric-screen-handler-api-v1.mixins.json:ServerPlayerEntityMixin from mod fabric_screen_handler_api_v1->@Inject::fabric_replaceVanillaScreenPacket(Lnet/minecraft/world/MenuProvider;Lorg/spongepowered/asm/mixin/injection/callback/CallbackInfoReturnable;)V does use it's CallbackInfoReturnable
[30Jul2026 00:21:26.689] [main/DEBUG] [mixin/]: fabric-entity-events-v1.mixins.json:ServerPlayerEntityMixin from mod fabric_entity_events_v1->@Inject::callOnKillForPlayer(Lnet/minecraft/world/damagesource/DamageSource;Lorg/spongepowered/asm/mixin/injection/callback/CallbackInfo;)V doesn't use it's CallbackInfo
[30Jul2026 00:21:26.689] [main/DEBUG] [mixin/]: fabric-entity-events-v1.mixins.json:ServerPlayerEntityMixin from mod fabric_entity_events_v1->@Inject::callOnKillForPlayer(Lnet/minecraft/world/damagesource/DamageSource;Lorg/spongepowered/asm/mixin/injection/callback/CallbackInfo;)V has 0 override(s) in child classes
[30Jul2026 00:21:26.689] [main/DEBUG] [mixin/]: fabric-entity-events-v1.mixins.json:ServerPlayerEntityMixin from mod fabric_entity_events_v1->@Inject::callOnKillForPlayer(Lnet/minecraft/world/damagesource/DamageSource;Lorg/spongepowered/asm/mixin/injection/callback/CallbackInfo;)V won't be passed a CallbackInfo as a result
[30Jul2026 00:21:26.689] [main/DEBUG] [mixin/]: fabric-entity-events-v1.mixins.json:ServerPlayerEntityMixin from mod fabric_entity_events_v1->@Inject::notifyDeath(Lnet/minecraft/world/damagesource/DamageSource;Lorg/spongepowered/asm/mixin/injection/callback/CallbackInfo;)V doesn't use it's CallbackInfo
[30Jul2026 00:21:26.689] [main/DEBUG] [mixin/]: fabric-entity-events-v1.mixins.json:ServerPlayerEntityMixin from mod fabric_entity_events_v1->@Inject::notifyDeath(Lnet/minecraft/world/damagesource/DamageSource;Lorg/spongepowered/asm/mixin/injection/callback/CallbackInfo;)V has 0 override(s) in child classes
[30Jul2026 00:21:26.689] [main/DEBUG] [mixin/]: fabric-entity-events-v1.mixins.json:ServerPlayerEntityMixin from mod fabric_entity_events_v1->@Inject::notifyDeath(Lnet/minecraft/world/damagesource/DamageSource;Lorg/spongepowered/asm/mixin/injection/callback/CallbackInfo;)V won't be passed a CallbackInfo as a result
[30Jul2026 00:21:26.689] [main/DEBUG] [mixin/]: fabric-entity-events-v1.mixins.json:ServerPlayerEntityMixin from mod fabric_entity_events_v1->@Inject::afterWorldChanged(Lnet/minecraft/server/level/ServerLevel;Lorg/spongepowered/asm/mixin/injection/callback/CallbackInfo;)V doesn't use it's CallbackInfo
[30Jul2026 00:21:26.689] [main/DEBUG] [mixin/]: fabric-entity-events-v1.mixins.json:ServerPlayerEntityMixin from mod fabric_entity_events_v1->@Inject::afterWorldChanged(Lnet/minecraft/server/level/ServerLevel;Lorg/spongepowered/asm/mixin/injection/callback/CallbackInfo;)V has 0 override(s) in child classes
[30Jul2026 00:21:26.689] [main/DEBUG] [mixin/]: fabric-entity-events-v1.mixins.json:ServerPlayerEntityMixin from mod fabric_entity_events_v1->@Inject::afterWorldChanged(Lnet/minecraft/server/level/ServerLevel;Lorg/spongepowered/asm/mixin/injection/callback/CallbackInfo;)V won't be passed a CallbackInfo as a result
[30Jul2026 00:21:26.689] [main/DEBUG] [mixin/]: fabric-entity-events-v1.mixins.json:ServerPlayerEntityMixin from mod fabric_entity_events_v1->@Inject::onTrySleepDirectionCheck(Lnet/minecraft/core/BlockPos;Lorg/spongepowered/asm/mixin/injection/callback/CallbackInfoReturnable;Ljava/util/Optional;Lnet/minecraft/world/entity/player/Player$BedSleepingProblem;Lnet/minecraft/core/Direction;)V does use it's CallbackInfoReturnable
[30Jul2026 00:21:26.689] [main/DEBUG] [mixin/]: axiom.mixins.json:world_properties.MixinServerPlayer from mod axiom->@Inject::isInvulnerableTo(Lorg/spongepowered/asm/mixin/injection/callback/CallbackInfoReturnable;)V does use it's CallbackInfoReturnable
[30Jul2026 00:21:26.719] [main/DEBUG] [mixin/]: Mixing perf.ticking_chunk_alloc.ChunkAccessMixin from modernfix-modernfix.mixins.json into net.minecraft.world.level.chunk.ChunkAccess
[30Jul2026 00:21:26.719] [main/DEBUG] [mixin/]: Mixing perf.compact_imposterprotochunks.ChunkAccessMixin from modernfix-modernfix.mixins.json into net.minecraft.world.level.chunk.ChunkAccess
[30Jul2026 00:21:26.720] [main/DEBUG] [mixin/]: Mixing AttachmentTargetsMixin from fabric-data-attachment-api-v1.mixins.json into net.minecraft.world.level.chunk.ChunkAccess
[30Jul2026 00:21:26.721] [main/DEBUG] [mixin/]: Mixing common.chunk.ChunkAccessMixin from starlight.mixins.json into net.minecraft.world.level.chunk.ChunkAccess
[30Jul2026 00:21:26.730] [main/DEBUG] [mixin/]: Mixing WorldChunkMixin from fabric-data-attachment-api-v1.mixins.json into net.minecraft.world.level.chunk.LevelChunk
[30Jul2026 00:21:26.730] [main/DEBUG] [mixin/]: Mixing common.chunk.LevelChunkMixin from starlight.mixins.json into net.minecraft.world.level.chunk.LevelChunk
[30Jul2026 00:21:26.732] [main/DEBUG] [mixin/]: Mixing server.WorldChunkMixin from fabric-lifecycle-events-v1.mixins.json into net.minecraft.world.level.chunk.LevelChunk
[30Jul2026 00:21:26.740] [main/DEBUG] [mixin/]: fabric-data-attachment-api-v1.mixins.json:WorldChunkMixin from mod fabric_data_attachment_api_v1->@Inject::transferProtoChunkAttachement(Lnet/minecraft/server/level/ServerLevel;Lnet/minecraft/world/level/chunk/ProtoChunk;Lnet/minecraft/world/level/chunk/LevelChunk$PostLoadProcessor;Lorg/spongepowered/asm/mixin/injection/callback/CallbackInfo;)V doesn't use it's CallbackInfo
[30Jul2026 00:21:26.740] [main/DEBUG] [mixin/]: fabric-data-attachment-api-v1.mixins.json:WorldChunkMixin from mod fabric_data_attachment_api_v1->@Inject::transferProtoChunkAttachement(Lnet/minecraft/server/level/ServerLevel;Lnet/minecraft/world/level/chunk/ProtoChunk;Lnet/minecraft/world/level/chunk/LevelChunk$PostLoadProcessor;Lorg/spongepowered/asm/mixin/injection/callback/CallbackInfo;)V has 0 override(s) in child classes
[30Jul2026 00:21:26.741] [main/DEBUG] [mixin/]: fabric-data-attachment-api-v1.mixins.json:WorldChunkMixin from mod fabric_data_attachment_api_v1->@Inject::transferProtoChunkAttachement(Lnet/minecraft/server/level/ServerLevel;Lnet/minecraft/world/level/chunk/ProtoChunk;Lnet/minecraft/world/level/chunk/LevelChunk$PostLoadProcessor;Lorg/spongepowered/asm/mixin/injection/callback/CallbackInfo;)V won't be passed a CallbackInfo as a result
[30Jul2026 00:21:26.741] [main/DEBUG] [mixin/]: starlight.mixins.json:common.chunk.LevelChunkMixin from mod starlight->@Inject::onTransitionToFull(Lnet/minecraft/server/level/ServerLevel;Lnet/minecraft/world/level/chunk/ProtoChunk;Lnet/minecraft/world/level/chunk/LevelChunk$PostLoadProcessor;Lorg/spongepowered/asm/mixin/injection/callback/CallbackInfo;)V doesn't use it's CallbackInfo
[30Jul2026 00:21:26.741] [main/DEBUG] [mixin/]: starlight.mixins.json:common.chunk.LevelChunkMixin from mod starlight->@Inject::onTransitionToFull(Lnet/minecraft/server/level/ServerLevel;Lnet/minecraft/world/level/chunk/ProtoChunk;Lnet/minecraft/world/level/chunk/LevelChunk$PostLoadProcessor;Lorg/spongepowered/asm/mixin/injection/callback/CallbackInfo;)V has 0 override(s) in child classes
[30Jul2026 00:21:26.741] [main/DEBUG] [mixin/]: starlight.mixins.json:common.chunk.LevelChunkMixin from mod starlight->@Inject::onTransitionToFull(Lnet/minecraft/server/level/ServerLevel;Lnet/minecraft/world/level/chunk/ProtoChunk;Lnet/minecraft/world/level/chunk/LevelChunk$PostLoadProcessor;Lorg/spongepowered/asm/mixin/injection/callback/CallbackInfo;)V won't be passed a CallbackInfo as a result
[30Jul2026 00:21:26.741] [main/DEBUG] [mixin/]: starlight.mixins.json:common.chunk.LevelChunkMixin from mod starlight->@Inject::onConstruct(Lnet/minecraft/world/level/Level;Lnet/minecraft/world/level/ChunkPos;Lnet/minecraft/world/level/chunk/UpgradeData;Lnet/minecraft/world/ticks/LevelChunkTicks;Lnet/minecraft/world/ticks/LevelChunkTicks;J[Lnet/minecraft/world/level/chunk/LevelChunkSection;Lnet/minecraft/world/level/chunk/LevelChunk$PostLoadProcessor;Lnet/minecraft/world/level/levelgen/blending/BlendingData;Lorg/spongepowered/asm/mixin/injection/callback/CallbackInfo;)V doesn't use it's CallbackInfo
[30Jul2026 00:21:26.741] [main/DEBUG] [mixin/]: starlight.mixins.json:common.chunk.LevelChunkMixin from mod starlight->@Inject::onConstruct(Lnet/minecraft/world/level/Level;Lnet/minecraft/world/level/ChunkPos;Lnet/minecraft/world/level/chunk/UpgradeData;Lnet/minecraft/world/ticks/LevelChunkTicks;Lnet/minecraft/world/ticks/LevelChunkTicks;J[Lnet/minecraft/world/level/chunk/LevelChunkSection;Lnet/minecraft/world/level/chunk/LevelChunk$PostLoadProcessor;Lnet/minecraft/world/level/levelgen/blending/BlendingData;Lorg/spongepowered/asm/mixin/injection/callback/CallbackInfo;)V has 0 override(s) in child classes
[30Jul2026 00:21:26.741] [main/DEBUG] [mixin/]: starlight.mixins.json:common.chunk.LevelChunkMixin from mod starlight->@Inject::onConstruct(Lnet/minecraft/world/level/Level;Lnet/minecraft/world/level/ChunkPos;Lnet/minecraft/world/level/chunk/UpgradeData;Lnet/minecraft/world/ticks/LevelChunkTicks;Lnet/minecraft/world/ticks/LevelChunkTicks;J[Lnet/minecraft/world/level/chunk/LevelChunkSection;Lnet/minecraft/world/level/chunk/LevelChunk$PostLoadProcessor;Lnet/minecraft/world/level/levelgen/blending/BlendingData;Lorg/spongepowered/asm/mixin/injection/callback/CallbackInfo;)V won't be passed a CallbackInfo as a result
[30Jul2026 00:21:26.741] [main/DEBUG] [mixin/]: fabric-lifecycle-events-v1.mixins.json:server.WorldChunkMixin from mod fabric_lifecycle_events_v1->@Inject::onLoadBlockEntity(Lnet/minecraft/world/level/block/entity/BlockEntity;Lorg/spongepowered/asm/mixin/injection/callback/CallbackInfo;Lnet/minecraft/core/BlockPos;Lnet/minecraft/world/level/block/entity/BlockEntity;)V doesn't use it's CallbackInfo
[30Jul2026 00:21:26.741] [main/DEBUG] [mixin/]: fabric-lifecycle-events-v1.mixins.json:server.WorldChunkMixin from mod fabric_lifecycle_events_v1->@Inject::onLoadBlockEntity(Lnet/minecraft/world/level/block/entity/BlockEntity;Lorg/spongepowered/asm/mixin/injection/callback/CallbackInfo;Lnet/minecraft/core/BlockPos;Lnet/minecraft/world/level/block/entity/BlockEntity;)V has 0 override(s) in child classes
[30Jul2026 00:21:26.741] [main/DEBUG] [mixin/]: fabric-lifecycle-events-v1.mixins.json:server.WorldChunkMixin from mod fabric_lifecycle_events_v1->@Inject::onLoadBlockEntity(Lnet/minecraft/world/level/block/entity/BlockEntity;Lorg/spongepowered/asm/mixin/injection/callback/CallbackInfo;Lnet/minecraft/core/BlockPos;Lnet/minecraft/world/level/block/entity/BlockEntity;)V won't be passed a CallbackInfo as a result
[30Jul2026 00:21:26.742] [main/DEBUG] [mixin/]: fabric-lifecycle-events-v1.mixins.json:server.WorldChunkMixin from mod fabric_lifecycle_events_v1->@Inject::onRemoveBlockEntity(Lnet/minecraft/world/level/block/entity/BlockEntity;Lorg/spongepowered/asm/mixin/injection/callback/CallbackInfo;Lnet/minecraft/core/BlockPos;Lnet/minecraft/world/level/block/entity/BlockEntity;)V doesn't use it's CallbackInfo
[30Jul2026 00:21:26.742] [main/DEBUG] [mixin/]: fabric-lifecycle-events-v1.mixins.json:server.WorldChunkMixin from mod fabric_lifecycle_events_v1->@Inject::onRemoveBlockEntity(Lnet/minecraft/world/level/block/entity/BlockEntity;Lorg/spongepowered/asm/mixin/injection/callback/CallbackInfo;Lnet/minecraft/core/BlockPos;Lnet/minecraft/world/level/block/entity/BlockEntity;)V has 0 override(s) in child classes
[30Jul2026 00:21:26.742] [main/DEBUG] [mixin/]: fabric-lifecycle-events-v1.mixins.json:server.WorldChunkMixin from mod fabric_lifecycle_events_v1->@Inject::onRemoveBlockEntity(Lnet/minecraft/world/level/block/entity/BlockEntity;Lorg/spongepowered/asm/mixin/injection/callback/CallbackInfo;Lnet/minecraft/core/BlockPos;Lnet/minecraft/world/level/block/entity/BlockEntity;)V won't be passed a CallbackInfo as a result
[30Jul2026 00:21:26.742] [main/DEBUG] [mixin/]: fabric-lifecycle-events-v1.mixins.json:server.WorldChunkMixin from mod fabric_lifecycle_events_v1->@Inject::onRemoveBlockEntity(Lnet/minecraft/core/BlockPos;Lorg/spongepowered/asm/mixin/injection/callback/CallbackInfo;Lnet/minecraft/world/level/block/entity/BlockEntity;)V doesn't use it's CallbackInfo
[30Jul2026 00:21:26.742] [main/DEBUG] [mixin/]: fabric-lifecycle-events-v1.mixins.json:server.WorldChunkMixin from mod fabric_lifecycle_events_v1->@Inject::onRemoveBlockEntity(Lnet/minecraft/core/BlockPos;Lorg/spongepowered/asm/mixin/injection/callback/CallbackInfo;Lnet/minecraft/world/level/block/entity/BlockEntity;)V has 0 override(s) in child classes
[30Jul2026 00:21:26.742] [main/DEBUG] [mixin/]: fabric-lifecycle-events-v1.mixins.json:server.WorldChunkMixin from mod fabric_lifecycle_events_v1->@Inject::onRemoveBlockEntity(Lnet/minecraft/core/BlockPos;Lorg/spongepowered/asm/mixin/injection/callback/CallbackInfo;Lnet/minecraft/world/level/block/entity/BlockEntity;)V won't be passed a CallbackInfo as a result
[30Jul2026 00:21:26.766] [main/DEBUG] [net.minecraftforge.coremod.transformer.CoreModBaseTransformer/COREMOD]: Transforming net/minecraft/world/entity/npc/Villager
[30Jul2026 00:21:26.815] [main/DEBUG] [mixin/]: Mixing VillagerEntityAccessor from fabric-content-registries-v0.mixins.json into net.minecraft.world.entity.npc.Villager
[30Jul2026 00:21:26.817] [main/DEBUG] [mixin/]: fabric-content-registries-v0.mixins.json:VillagerEntityAccessor from mod fabric_content_registries_v0: Class version 61 required is higher than the class version supported by the current version of Mixin (JAVA_16 supports class version 60)
[30Jul2026 00:21:26.817] [main/DEBUG] [mixin/]: Renaming @Accessor method fabric_setItemFoodValues(Ljava/util/Map;)V to fabric_setItemFoodValues$fabric_content_registries_v0_$md$da8f76$0 in fabric-content-registries-v0.mixins.json:VillagerEntityAccessor from mod fabric_content_registries_v0
[30Jul2026 00:21:26.817] [main/DEBUG] [mixin/]: Renaming @Accessor method fabric_setGatherableItems(Ljava/util/Set;)V to fabric_setGatherableItems$fabric_content_registries_v0_$md$da8f76$1 in fabric-content-registries-v0.mixins.json:VillagerEntityAccessor from mod fabric_content_registries_v0
[30Jul2026 00:21:26.817] [main/DEBUG] [mixin/]: Renaming @Accessor method fabric_getGatherableItems()Ljava/util/Set; to fabric_getGatherableItems$fabric_content_registries_v0_$md$da8f76$2 in fabric-content-registries-v0.mixins.json:VillagerEntityAccessor from mod fabric_content_registries_v0
[30Jul2026 00:21:26.862] [main/DEBUG] [mixin/]: Mixing perf.faster_ingredients.IngredientMixin from modernfix-modernfix.mixins.json into net.minecraft.world.item.crafting.Ingredient
[30Jul2026 00:21:26.863] [main/DEBUG] [mixin/]: Renaming synthetic method lambda$computeItemsArray$1(I)[Lnet/minecraft/world/item/ItemStack; to mdda8f76$modernfix$lambda$computeItemsArray$1$0 in modernfix-modernfix.mixins.json:perf.faster_ingredients.IngredientMixin from mod modernfix
[30Jul2026 00:21:26.863] [main/DEBUG] [mixin/]: Renaming synthetic method lambda$modernfix$fasterTagIngredientStacking$0(Lnet/minecraft/core/Holder;)I to mdda8f76$modernfix$lambda$modernfix$fasterTagIngredientStacking$0$1 in modernfix-modernfix.mixins.json:perf.faster_ingredients.IngredientMixin from mod modernfix
[30Jul2026 00:21:26.870] [main/DEBUG] [mixin/]: Mixing perf.smart_ingredient_sync.IngredientMixin from modernfix-modernfix.mixins.json into net.minecraft.world.item.crafting.Ingredient
[30Jul2026 00:21:26.875] [main/DEBUG] [mixin/]: Mixing ingredient.IngredientMixin from fabric-recipe-api-v1.mixins.json into net.minecraft.world.item.crafting.Ingredient
[30Jul2026 00:21:26.880] [main/DEBUG] [mixin/]: modernfix-modernfix.mixins.json:perf.faster_ingredients.IngredientMixin from mod modernfix->@Inject::modernfix$fasterTagIngredientTest(Lnet/minecraft/world/item/ItemStack;Lorg/spongepowered/asm/mixin/injection/callback/CallbackInfoReturnable;)V does use it's CallbackInfoReturnable
[30Jul2026 00:21:26.881] [main/DEBUG] [mixin/]: modernfix-modernfix.mixins.json:perf.faster_ingredients.IngredientMixin from mod modernfix->@Inject::modernfix$fasterTagIngredientStacking(Lorg/spongepowered/asm/mixin/injection/callback/CallbackInfoReturnable;)V does use it's CallbackInfoReturnable
[30Jul2026 00:21:26.881] [main/DEBUG] [mixin/]: modernfix-modernfix.mixins.json:perf.faster_ingredients.IngredientMixin from mod modernfix->@Inject::invalidateSoftReference(Lorg/spongepowered/asm/mixin/injection/callback/CallbackInfo;)V doesn't use it's CallbackInfo
[30Jul2026 00:21:26.881] [main/DEBUG] [mixin/]: modernfix-modernfix.mixins.json:perf.faster_ingredients.IngredientMixin from mod modernfix->@Inject::invalidateSoftReference(Lorg/spongepowered/asm/mixin/injection/callback/CallbackInfo;)V has 0 override(s) in child classes
[30Jul2026 00:21:26.881] [main/DEBUG] [mixin/]: modernfix-modernfix.mixins.json:perf.faster_ingredients.IngredientMixin from mod modernfix->@Inject::invalidateSoftReference(Lorg/spongepowered/asm/mixin/injection/callback/CallbackInfo;)V won't be passed a CallbackInfo as a result
[30Jul2026 00:21:26.881] [main/DEBUG] [mixin/]: modernfix-modernfix.mixins.json:perf.smart_ingredient_sync.IngredientMixin from mod modernfix->@Inject::checkForVanillaTagIngredient(Lnet/minecraft/network/FriendlyByteBuf;Lorg/spongepowered/asm/mixin/injection/callback/CallbackInfo;)V does use it's CallbackInfo
[30Jul2026 00:21:26.881] [main/DEBUG] [mixin/]: modernfix-modernfix.mixins.json:perf.smart_ingredient_sync.IngredientMixin from mod modernfix->@Inject::deserializeModernFixTagValue(Lnet/minecraft/network/FriendlyByteBuf;Lorg/spongepowered/asm/mixin/injection/callback/CallbackInfoReturnable;)V does use it's CallbackInfoReturnable
[30Jul2026 00:21:26.888] [main/DEBUG] [mixin/]: Mixing inject.MixinFoodPropertiesBuilder from architectury-common.mixins.json into net.minecraft.world.food.FoodProperties$Builder
[30Jul2026 00:21:26.890] [main/DEBUG] [net.minecraftforge.coremod.transformer.CoreModBaseTransformer/COREMOD]: Transforming net/minecraft/world/effect/MobEffectInstance
[30Jul2026 00:21:26.928] [main/DEBUG] [mixin/]: Mixing ServerPlayNetworkHandlerMixin from fabric-networking-api-v1.mixins.json into net.minecraft.server.network.ServerGamePacketListenerImpl
[30Jul2026 00:21:26.928] [main/DEBUG] [mixin/]: fabric-networking-api-v1.mixins.json:ServerPlayNetworkHandlerMixin from mod fabric_networking_api_v1: Class version 61 required is higher than the class version supported by the current version of Mixin (JAVA_16 supports class version 60)
[30Jul2026 00:21:26.931] [main/DEBUG] [mixin/]: Mixing common.ServerGamePacketListenerImplMixin from tacz.mixins.json into net.minecraft.server.network.ServerGamePacketListenerImpl
[30Jul2026 00:21:26.931] [main/DEBUG] [mixin/]: Mixing common.ServerPlayNetHandlerMixin from tacz.mixins.json into net.minecraft.server.network.ServerGamePacketListenerImpl
[30Jul2026 00:21:26.933] [main/DEBUG] [mixin/]: Mixing bugfix.forge_vehicle_packets.ServerGamePacketListenerImplMixin from modernfix-modernfix.mixins.json into net.minecraft.server.network.ServerGamePacketListenerImpl
[30Jul2026 00:21:26.935] [main/DEBUG] [mixin/]: Mixing ServerPlayNetHandlerMixin from simplebedrockmodel.mixins.json into net.minecraft.server.network.ServerGamePacketListenerImpl
[30Jul2026 00:21:26.935] [main/DEBUG] [mixin/]: simplebedrockmodel.mixins.json:ServerPlayNetHandlerMixin from mod simplebedrockmodel: Class version 61 required is higher than the class version supported by the current version of Mixin (JAVA_8 supports class version 52)
[30Jul2026 00:21:26.936] [main/DEBUG] [mixin/]: Mixing accessor.ServerPlayNetworkHandlerAccessor from fabric-networking-api-v1.mixins.json into net.minecraft.server.network.ServerGamePacketListenerImpl
[30Jul2026 00:21:26.936] [main/DEBUG] [mixin/]: fabric-networking-api-v1.mixins.json:accessor.ServerPlayNetworkHandlerAccessor from mod fabric_networking_api_v1: Class version 61 required is higher than the class version supported by the current version of Mixin (JAVA_16 supports class version 60)
[30Jul2026 00:21:26.936] [main/DEBUG] [mixin/]: Mixing MixinServerGamePacketListenerImpl from axiom.mixins.json into net.minecraft.server.network.ServerGamePacketListenerImpl
[30Jul2026 00:21:26.937] [main/DEBUG] [mixin/]: Mixing world_properties.MixinServerGamePacketListenerImpl from axiom.mixins.json into net.minecraft.server.network.ServerGamePacketListenerImpl
[30Jul2026 00:21:26.945] [main/DEBUG] [mixin/]: fabric-networking-api-v1.mixins.json:ServerPlayNetworkHandlerMixin from mod fabric_networking_api_v1->@Inject::initAddon(Lorg/spongepowered/asm/mixin/injection/callback/CallbackInfo;)V doesn't use it's CallbackInfo
[30Jul2026 00:21:26.945] [main/DEBUG] [mixin/]: fabric-networking-api-v1.mixins.json:ServerPlayNetworkHandlerMixin from mod fabric_networking_api_v1->@Inject::initAddon(Lorg/spongepowered/asm/mixin/injection/callback/CallbackInfo;)V has 0 override(s) in child classes
[30Jul2026 00:21:26.945] [main/DEBUG] [mixin/]: fabric-networking-api-v1.mixins.json:ServerPlayNetworkHandlerMixin from mod fabric_networking_api_v1->@Inject::initAddon(Lorg/spongepowered/asm/mixin/injection/callback/CallbackInfo;)V won't be passed a CallbackInfo as a result
[30Jul2026 00:21:26.945] [main/DEBUG] [mixin/]: fabric-networking-api-v1.mixins.json:ServerPlayNetworkHandlerMixin from mod fabric_networking_api_v1->@Inject::handleCustomPayloadReceivedAsync(Lnet/minecraft/network/protocol/game/ServerboundCustomPayloadPacket;Lorg/spongepowered/asm/mixin/injection/callback/CallbackInfo;)V does use it's CallbackInfo
[30Jul2026 00:21:26.945] [main/DEBUG] [mixin/]: fabric-networking-api-v1.mixins.json:ServerPlayNetworkHandlerMixin from mod fabric_networking_api_v1->@Inject::handleDisconnection(Lnet/minecraft/network/chat/Component;Lorg/spongepowered/asm/mixin/injection/callback/CallbackInfo;)V doesn't use it's CallbackInfo
[30Jul2026 00:21:26.945] [main/DEBUG] [mixin/]: fabric-networking-api-v1.mixins.json:ServerPlayNetworkHandlerMixin from mod fabric_networking_api_v1->@Inject::handleDisconnection(Lnet/minecraft/network/chat/Component;Lorg/spongepowered/asm/mixin/injection/callback/CallbackInfo;)V has 0 override(s) in child classes
[30Jul2026 00:21:26.945] [main/DEBUG] [mixin/]: fabric-networking-api-v1.mixins.json:ServerPlayNetworkHandlerMixin from mod fabric_networking_api_v1->@Inject::handleDisconnection(Lnet/minecraft/network/chat/Component;Lorg/spongepowered/asm/mixin/injection/callback/CallbackInfo;)V won't be passed a CallbackInfo as a result
[30Jul2026 00:21:26.945] [main/DEBUG] [mixin/]: tacz.mixins.json:common.ServerPlayNetHandlerMixin from mod tacz->@Inject::applySwapOffhandDraw(Lnet/minecraft/network/protocol/game/ServerboundPlayerActionPacket;Lorg/spongepowered/asm/mixin/injection/callback/CallbackInfo;)V doesn't use it's CallbackInfo
[30Jul2026 00:21:26.945] [main/DEBUG] [mixin/]: tacz.mixins.json:common.ServerPlayNetHandlerMixin from mod tacz->@Inject::applySwapOffhandDraw(Lnet/minecraft/network/protocol/game/ServerboundPlayerActionPacket;Lorg/spongepowered/asm/mixin/injection/callback/CallbackInfo;)V has 0 override(s) in child classes
[30Jul2026 00:21:26.945] [main/DEBUG] [mixin/]: tacz.mixins.json:common.ServerPlayNetHandlerMixin from mod tacz->@Inject::applySwapOffhandDraw(Lnet/minecraft/network/protocol/game/ServerboundPlayerActionPacket;Lorg/spongepowered/asm/mixin/injection/callback/CallbackInfo;)V won't be passed a CallbackInfo as a result
[30Jul2026 00:21:26.945] [main/DEBUG] [mixin/]: simplebedrockmodel.mixins.json:ServerPlayNetHandlerMixin from mod simplebedrockmodel->@Inject::applySwapOffhandDraw(Lnet/minecraft/network/protocol/game/ServerboundPlayerActionPacket;Lorg/spongepowered/asm/mixin/injection/callback/CallbackInfo;)V doesn't use it's CallbackInfo
[30Jul2026 00:21:26.945] [main/DEBUG] [mixin/]: simplebedrockmodel.mixins.json:ServerPlayNetHandlerMixin from mod simplebedrockmodel->@Inject::applySwapOffhandDraw(Lnet/minecraft/network/protocol/game/ServerboundPlayerActionPacket;Lorg/spongepowered/asm/mixin/injection/callback/CallbackInfo;)V has 0 override(s) in child classes
[30Jul2026 00:21:26.945] [main/DEBUG] [mixin/]: simplebedrockmodel.mixins.json:ServerPlayNetHandlerMixin from mod simplebedrockmodel->@Inject::applySwapOffhandDraw(Lnet/minecraft/network/protocol/game/ServerboundPlayerActionPacket;Lorg/spongepowered/asm/mixin/injection/callback/CallbackInfo;)V won't be passed a CallbackInfo as a result
[30Jul2026 00:21:26.945] [main/DEBUG] [mixin/]: axiom.mixins.json:world_properties.MixinServerGamePacketListenerImpl from mod axiom->@Inject::tick(Lorg/spongepowered/asm/mixin/injection/callback/CallbackInfo;)V doesn't use it's CallbackInfo
[30Jul2026 00:21:26.946] [main/DEBUG] [mixin/]: axiom.mixins.json:world_properties.MixinServerGamePacketListenerImpl from mod axiom->@Inject::tick(Lorg/spongepowered/asm/mixin/injection/callback/CallbackInfo;)V has 0 override(s) in child classes
[30Jul2026 00:21:26.946] [main/DEBUG] [mixin/]: axiom.mixins.json:world_properties.MixinServerGamePacketListenerImpl from mod axiom->@Inject::tick(Lorg/spongepowered/asm/mixin/injection/callback/CallbackInfo;)V won't be passed a CallbackInfo as a result
[30Jul2026 00:21:26.996] [main/DEBUG] [mixin/]: Mixing EntitySelectorReaderMixin from fabric-command-api-v2.mixins.json into net.minecraft.commands.arguments.selector.EntitySelectorParser
[30Jul2026 00:21:26.996] [main/DEBUG] [mixin/]: fabric-command-api-v2.mixins.json:EntitySelectorReaderMixin from mod fabric_command_api_v2: Class version 61 required is higher than the class version supported by the current version of Mixin (JAVA_16 supports class version 60)
[30Jul2026 00:21:27.062] [main/DEBUG] [mixin/]: Generating mapped inner class net/minecraft/world/level/block/entity/ChiseledBookShelfBlockEntity$Anonymous$2822650f2c524c00bb265dc674ba5654 (originally net/fabricmc/fabric/mixin/transfer/ChiseledBookshelfBlockEntityMixin$1)
[30Jul2026 00:21:27.075] [main/DEBUG] [mixin/]: Mixing common.lightengine.LevelLightEngineMixin from starlight.mixins.json into net.minecraft.world.level.lighting.LevelLightEngine
[30Jul2026 00:21:27.077] [main/DEBUG] [mixin/]: Renaming synthetic method lambda$clientUpdateLight$1(J)[Lca/spottedleaf/starlight/common/light/SWMRNibbleArray; to mdda8f76$starlight$lambda$clientUpdateLight$1$0 in starlight.mixins.json:common.lightengine.LevelLightEngineMixin from mod starlight
[30Jul2026 00:21:27.077] [main/DEBUG] [mixin/]: Renaming synthetic method lambda$clientUpdateLight$0(J)[Lca/spottedleaf/starlight/common/light/SWMRNibbleArray; to mdda8f76$starlight$lambda$clientUpdateLight$0$1 in starlight.mixins.json:common.lightengine.LevelLightEngineMixin from mod starlight
[30Jul2026 00:21:27.100] [main/DEBUG] [mixin/]: starlight.mixins.json:common.lightengine.LevelLightEngineMixin from mod starlight->@Inject::construct(Lnet/minecraft/world/level/chunk/LightChunkGetter;ZZLorg/spongepowered/asm/mixin/injection/callback/CallbackInfo;)V doesn't use it's CallbackInfo
[30Jul2026 00:21:27.100] [main/DEBUG] [mixin/]: starlight.mixins.json:common.lightengine.LevelLightEngineMixin from mod starlight->@Inject::construct(Lnet/minecraft/world/level/chunk/LightChunkGetter;ZZLorg/spongepowered/asm/mixin/injection/callback/CallbackInfo;)V has 0 override(s) in child classes
[30Jul2026 00:21:27.100] [main/DEBUG] [mixin/]: starlight.mixins.json:common.lightengine.LevelLightEngineMixin from mod starlight->@Inject::construct(Lnet/minecraft/world/level/chunk/LightChunkGetter;ZZLorg/spongepowered/asm/mixin/injection/callback/CallbackInfo;)V won't be passed a CallbackInfo as a result
[30Jul2026 00:21:27.106] [main/DEBUG] [mixin/]: Mixing common.lightengine.ThreadedLevelLightEngineMixin from starlight.mixins.json into net.minecraft.server.level.ThreadedLevelLightEngine
[30Jul2026 00:21:27.106] [main/DEBUG] [mixin/]: Renaming synthetic method lambda$lightChunk$7(Lnet/minecraft/world/level/ChunkPos;Lnet/minecraft/world/level/chunk/ChunkAccess;Ljava/lang/Throwable;)V to mdda8f76$starlight$lambda$lightChunk$7$0 in starlight.mixins.json:common.lightengine.ThreadedLevelLightEngineMixin from mod starlight
[30Jul2026 00:21:27.106] [main/DEBUG] [mixin/]: Renaming synthetic method lambda$lightChunk$6(Lnet/minecraft/world/level/ChunkPos;Ljava/lang/Runnable;)V to mdda8f76$starlight$lambda$lightChunk$6$1 in starlight.mixins.json:common.lightengine.ThreadedLevelLightEngineMixin from mod starlight
[30Jul2026 00:21:27.107] [main/DEBUG] [mixin/]: Renaming synthetic method lambda$lightChunk$5(Lnet/minecraft/world/level/chunk/ChunkAccess;ZLnet/minecraft/world/level/ChunkPos;)Lnet/minecraft/world/level/chunk/ChunkAccess; to mdda8f76$starlight$lambda$lightChunk$5$2 in starlight.mixins.json:common.lightengine.ThreadedLevelLightEngineMixin from mod starlight
[30Jul2026 00:21:27.107] [main/DEBUG] [mixin/]: Renaming synthetic method lambda$updateSectionStatus$4(Lnet/minecraft/core/SectionPos;Z)Ljava/util/concurrent/CompletableFuture; to mdda8f76$starlight$lambda$updateSectionStatus$4$3 in starlight.mixins.json:common.lightengine.ThreadedLevelLightEngineMixin from mod starlight
[30Jul2026 00:21:27.107] [main/DEBUG] [mixin/]: Renaming synthetic method lambda$checkBlock$3(Lnet/minecraft/core/BlockPos;)Ljava/util/concurrent/CompletableFuture; to mdda8f76$starlight$lambda$checkBlock$3$4 in starlight.mixins.json:common.lightengine.ThreadedLevelLightEngineMixin from mod starlight
[30Jul2026 00:21:27.107] [main/DEBUG] [mixin/]: Renaming synthetic method lambda$queueTaskForSection$2(IILjava/lang/Void;Ljava/lang/Throwable;)V to mdda8f76$starlight$lambda$queueTaskForSection$2$5 in starlight.mixins.json:common.lightengine.ThreadedLevelLightEngineMixin from mod starlight
[30Jul2026 00:21:27.107] [main/DEBUG] [mixin/]: Renaming synthetic method lambda$queueTaskForSection$1(JIILnet/minecraft/server/level/ServerLevel;Ljava/lang/Void;)V to mdda8f76$starlight$lambda$queueTaskForSection$1$6 in starlight.mixins.json:common.lightengine.ThreadedLevelLightEngineMixin from mod starlight
[30Jul2026 00:21:27.107] [main/DEBUG] [mixin/]: Renaming synthetic method lambda$queueTaskForSection$0(IIILjava/util/function/Supplier;)V to mdda8f76$starlight$lambda$queueTaskForSection$0$7 in starlight.mixins.json:common.lightengine.ThreadedLevelLightEngineMixin from mod starlight
[30Jul2026 00:21:27.112] [main/DEBUG] [mixin/]: Mixing MixinThreadedLevelLightEngine from axiom.mixins.json into net.minecraft.server.level.ThreadedLevelLightEngine
[30Jul2026 00:21:27.113] [main/DEBUG] [mixin/]: Renaming synthetic method lambda$axiom$waitForPendingTasks$2(IILjava/lang/Runnable;)V to mdda8f76$axiom$lambda$axiom$waitForPendingTasks$2$8 in axiom.mixins.json:MixinThreadedLevelLightEngine from mod axiom
[30Jul2026 00:21:27.113] [main/DEBUG] [mixin/]: Renaming synthetic method lambda$axiom$waitForPendingTasks$1()V to mdda8f76$axiom$lambda$axiom$waitForPendingTasks$1$9 in axiom.mixins.json:MixinThreadedLevelLightEngine from mod axiom
[30Jul2026 00:21:27.113] [main/DEBUG] [mixin/]: Renaming synthetic method lambda$axiom$checkSectionBlocks$0(III[S)V to mdda8f76$axiom$lambda$axiom$checkSectionBlocks$0$a in axiom.mixins.json:MixinThreadedLevelLightEngine from mod axiom
[30Jul2026 00:21:27.135] [main/DEBUG] [mixin/]: Mixing perf.cache_upgraded_structures.StructureManagerMixin from modernfix-modernfix.mixins.json into net.minecraft.world.level.levelgen.structure.templatesystem.StructureTemplateManager
[30Jul2026 00:21:27.139] [main/DEBUG] [mixin/]: Mixing perf.dynamic_structure_manager.StructureManagerMixin from modernfix-modernfix.mixins.json into net.minecraft.world.level.levelgen.structure.templatesystem.StructureTemplateManager
[30Jul2026 00:21:27.143] [main/DEBUG] [mixin/]: modernfix-modernfix.mixins.json:perf.dynamic_structure_manager.StructureManagerMixin from mod modernfix->@Inject::makeStructuresSafe(Lnet/minecraft/server/packs/resources/ResourceManager;Lnet/minecraft/world/level/storage/LevelStorageSource$LevelStorageAccess;Lcom/mojang/datafixers/DataFixer;Lnet/minecraft/core/HolderGetter;Lorg/spongepowered/asm/mixin/injection/callback/CallbackInfo;)V doesn't use it's CallbackInfo
[30Jul2026 00:21:27.143] [main/DEBUG] [mixin/]: modernfix-modernfix.mixins.json:perf.dynamic_structure_manager.StructureManagerMixin from mod modernfix->@Inject::makeStructuresSafe(Lnet/minecraft/server/packs/resources/ResourceManager;Lnet/minecraft/world/level/storage/LevelStorageSource$LevelStorageAccess;Lcom/mojang/datafixers/DataFixer;Lnet/minecraft/core/HolderGetter;Lorg/spongepowered/asm/mixin/injection/callback/CallbackInfo;)V has 0 override(s) in child classes
[30Jul2026 00:21:27.144] [main/DEBUG] [mixin/]: modernfix-modernfix.mixins.json:perf.dynamic_structure_manager.StructureManagerMixin from mod modernfix->@Inject::makeStructuresSafe(Lnet/minecraft/server/packs/resources/ResourceManager;Lnet/minecraft/world/level/storage/LevelStorageSource$LevelStorageAccess;Lcom/mojang/datafixers/DataFixer;Lnet/minecraft/core/HolderGetter;Lorg/spongepowered/asm/mixin/injection/callback/CallbackInfo;)V won't be passed a CallbackInfo as a result
[30Jul2026 00:21:27.187] [main/DEBUG] [mixin/]: Mixing SimpleInventoryMixin from fabric-transfer-api-v1.mixins.json into net.minecraft.world.SimpleContainer
[30Jul2026 00:21:27.188] [main/DEBUG] [mixin/]: fabric-transfer-api-v1.mixins.json:SimpleInventoryMixin from mod fabric_transfer_api_v1: Class version 61 required is higher than the class version supported by the current version of Mixin (JAVA_16 supports class version 60)
[30Jul2026 00:21:27.599] [main/DEBUG] [net.minecraftforge.coremod.transformer.CoreModBaseTransformer/COREMOD]: Transforming net/minecraft/world/level/levelgen/structure/Structure
[30Jul2026 00:21:27.649] [main/DEBUG] [net.minecraftforge.coremod.transformer.CoreModBaseTransformer/COREMOD]: Transforming net/minecraft/world/level/levelgen/structure/structures/OceanRuinPieces$OceanRuinPiece
[30Jul2026 00:21:27.663] [main/DEBUG] [net.minecraftforge.coremod.transformer.CoreModBaseTransformer/COREMOD]: Transforming net/minecraft/world/level/levelgen/structure/structures/SwampHutPiece
[30Jul2026 00:21:27.676] [main/DEBUG] [net.minecraftforge.coremod.transformer.CoreModBaseTransformer/COREMOD]: Transforming net/minecraft/world/level/levelgen/structure/structures/OceanMonumentPieces$OceanMonumentPiece
[30Jul2026 00:21:27.696] [main/DEBUG] [net.minecraftforge.coremod.transformer.CoreModBaseTransformer/COREMOD]: Transforming net/minecraft/world/level/levelgen/structure/structures/WoodlandMansionPieces$WoodlandMansionPiece
[30Jul2026 00:21:27.812] [main/DEBUG] [mixin/]: Mixing BiomeSourceMixin from fabric-biome-api-v1.mixins.json into net.minecraft.world.level.biome.BiomeSource
[30Jul2026 00:21:27.812] [main/DEBUG] [mixin/]: fabric-biome-api-v1.mixins.json:BiomeSourceMixin from mod fabric_biome_api_v1: Class version 61 required is higher than the class version supported by the current version of Mixin (JAVA_16 supports class version 60)
[30Jul2026 00:21:27.816] [main/DEBUG] [net.minecraftforge.coremod.transformer.CoreModBaseTransformer/COREMOD]: Transforming net/minecraft/world/level/biome/Biome
[30Jul2026 00:21:27.818] [main/DEBUG] [mixin/]: Mixing perf.remove_biome_temperature_cache.BiomeMixin from modernfix-modernfix.mixins.json into net.minecraft.world.level.biome.Biome
[30Jul2026 00:21:27.819] [main/DEBUG] [mixin/]: Mixing common.BiomeMixin from mts.mixins.json into net.minecraft.world.level.biome.Biome
[30Jul2026 00:21:27.819] [main/DEBUG] [mixin/]: Mixing biomeTemperatureLeak.Biome_threadLocalMixin from memoryleakfix.mixins.json into net.minecraft.world.level.biome.Biome
[30Jul2026 00:21:27.862] [main/DEBUG] [mixin/]: Mixing SpawnSettingsBuilderAccessor from fabric-biome-api-v1.mixins.json into net.minecraft.world.level.biome.MobSpawnSettings$Builder
[30Jul2026 00:21:27.862] [main/DEBUG] [mixin/]: fabric-biome-api-v1.mixins.json:SpawnSettingsBuilderAccessor from mod fabric_biome_api_v1: Class version 61 required is higher than the class version supported by the current version of Mixin (JAVA_16 supports class version 60)
[30Jul2026 00:21:27.883] [main/DEBUG] [mixin/]: Mixing NetherBiomePresetMixin from fabric-biome-api-v1.mixins.json into net.minecraft.world.level.biome.MultiNoiseBiomeSourceParameterList$Preset$1
[30Jul2026 00:21:27.883] [main/DEBUG] [mixin/]: fabric-biome-api-v1.mixins.json:NetherBiomePresetMixin from mod fabric_biome_api_v1: Class version 61 required is higher than the class version supported by the current version of Mixin (JAVA_16 supports class version 60)
[30Jul2026 00:21:27.885] [main/DEBUG] [mixin/]: fabric-biome-api-v1.mixins.json:NetherBiomePresetMixin from mod fabric_biome_api_v1->@Inject::apply(Ljava/util/function/Function;Lorg/spongepowered/asm/mixin/injection/callback/CallbackInfoReturnable;)V does use it's CallbackInfoReturnable
[30Jul2026 00:21:27.891] [main/DEBUG] [mixin/]: Mixing TheEndBiomeSourceMixin from fabric-biome-api-v1.mixins.json into net.minecraft.world.level.biome.TheEndBiomeSource
[30Jul2026 00:21:27.891] [main/DEBUG] [mixin/]: fabric-biome-api-v1.mixins.json:TheEndBiomeSourceMixin from mod fabric_biome_api_v1: Class version 61 required is higher than the class version supported by the current version of Mixin (JAVA_16 supports class version 60)
[30Jul2026 00:21:27.891] [main/DEBUG] [mixin/]: Renaming synthetic method lambda$init$1(Lnet/minecraft/core/HolderGetter;)Lnet/fabricmc/fabric/impl/biome/TheEndBiomeData$Overrides; to mdda8f76$fabric_biome_api_v1$lambda$init$1$0 in fabric-biome-api-v1.mixins.json:TheEndBiomeSourceMixin from mod fabric_biome_api_v1
[30Jul2026 00:21:27.892] [main/DEBUG] [mixin/]: Renaming synthetic method lambda$modifyCodec$0(Lcom/mojang/serialization/codecs/RecordCodecBuilder$Instance;)Lcom/mojang/datafixers/kinds/App; to mdda8f76$fabric_biome_api_v1$lambda$modifyCodec$0$1 in fabric-biome-api-v1.mixins.json:TheEndBiomeSourceMixin from mod fabric_biome_api_v1
[30Jul2026 00:21:27.899] [main/DEBUG] [mixin/]: fabric-biome-api-v1.mixins.json:TheEndBiomeSourceMixin from mod fabric_biome_api_v1->@Inject::modifyCodec(Lorg/spongepowered/asm/mixin/injection/callback/CallbackInfo;)V doesn't use it's CallbackInfo
[30Jul2026 00:21:27.899] [main/DEBUG] [mixin/]: fabric-biome-api-v1.mixins.json:TheEndBiomeSourceMixin from mod fabric_biome_api_v1->@Inject::rememberLookup(Lnet/minecraft/core/HolderGetter;Lorg/spongepowered/asm/mixin/injection/callback/CallbackInfoReturnable;)V doesn't use it's CallbackInfoReturnable
[30Jul2026 00:21:27.899] [main/DEBUG] [mixin/]: fabric-biome-api-v1.mixins.json:TheEndBiomeSourceMixin from mod fabric_biome_api_v1->@Inject::clearLookup(Lnet/minecraft/core/HolderGetter;Lorg/spongepowered/asm/mixin/injection/callback/CallbackInfoReturnable;)V doesn't use it's CallbackInfoReturnable
[30Jul2026 00:21:27.900] [main/DEBUG] [mixin/]: fabric-biome-api-v1.mixins.json:TheEndBiomeSourceMixin from mod fabric_biome_api_v1->@Inject::init(Lnet/minecraft/core/Holder;Lnet/minecraft/core/Holder;Lnet/minecraft/core/Holder;Lnet/minecraft/core/Holder;Lnet/minecraft/core/Holder;Lorg/spongepowered/asm/mixin/injection/callback/CallbackInfo;)V doesn't use it's CallbackInfo
[30Jul2026 00:21:27.900] [main/DEBUG] [mixin/]: fabric-biome-api-v1.mixins.json:TheEndBiomeSourceMixin from mod fabric_biome_api_v1->@Inject::init(Lnet/minecraft/core/Holder;Lnet/minecraft/core/Holder;Lnet/minecraft/core/Holder;Lnet/minecraft/core/Holder;Lnet/minecraft/core/Holder;Lorg/spongepowered/asm/mixin/injection/callback/CallbackInfo;)V has 0 override(s) in child classes
[30Jul2026 00:21:27.900] [main/DEBUG] [mixin/]: fabric-biome-api-v1.mixins.json:TheEndBiomeSourceMixin from mod fabric_biome_api_v1->@Inject::init(Lnet/minecraft/core/Holder;Lnet/minecraft/core/Holder;Lnet/minecraft/core/Holder;Lnet/minecraft/core/Holder;Lnet/minecraft/core/Holder;Lorg/spongepowered/asm/mixin/injection/callback/CallbackInfo;)V won't be passed a CallbackInfo as a result
[30Jul2026 00:21:27.900] [main/DEBUG] [mixin/]: fabric-biome-api-v1.mixins.json:TheEndBiomeSourceMixin from mod fabric_biome_api_v1->@Inject::getWeightedEndBiome(IIILnet/minecraft/world/level/biome/Climate$Sampler;Lorg/spongepowered/asm/mixin/injection/callback/CallbackInfoReturnable;)V does use it's CallbackInfoReturnable
[30Jul2026 00:21:27.900] [main/DEBUG] [mixin/]: fabric-biome-api-v1.mixins.json:TheEndBiomeSourceMixin from mod fabric_biome_api_v1->@Inject::getWeightedEndBiome(IIILnet/minecraft/world/level/biome/Climate$Sampler;Lorg/spongepowered/asm/mixin/injection/callback/CallbackInfoReturnable;)V does use it's CallbackInfoReturnable
[30Jul2026 00:21:27.900] [main/DEBUG] [mixin/]: fabric-biome-api-v1.mixins.json:TheEndBiomeSourceMixin from mod fabric_biome_api_v1->@Inject::getWeightedEndBiome(IIILnet/minecraft/world/level/biome/Climate$Sampler;Lorg/spongepowered/asm/mixin/injection/callback/CallbackInfoReturnable;)V does use it's CallbackInfoReturnable
[30Jul2026 00:21:27.900] [main/DEBUG] [mixin/]: fabric-biome-api-v1.mixins.json:TheEndBiomeSourceMixin from mod fabric_biome_api_v1->@Inject::getWeightedEndBiome(IIILnet/minecraft/world/level/biome/Climate$Sampler;Lorg/spongepowered/asm/mixin/injection/callback/CallbackInfoReturnable;)V does use it's CallbackInfoReturnable
[30Jul2026 00:21:27.900] [main/DEBUG] [mixin/]: fabric-biome-api-v1.mixins.json:TheEndBiomeSourceMixin from mod fabric_biome_api_v1->@Inject::getWeightedEndBiome(IIILnet/minecraft/world/level/biome/Climate$Sampler;Lorg/spongepowered/asm/mixin/injection/callback/CallbackInfoReturnable;)V does use it's CallbackInfoReturnable
[30Jul2026 00:21:27.904] [main/DEBUG] [mixin/]: Mixing perf.optimize_surface_rules.NoiseBasedChunkGeneratorMixin from modernfix-modernfix.mixins.json into net.minecraft.world.level.levelgen.NoiseBasedChunkGenerator
[30Jul2026 00:21:27.907] [main/DEBUG] [mixin/]: Renaming synthetic method lambda$mfix$accumulate$0(Ljava/util/Set;Lnet/minecraft/core/Holder;)V to mdda8f76$modernfix$lambda$mfix$accumulate$0$0 in modernfix-modernfix.mixins.json:perf.optimize_surface_rules.NoiseBasedChunkGeneratorMixin from mod modernfix
[30Jul2026 00:21:27.915] [main/DEBUG] [mixin/]: modernfix-modernfix.mixins.json:perf.optimize_surface_rules.NoiseBasedChunkGeneratorMixin from mod modernfix->@Inject::mfix$findNearbyBiomes(Lnet/minecraft/server/level/WorldGenRegion;Lnet/minecraft/world/level/StructureManager;Lnet/minecraft/world/level/levelgen/RandomState;Lnet/minecraft/world/level/chunk/ChunkAccess;Lorg/spongepowered/asm/mixin/injection/callback/CallbackInfo;)V doesn't use it's CallbackInfo
[30Jul2026 00:21:27.915] [main/DEBUG] [mixin/]: modernfix-modernfix.mixins.json:perf.optimize_surface_rules.NoiseBasedChunkGeneratorMixin from mod modernfix->@Inject::mfix$findNearbyBiomes(Lnet/minecraft/server/level/WorldGenRegion;Lnet/minecraft/world/level/StructureManager;Lnet/minecraft/world/level/levelgen/RandomState;Lnet/minecraft/world/level/chunk/ChunkAccess;Lorg/spongepowered/asm/mixin/injection/callback/CallbackInfo;)V has 0 override(s) in child classes
[30Jul2026 00:21:27.915] [main/DEBUG] [mixin/]: modernfix-modernfix.mixins.json:perf.optimize_surface_rules.NoiseBasedChunkGeneratorMixin from mod modernfix->@Inject::mfix$findNearbyBiomes(Lnet/minecraft/server/level/WorldGenRegion;Lnet/minecraft/world/level/StructureManager;Lnet/minecraft/world/level/levelgen/RandomState;Lnet/minecraft/world/level/chunk/ChunkAccess;Lorg/spongepowered/asm/mixin/injection/callback/CallbackInfo;)V won't be passed a CallbackInfo as a result
[30Jul2026 00:21:27.943] [main/DEBUG] [mixin/]: Mixing perf.forge_registry_alloc.DebugLevelSourceMixin from modernfix-modernfix.mixins.json into net.minecraft.world.level.levelgen.DebugLevelSource
[30Jul2026 00:21:27.944] [main/DEBUG] [mixin/]: Mixing DebugChunkGeneratorAccessor from fabric-registry-sync-v0.mixins.json into net.minecraft.world.level.levelgen.DebugLevelSource
[30Jul2026 00:21:27.944] [main/DEBUG] [mixin/]: fabric-registry-sync-v0.mixins.json:DebugChunkGeneratorAccessor from mod fabric_registry_sync_v0: Class version 61 required is higher than the class version supported by the current version of Mixin (JAVA_16 supports class version 60)
[30Jul2026 00:21:27.944] [main/DEBUG] [mixin/]: Renaming @Accessor method setBLOCK_STATES(Ljava/util/List;)V to setBLOCK_STATES$fabric_registry_sync_v0_$md$da8f76$0 in fabric-registry-sync-v0.mixins.json:DebugChunkGeneratorAccessor from mod fabric_registry_sync_v0
[30Jul2026 00:21:27.944] [main/DEBUG] [mixin/]: Renaming @Accessor method setX_SIDE_LENGTH(I)V to setX_SIDE_LENGTH$fabric_registry_sync_v0_$md$da8f76$1 in fabric-registry-sync-v0.mixins.json:DebugChunkGeneratorAccessor from mod fabric_registry_sync_v0
[30Jul2026 00:21:27.944] [main/DEBUG] [mixin/]: Renaming @Accessor method setZ_SIDE_LENGTH(I)V to setZ_SIDE_LENGTH$fabric_registry_sync_v0_$md$da8f76$2 in fabric-registry-sync-v0.mixins.json:DebugChunkGeneratorAccessor from mod fabric_registry_sync_v0
[30Jul2026 00:21:27.952] [main/DEBUG] [mixin/]: Mixing perf.optimize_surface_rules.BiomeConditionSourceMixin from modernfix-modernfix.mixins.json into net.minecraft.world.level.levelgen.SurfaceRules$BiomeConditionSource
[30Jul2026 00:21:27.952] [main/DEBUG] [mixin/]: Renaming synthetic method lambda$mfix$optimizeCondition$1()Z to mdda8f76$modernfix$lambda$mfix$optimizeCondition$1$0 in modernfix-modernfix.mixins.json:perf.optimize_surface_rules.BiomeConditionSourceMixin from mod modernfix
[30Jul2026 00:21:27.952] [main/DEBUG] [mixin/]: Renaming synthetic method lambda$mfix$optimizeCondition$0()Z to mdda8f76$modernfix$lambda$mfix$optimizeCondition$0$1 in modernfix-modernfix.mixins.json:perf.optimize_surface_rules.BiomeConditionSourceMixin from mod modernfix
[30Jul2026 00:21:27.954] [main/DEBUG] [mixin/]: modernfix-modernfix.mixins.json:perf.optimize_surface_rules.BiomeConditionSourceMixin from mod modernfix->@Inject::mfix$optimizeCondition(Lnet/minecraft/world/level/levelgen/SurfaceRules$Context;Lorg/spongepowered/asm/mixin/injection/callback/CallbackInfoReturnable;)V does use it's CallbackInfoReturnable
[30Jul2026 00:21:28.059] [main/DEBUG] [mixin/]: Mixing perf.forge_registry_lambda.RegistryObjectMixin from modernfix-modernfix.mixins.json into net.minecraftforge.registries.RegistryObject
[30Jul2026 00:21:28.065] [main/DEBUG] [net.minecraftforge.coremod.transformer.CoreModBaseTransformer/COREMOD]: Transforming m_236069_ with desc (Lit/unimi/dsi/fastutil/objects/Object2IntOpenHashMap;)V
[30Jul2026 00:21:28.073] [main/DEBUG] [net.minecraftforge.coremod.CoreMod.fabric_resource_conditions_api_v1/COREMODLOG]: Injected DataProvider.FIXED_ORDER_FIELDS conditions key priority
[30Jul2026 00:21:28.073] [main/DEBUG] [net.minecraftforge.coremod.transformer.CoreModBaseTransformer/COREMOD]: Transforming m_236069_ with desc (Lit/unimi/dsi/fastutil/objects/Object2IntOpenHashMap;)V
[30Jul2026 00:21:28.079] [main/DEBUG] [net.minecraftforge.coremod.CoreMod.fabric_data_generation_api_v1/COREMODLOG]: Injected fabric key sort orders hook into DataProvider.FIXED_ORDER_FIELDS
[30Jul2026 00:21:28.080] [main/DEBUG] [net.minecraftforge.coremod.CoreMod.fabric_data_generation_api_v1/COREMODLOG]: Injected fabric key sort orders hook into DataProvider.FIXED_ORDER_FIELDS
[30Jul2026 00:21:28.092] [main/INFO] [axiom/]: Initializing Axiom/5.1.1. Build timestamp: 1759917065075
[30Jul2026 00:21:28.094] [main/DEBUG] [mixin/]: Mixing GameRulesBooleanRuleAccessor from fabric-game-rule-api-v1.mixins.json into net.minecraft.world.level.GameRules$BooleanValue
[30Jul2026 00:21:28.094] [main/DEBUG] [mixin/]: fabric-game-rule-api-v1.mixins.json:GameRulesBooleanRuleAccessor from mod fabric_game_rule_api_v1: Class version 61 required is higher than the class version supported by the current version of Mixin (JAVA_16 supports class version 60)
[30Jul2026 00:21:28.094] [main/DEBUG] [mixin/]: Renaming @Invoker method invokeCreate(ZLjava/util/function/BiConsumer;)Lnet/minecraft/world/level/GameRules$Type; to invokeCreate$fabric_game_rule_api_v1_$md$da8f76$0 in fabric-game-rule-api-v1.mixins.json:GameRulesBooleanRuleAccessor from mod fabric_game_rule_api_v1
[30Jul2026 00:21:28.098] [main/DEBUG] [mixin/]: Mixing GameRulesIntRuleAccessor from fabric-game-rule-api-v1.mixins.json into net.minecraft.world.level.GameRules$IntegerValue
[30Jul2026 00:21:28.098] [main/DEBUG] [mixin/]: fabric-game-rule-api-v1.mixins.json:GameRulesIntRuleAccessor from mod fabric_game_rule_api_v1: Class version 61 required is higher than the class version supported by the current version of Mixin (JAVA_16 supports class version 60)
[30Jul2026 00:21:28.101] [main/DEBUG] [mixin/]: Mixing GameRulesAccessor from fabric-game-rule-api-v1.mixins.json into net.minecraft.world.level.GameRules
[30Jul2026 00:21:28.102] [main/DEBUG] [mixin/]: fabric-game-rule-api-v1.mixins.json:GameRulesAccessor from mod fabric_game_rule_api_v1: Class version 61 required is higher than the class version supported by the current version of Mixin (JAVA_16 supports class version 60)
[30Jul2026 00:21:28.102] [main/DEBUG] [mixin/]: Renaming @Invoker method callRegister(Ljava/lang/String;Lnet/minecraft/world/level/GameRules$Category;Lnet/minecraft/world/level/GameRules$Type;)Lnet/minecraft/world/level/GameRules$Key; to callRegister$fabric_game_rule_api_v1_$md$da8f76$0 in fabric-game-rule-api-v1.mixins.json:GameRulesAccessor from mod fabric_game_rule_api_v1
[30Jul2026 00:21:28.102] [main/DEBUG] [mixin/]: Renaming @Accessor method getRuleTypes()Ljava/util/Map; to getRuleTypes$fabric_game_rule_api_v1_$md$da8f76$1 in fabric-game-rule-api-v1.mixins.json:GameRulesAccessor from mod fabric_game_rule_api_v1
[30Jul2026 00:21:28.102] [main/DEBUG] [mixin/]: Mixing world_properties.MixinGameRules from axiom.mixins.json into net.minecraft.world.level.GameRules
[30Jul2026 00:21:28.102] [main/DEBUG] [mixin/]: Renaming synthetic method lambda$staticInitEnd$4(Ljava/util/function/BiConsumer;Lnet/minecraft/server/MinecraftServer;Lnet/minecraft/world/level/GameRules$BooleanValue;)V to mdda8f76$axiom$lambda$staticInitEnd$4$2 in axiom.mixins.json:world_properties.MixinGameRules from mod axiom
[30Jul2026 00:21:28.102] [main/DEBUG] [mixin/]: Renaming synthetic method lambda$staticInitEnd$3(Ljava/util/function/BiConsumer;Lnet/minecraft/server/MinecraftServer;Lnet/minecraft/world/level/GameRules$BooleanValue;)V to mdda8f76$axiom$lambda$staticInitEnd$3$3 in axiom.mixins.json:world_properties.MixinGameRules from mod axiom
[30Jul2026 00:21:28.102] [main/DEBUG] [mixin/]: Renaming synthetic method lambda$staticInitEnd$2(Ljava/util/function/BiConsumer;Lnet/minecraft/server/MinecraftServer;Lnet/minecraft/world/level/GameRules$IntegerValue;)V to mdda8f76$axiom$lambda$staticInitEnd$2$4 in axiom.mixins.json:world_properties.MixinGameRules from mod axiom
[30Jul2026 00:21:28.102] [main/DEBUG] [mixin/]: Renaming synthetic method lambda$staticInitEnd$1(Ljava/util/function/BiConsumer;Lnet/minecraft/server/MinecraftServer;Lnet/minecraft/world/level/GameRules$BooleanValue;)V to mdda8f76$axiom$lambda$staticInitEnd$1$5 in axiom.mixins.json:world_properties.MixinGameRules from mod axiom
[30Jul2026 00:21:28.102] [main/DEBUG] [mixin/]: Renaming synthetic method lambda$staticInitEnd$0(Ljava/util/function/BiConsumer;Lnet/minecraft/server/MinecraftServer;Lnet/minecraft/world/level/GameRules$BooleanValue;)V to mdda8f76$axiom$lambda$staticInitEnd$0$6 in axiom.mixins.json:world_properties.MixinGameRules from mod axiom
[30Jul2026 00:21:28.109] [main/DEBUG] [mixin/]: axiom.mixins.json:world_properties.MixinGameRules from mod axiom->@Inject::staticInitEnd(Lorg/spongepowered/asm/mixin/injection/callback/CallbackInfo;)V doesn't use it's CallbackInfo
[30Jul2026 00:21:28.112] [main/DEBUG] [mixin/]: Mixing GameRulesKeyMixin from fabric-game-rule-api-v1.mixins.json into net.minecraft.world.level.GameRules$Key
[30Jul2026 00:21:28.112] [main/DEBUG] [mixin/]: fabric-game-rule-api-v1.mixins.json:GameRulesKeyMixin from mod fabric_game_rule_api_v1: Class version 61 required is higher than the class version supported by the current version of Mixin (JAVA_16 supports class version 60)
[30Jul2026 00:21:28.281] [main/DEBUG] [net.minecraftforge.common.ForgeI18n/CORE]: Loading I18N data entries: 6430
[30Jul2026 00:21:28.299] [main/DEBUG] [net.minecraftforge.fml.ModWorkManager/LOADING]: Using 4 threads for parallel mod-loading
[30Jul2026 00:21:28.305] [main/DEBUG] [net.minecraftforge.fml.javafmlmod.FMLJavaModLanguageProvider/LOADING]: Loading FMLModContainer from classloader cpw.mods.modlauncher.TransformingClassLoader@76d0ecd7 - got cpw.mods.cl.ModuleClassLoader@3c87e6b7
[30Jul2026 00:21:28.305] [main/DEBUG] [net.minecraftforge.fml.javafmlmod.FMLModContainer/LOADING]: Creating FMLModContainer instance for net.fabricmc.fabric.impl.dimension.FabricDimensionInternals
[30Jul2026 00:21:28.307] [main/DEBUG] [net.minecraftforge.fml.javafmlmod.FMLJavaModLanguageProvider/LOADING]: Loading FMLModContainer from classloader cpw.mods.modlauncher.TransformingClassLoader@76d0ecd7 - got cpw.mods.cl.ModuleClassLoader@3c87e6b7
[30Jul2026 00:21:28.307] [main/DEBUG] [net.minecraftforge.fml.javafmlmod.FMLModContainer/LOADING]: Creating FMLModContainer instance for net.fabricmc.fabric.impl.transfer.TransferApiImpl
[30Jul2026 00:21:28.308] [main/DEBUG] [net.minecraftforge.fml.javafmlmod.FMLJavaModLanguageProvider/LOADING]: Loading FMLModContainer from classloader cpw.mods.modlauncher.TransformingClassLoader@76d0ecd7 - got cpw.mods.cl.ModuleClassLoader@3c87e6b7
[30Jul2026 00:21:28.308] [main/DEBUG] [net.minecraftforge.fml.javafmlmod.FMLModContainer/LOADING]: Creating FMLModContainer instance for net.fabricmc.fabric.impl.renderer.RendererImpl
[30Jul2026 00:21:28.308] [main/DEBUG] [net.minecraftforge.fml.javafmlmod.FMLJavaModLanguageProvider/LOADING]: Loading FMLModContainer from classloader cpw.mods.modlauncher.TransformingClassLoader@76d0ecd7 - got cpw.mods.cl.ModuleClassLoader@3c87e6b7
[30Jul2026 00:21:28.308] [main/DEBUG] [net.minecraftforge.fml.javafmlmod.FMLModContainer/LOADING]: Creating FMLModContainer instance for net.fabricmc.fabric.impl.item.FabricItemImpl
[30Jul2026 00:21:28.309] [main/DEBUG] [net.minecraftforge.fml.javafmlmod.FMLJavaModLanguageProvider/LOADING]: Loading FMLModContainer from classloader cpw.mods.modlauncher.TransformingClassLoader@76d0ecd7 - got cpw.mods.cl.ModuleClassLoader@3c87e6b7
[30Jul2026 00:21:28.309] [main/DEBUG] [net.minecraftforge.fml.javafmlmod.FMLModContainer/LOADING]: Creating FMLModContainer instance for net.fabricmc.fabric.impl.client.model.loading.ModelLoadingImpl
[30Jul2026 00:21:28.309] [main/DEBUG] [net.minecraftforge.fml.javafmlmod.FMLJavaModLanguageProvider/LOADING]: Loading FMLModContainer from classloader cpw.mods.modlauncher.TransformingClassLoader@76d0ecd7 - got cpw.mods.cl.ModuleClassLoader@3c87e6b7
[30Jul2026 00:21:28.309] [main/DEBUG] [net.minecraftforge.fml.javafmlmod.FMLModContainer/LOADING]: Creating FMLModContainer instance for mezz.jei.forge.JustEnoughItems
[30Jul2026 00:21:28.310] [main/DEBUG] [net.minecraftforge.fml.javafmlmod.FMLJavaModLanguageProvider/LOADING]: Loading FMLModContainer from classloader cpw.mods.modlauncher.TransformingClassLoader@76d0ecd7 - got cpw.mods.cl.ModuleClassLoader@3c87e6b7
[30Jul2026 00:21:28.310] [main/DEBUG] [net.minecraftforge.fml.javafmlmod.FMLModContainer/LOADING]: Creating FMLModContainer instance for net.fabricmc.fabric.impl.client.rendering.fluid.FluidRenderingImpl
[30Jul2026 00:21:28.310] [main/DEBUG] [net.minecraftforge.fml.javafmlmod.FMLJavaModLanguageProvider/LOADING]: Loading FMLModContainer from classloader cpw.mods.modlauncher.TransformingClassLoader@76d0ecd7 - got cpw.mods.cl.ModuleClassLoader@3c87e6b7
[30Jul2026 00:21:28.310] [main/DEBUG] [net.minecraftforge.fml.javafmlmod.FMLModContainer/LOADING]: Creating FMLModContainer instance for com.tacz.guns.GunMod
[30Jul2026 00:21:28.311] [main/DEBUG] [net.minecraftforge.fml.javafmlmod.FMLJavaModLanguageProvider/LOADING]: Loading FMLModContainer from classloader cpw.mods.modlauncher.TransformingClassLoader@76d0ecd7 - got cpw.mods.cl.ModuleClassLoader@3c87e6b7
[30Jul2026 00:21:28.311] [main/DEBUG] [net.minecraftforge.fml.javafmlmod.FMLModContainer/LOADING]: Creating FMLModContainer instance for net.fabricmc.fabric.impl.screenhandler.ScreenHandlerImpl
[30Jul2026 00:21:28.311] [main/DEBUG] [net.minecraftforge.fml.javafmlmod.FMLJavaModLanguageProvider/LOADING]: Loading FMLModContainer from classloader cpw.mods.modlauncher.TransformingClassLoader@76d0ecd7 - got cpw.mods.cl.ModuleClassLoader@3c87e6b7
[30Jul2026 00:21:28.311] [main/DEBUG] [net.minecraftforge.fml.javafmlmod.FMLModContainer/LOADING]: Creating FMLModContainer instance for net.fabricmc.fabric.impl.client.model.ModelsImpl
[30Jul2026 00:21:28.311] [main/DEBUG] [net.minecraftforge.fml.javafmlmod.FMLJavaModLanguageProvider/LOADING]: Loading FMLModContainer from classloader cpw.mods.modlauncher.TransformingClassLoader@76d0ecd7 - got cpw.mods.cl.ModuleClassLoader@3c87e6b7
[30Jul2026 00:21:28.312] [main/DEBUG] [net.minecraftforge.fml.javafmlmod.FMLModContainer/LOADING]: Creating FMLModContainer instance for net.fabricmc.fabric.impl.resource.loader.ResourceLoaderImpl
[30Jul2026 00:21:28.312] [main/DEBUG] [net.minecraftforge.fml.javafmlmod.FMLJavaModLanguageProvider/LOADING]: Loading FMLModContainer from classloader cpw.mods.modlauncher.TransformingClassLoader@76d0ecd7 - got cpw.mods.cl.ModuleClassLoader@3c87e6b7
[30Jul2026 00:21:28.312] [main/DEBUG] [net.minecraftforge.fml.javafmlmod.FMLModContainer/LOADING]: Creating FMLModContainer instance for net.fabricmc.fabric.impl.client.rendering.RenderingImpl
[30Jul2026 00:21:28.312] [main/DEBUG] [net.minecraftforge.fml.javafmlmod.FMLJavaModLanguageProvider/LOADING]: Loading FMLModContainer from classloader cpw.mods.modlauncher.TransformingClassLoader@76d0ecd7 - got cpw.mods.cl.ModuleClassLoader@3c87e6b7
[30Jul2026 00:21:28.313] [main/DEBUG] [net.minecraftforge.fml.javafmlmod.FMLModContainer/LOADING]: Creating FMLModContainer instance for net.fabricmc.fabric.impl.client.indigo.IndigoMod
[30Jul2026 00:21:28.313] [main/DEBUG] [net.minecraftforge.fml.javafmlmod.FMLJavaModLanguageProvider/LOADING]: Loading FMLModContainer from classloader cpw.mods.modlauncher.TransformingClassLoader@76d0ecd7 - got cpw.mods.cl.ModuleClassLoader@3c87e6b7
[30Jul2026 00:21:28.313] [main/DEBUG] [net.minecraftforge.fml.javafmlmod.FMLModContainer/LOADING]: Creating FMLModContainer instance for net.fabricmc.fabric.impl.tag.convention.ConventionTagsImpl
[30Jul2026 00:21:28.313] [main/DEBUG] [net.minecraftforge.fml.javafmlmod.FMLJavaModLanguageProvider/LOADING]: Loading FMLModContainer from classloader cpw.mods.modlauncher.TransformingClassLoader@76d0ecd7 - got cpw.mods.cl.ModuleClassLoader@3c87e6b7
[30Jul2026 00:21:28.313] [main/DEBUG] [net.minecraftforge.fml.javafmlmod.FMLModContainer/LOADING]: Creating FMLModContainer instance for org.embeddedt.modernfix.forge.init.ModernFixForge
[30Jul2026 00:21:28.314] [main/DEBUG] [net.minecraftforge.fml.javafmlmod.FMLJavaModLanguageProvider/LOADING]: Loading FMLModContainer from classloader cpw.mods.modlauncher.TransformingClassLoader@76d0ecd7 - got cpw.mods.cl.ModuleClassLoader@3c87e6b7
[30Jul2026 00:21:28.315] [main/DEBUG] [net.minecraftforge.fml.javafmlmod.FMLModContainer/LOADING]: Creating FMLModContainer instance for net.fabricmc.fabric.impl.mininglevel.MiningLevelImpl
[30Jul2026 00:21:28.315] [main/DEBUG] [net.minecraftforge.fml.javafmlmod.FMLJavaModLanguageProvider/LOADING]: Loading FMLModContainer from classloader cpw.mods.modlauncher.TransformingClassLoader@76d0ecd7 - got cpw.mods.cl.ModuleClassLoader@3c87e6b7
[30Jul2026 00:21:28.315] [main/DEBUG] [net.minecraftforge.fml.javafmlmod.FMLModContainer/LOADING]: Creating FMLModContainer instance for net.fabricmc.fabric.impl.command.v1.LegacyHandler
[30Jul2026 00:21:28.316] [main/DEBUG] [net.minecraftforge.fml.javafmlmod.FMLJavaModLanguageProvider/LOADING]: Loading FMLModContainer from classloader cpw.mods.modlauncher.TransformingClassLoader@76d0ecd7 - got cpw.mods.cl.ModuleClassLoader@3c87e6b7
[30Jul2026 00:21:28.316] [main/DEBUG] [net.minecraftforge.fml.javafmlmod.FMLModContainer/LOADING]: Creating FMLModContainer instance for net.fabricmc.fabric.impl.blockview.BlockViewImpl
[30Jul2026 00:21:28.316] [main/DEBUG] [net.minecraftforge.fml.javafmlmod.FMLJavaModLanguageProvider/LOADING]: Loading FMLModContainer from classloader cpw.mods.modlauncher.TransformingClassLoader@76d0ecd7 - got cpw.mods.cl.ModuleClassLoader@3c87e6b7
[30Jul2026 00:21:28.316] [main/DEBUG] [net.minecraftforge.fml.javafmlmod.FMLModContainer/LOADING]: Creating FMLModContainer instance for net.fabricmc.fabric.impl.command.CommandApiImpl
[30Jul2026 00:21:28.317] [main/DEBUG] [net.minecraftforge.fml.javafmlmod.FMLJavaModLanguageProvider/LOADING]: Loading FMLModContainer from classloader cpw.mods.modlauncher.TransformingClassLoader@76d0ecd7 - got cpw.mods.cl.ModuleClassLoader@3c87e6b7
[30Jul2026 00:21:28.317] [main/DEBUG] [net.minecraftforge.fml.javafmlmod.FMLModContainer/LOADING]: Creating FMLModContainer instance for net.fabricmc.fabric.impl.attachment.AttachmentEntrypoint
[30Jul2026 00:21:28.317] [main/DEBUG] [net.minecraftforge.fml.javafmlmod.FMLJavaModLanguageProvider/LOADING]: Loading FMLModContainer from classloader cpw.mods.modlauncher.TransformingClassLoader@76d0ecd7 - got cpw.mods.cl.ModuleClassLoader@3c87e6b7
[30Jul2026 00:21:28.317] [main/DEBUG] [net.minecraftforge.fml.javafmlmod.FMLModContainer/LOADING]: Creating FMLModContainer instance for com.llamalad7.mixinextras.platform.forge.MixinExtrasMod
[30Jul2026 00:21:28.318] [main/DEBUG] [net.minecraftforge.fml.javafmlmod.FMLJavaModLanguageProvider/LOADING]: Loading FMLModContainer from classloader cpw.mods.modlauncher.TransformingClassLoader@76d0ecd7 - got cpw.mods.cl.ModuleClassLoader@3c87e6b7
[30Jul2026 00:21:28.318] [main/DEBUG] [net.minecraftforge.fml.javafmlmod.FMLModContainer/LOADING]: Creating FMLModContainer instance for eu.midnightdust.core.MidnightLib
[30Jul2026 00:21:28.319] [main/DEBUG] [net.minecraftforge.fml.javafmlmod.FMLJavaModLanguageProvider/LOADING]: Loading FMLModContainer from classloader cpw.mods.modlauncher.TransformingClassLoader@76d0ecd7 - got cpw.mods.cl.ModuleClassLoader@3c87e6b7
[30Jul2026 00:21:28.319] [main/DEBUG] [net.minecraftforge.fml.javafmlmod.FMLModContainer/LOADING]: Creating FMLModContainer instance for ca.spottedleaf.starlight.Starlight
[30Jul2026 00:21:28.319] [main/DEBUG] [net.minecraftforge.fml.javafmlmod.FMLJavaModLanguageProvider/LOADING]: Loading FMLModContainer from classloader cpw.mods.modlauncher.TransformingClassLoader@76d0ecd7 - got cpw.mods.cl.ModuleClassLoader@3c87e6b7
[30Jul2026 00:21:28.319] [main/DEBUG] [net.minecraftforge.fml.javafmlmod.FMLModContainer/LOADING]: Creating FMLModContainer instance for mcinterface1201.InterfaceLoader
[30Jul2026 00:21:28.321] [main/DEBUG] [net.minecraftforge.fml.javafmlmod.FMLJavaModLanguageProvider/LOADING]: Loading FMLModContainer from classloader cpw.mods.modlauncher.TransformingClassLoader@76d0ecd7 - got cpw.mods.cl.ModuleClassLoader@3c87e6b7
[30Jul2026 00:21:28.321] [main/DEBUG] [net.minecraftforge.fml.javafmlmod.FMLModContainer/LOADING]: Creating FMLModContainer instance for net.fabricmc.fabric.impl.client.screen.ScreenApiImpl
[30Jul2026 00:21:28.321] [main/DEBUG] [net.minecraftforge.fml.javafmlmod.FMLJavaModLanguageProvider/LOADING]: Loading FMLModContainer from classloader cpw.mods.modlauncher.TransformingClassLoader@76d0ecd7 - got cpw.mods.cl.ModuleClassLoader@3c87e6b7
[30Jul2026 00:21:28.321] [main/DEBUG] [net.minecraftforge.fml.javafmlmod.FMLModContainer/LOADING]: Creating FMLModContainer instance for ca.fxco.memoryleakfix.forge.MemoryLeakFixForge
[30Jul2026 00:21:28.322] [main/DEBUG] [net.minecraftforge.fml.javafmlmod.FMLJavaModLanguageProvider/LOADING]: Loading FMLModContainer from classloader cpw.mods.modlauncher.TransformingClassLoader@76d0ecd7 - got cpw.mods.cl.ModuleClassLoader@3c87e6b7
[30Jul2026 00:21:28.322] [main/DEBUG] [net.minecraftforge.fml.javafmlmod.FMLModContainer/LOADING]: Creating FMLModContainer instance for net.fabricmc.fabric.impl.particle.ParticlesImpl
[30Jul2026 00:21:28.322] [main/DEBUG] [net.minecraftforge.fml.javafmlmod.FMLJavaModLanguageProvider/LOADING]: Loading FMLModContainer from classloader cpw.mods.modlauncher.TransformingClassLoader@76d0ecd7 - got cpw.mods.cl.ModuleClassLoader@3c87e6b7
[30Jul2026 00:21:28.322] [main/DEBUG] [net.minecraftforge.fml.javafmlmod.FMLModContainer/LOADING]: Creating FMLModContainer instance for me.shedaniel.clothconfig.ClothConfigForge
[30Jul2026 00:21:28.322] [main/DEBUG] [net.minecraftforge.fml.javafmlmod.FMLJavaModLanguageProvider/LOADING]: Loading FMLModContainer from classloader cpw.mods.modlauncher.TransformingClassLoader@76d0ecd7 - got cpw.mods.cl.ModuleClassLoader@3c87e6b7
[30Jul2026 00:21:28.322] [main/DEBUG] [net.minecraftforge.fml.javafmlmod.FMLModContainer/LOADING]: Creating FMLModContainer instance for net.minecraftforge.common.ForgeMod
[30Jul2026 00:21:28.323] [main/DEBUG] [net.minecraftforge.fml.javafmlmod.FMLJavaModLanguageProvider/LOADING]: Loading FMLModContainer from classloader cpw.mods.modlauncher.TransformingClassLoader@76d0ecd7 - got cpw.mods.cl.ModuleClassLoader@3c87e6b7
[30Jul2026 00:21:28.323] [main/DEBUG] [net.minecraftforge.fml.javafmlmod.FMLModContainer/LOADING]: Creating FMLModContainer instance for net.fabricmc.fabric.impl.sinytra.SinytraFabric
[30Jul2026 00:21:28.323] [main/DEBUG] [net.minecraftforge.fml.javafmlmod.FMLJavaModLanguageProvider/LOADING]: Loading FMLModContainer from classloader cpw.mods.modlauncher.TransformingClassLoader@76d0ecd7 - got cpw.mods.cl.ModuleClassLoader@3c87e6b7
[30Jul2026 00:21:28.323] [main/DEBUG] [net.minecraftforge.fml.javafmlmod.FMLModContainer/LOADING]: Creating FMLModContainer instance for net.fabricmc.fabric.impl.content.registry.ContentRegistryImpl
[30Jul2026 00:21:28.324] [main/DEBUG] [net.minecraftforge.fml.lowcodemod.LowCodeModLanguageProvider.LowCodeModTarget/LOADING]: Loading LowCodeModContainer from classloader cpw.mods.modlauncher.TransformingClassLoader@76d0ecd7 - got cpw.mods.cl.ModuleClassLoader@3c87e6b7
[30Jul2026 00:21:28.324] [main/DEBUG] [net.minecraftforge.fml.lowcodemod.LowCodeModContainer/LOADING]: Creating LowCodeModContainer for fabric_transitive_access_wideners_v1
[30Jul2026 00:21:28.325] [main/DEBUG] [net.minecraftforge.fml.javafmlmod.FMLJavaModLanguageProvider/LOADING]: Loading FMLModContainer from classloader cpw.mods.modlauncher.TransformingClassLoader@76d0ecd7 - got cpw.mods.cl.ModuleClassLoader@3c87e6b7
[30Jul2026 00:21:28.325] [main/DEBUG] [net.minecraftforge.fml.javafmlmod.FMLModContainer/LOADING]: Creating FMLModContainer instance for mtsofficialpack.ForgePackLoader
[30Jul2026 00:21:28.325] [main/DEBUG] [net.minecraftforge.fml.javafmlmod.FMLJavaModLanguageProvider/LOADING]: Loading FMLModContainer from classloader cpw.mods.modlauncher.TransformingClassLoader@76d0ecd7 - got cpw.mods.cl.ModuleClassLoader@3c87e6b7
[30Jul2026 00:21:28.325] [main/DEBUG] [net.minecraftforge.fml.javafmlmod.FMLModContainer/LOADING]: Creating FMLModContainer instance for net.fabricmc.fabric.impl.gamerule.GameRuleApiImpl
[30Jul2026 00:21:28.326] [main/DEBUG] [net.minecraftforge.fml.javafmlmod.FMLJavaModLanguageProvider/LOADING]: Loading FMLModContainer from classloader cpw.mods.modlauncher.TransformingClassLoader@76d0ecd7 - got cpw.mods.cl.ModuleClassLoader@3c87e6b7
[30Jul2026 00:21:28.326] [main/DEBUG] [net.minecraftforge.fml.javafmlmod.FMLModContainer/LOADING]: Creating FMLModContainer instance for net.fabricmc.fabric.impl.base.event.FabricApiBaseMod
[30Jul2026 00:21:28.326] [main/DEBUG] [net.minecraftforge.fml.javafmlmod.FMLJavaModLanguageProvider/LOADING]: Loading FMLModContainer from classloader cpw.mods.modlauncher.TransformingClassLoader@76d0ecd7 - got cpw.mods.cl.ModuleClassLoader@3c87e6b7
[30Jul2026 00:21:28.326] [main/DEBUG] [net.minecraftforge.fml.javafmlmod.FMLModContainer/LOADING]: Creating FMLModContainer instance for net.fabricmc.fabric.impl.lookup.ApiLookupImpl
[30Jul2026 00:21:28.326] [main/DEBUG] [net.minecraftforge.fml.javafmlmod.FMLJavaModLanguageProvider/LOADING]: Loading FMLModContainer from classloader cpw.mods.modlauncher.TransformingClassLoader@76d0ecd7 - got cpw.mods.cl.ModuleClassLoader@3c87e6b7
[30Jul2026 00:21:28.327] [main/DEBUG] [net.minecraftforge.fml.javafmlmod.FMLModContainer/LOADING]: Creating FMLModContainer instance for net.fabricmc.fabric.impl.blockrenderlayer.BlockRenderLayerImpl
[30Jul2026 00:21:28.327] [main/DEBUG] [net.minecraftforge.fml.javafmlmod.FMLJavaModLanguageProvider/LOADING]: Loading FMLModContainer from classloader cpw.mods.modlauncher.TransformingClassLoader@76d0ecd7 - got cpw.mods.cl.ModuleClassLoader@3c87e6b7
[30Jul2026 00:21:28.327] [main/DEBUG] [net.minecraftforge.fml.javafmlmod.FMLModContainer/LOADING]: Creating FMLModContainer instance for team.creative.creativecore.CreativeCore
[30Jul2026 00:21:28.328] [main/DEBUG] [net.minecraftforge.fml.javafmlmod.FMLJavaModLanguageProvider/LOADING]: Loading FMLModContainer from classloader cpw.mods.modlauncher.TransformingClassLoader@76d0ecd7 - got cpw.mods.cl.ModuleClassLoader@3c87e6b7
[30Jul2026 00:21:28.328] [main/DEBUG] [net.minecraftforge.fml.javafmlmod.FMLModContainer/LOADING]: Creating FMLModContainer instance for net.fabricmc.fabric.impl.block.BlockApiImpl
[30Jul2026 00:21:28.328] [main/DEBUG] [net.minecraftforge.fml.javafmlmod.FMLJavaModLanguageProvider/LOADING]: Loading FMLModContainer from classloader cpw.mods.modlauncher.TransformingClassLoader@76d0ecd7 - got cpw.mods.cl.ModuleClassLoader@3c87e6b7
[30Jul2026 00:21:28.328] [main/DEBUG] [net.minecraftforge.fml.javafmlmod.FMLModContainer/LOADING]: Creating FMLModContainer instance for net.fabricmc.fabric.impl.resource.conditions.ResourceConditionsMod
[30Jul2026 00:21:28.328] [main/DEBUG] [net.minecraftforge.fml.javafmlmod.FMLJavaModLanguageProvider/LOADING]: Loading FMLModContainer from classloader cpw.mods.modlauncher.TransformingClassLoader@76d0ecd7 - got cpw.mods.cl.ModuleClassLoader@3c87e6b7
[30Jul2026 00:21:28.328] [main/DEBUG] [net.minecraftforge.fml.javafmlmod.FMLModContainer/LOADING]: Creating FMLModContainer instance for ru.vidtu.ksyxis.platform.KForge
[30Jul2026 00:21:28.329] [main/DEBUG] [net.minecraftforge.fml.javafmlmod.FMLJavaModLanguageProvider/LOADING]: Loading FMLModContainer from classloader cpw.mods.modlauncher.TransformingClassLoader@76d0ecd7 - got cpw.mods.cl.ModuleClassLoader@3c87e6b7
[30Jul2026 00:21:28.329] [main/DEBUG] [net.minecraftforge.fml.javafmlmod.FMLModContainer/LOADING]: Creating FMLModContainer instance for me.xjqsh.lrtactical.EquipmentMod
[30Jul2026 00:21:28.330] [main/DEBUG] [thedarkcolour.kotlinforforge.LoggerKt/LOADING]: Loading KotlinModContainer from classloader cpw.mods.modlauncher.TransformingClassLoader@76d0ecd7 - got cpw.mods.cl.ModuleClassLoader@3c87e6b7}
[30Jul2026 00:21:28.330] [main/DEBUG] [thedarkcolour.kotlinforforge.LoggerKt/LOADING]: Creating KotlinModContainer instance for thedarkcolour.kotlinforforge.test.KotlinForForge
[30Jul2026 00:21:28.332] [main/DEBUG] [net.minecraftforge.fml.javafmlmod.FMLJavaModLanguageProvider/LOADING]: Loading FMLModContainer from classloader cpw.mods.modlauncher.TransformingClassLoader@76d0ecd7 - got cpw.mods.cl.ModuleClassLoader@3c87e6b7
[30Jul2026 00:21:28.332] [main/DEBUG] [net.minecraftforge.fml.javafmlmod.FMLModContainer/LOADING]: Creating FMLModContainer instance for org.sinytra.generated.com_moulberry_axiomclientapi_uzgPI.Entrypoint_com_moulberry_axiomclientapi
[30Jul2026 00:21:28.332] [main/DEBUG] [net.minecraftforge.fml.javafmlmod.FMLJavaModLanguageProvider/LOADING]: Loading FMLModContainer from classloader cpw.mods.modlauncher.TransformingClassLoader@76d0ecd7 - got cpw.mods.cl.ModuleClassLoader@3c87e6b7
[30Jul2026 00:21:28.333] [main/DEBUG] [net.minecraftforge.fml.javafmlmod.FMLModContainer/LOADING]: Creating FMLModContainer instance for com.github.mcmodderanchor.simplebedrockmodel.SimpleBedrockModel
[30Jul2026 00:21:28.333] [main/DEBUG] [net.minecraftforge.fml.javafmlmod.FMLJavaModLanguageProvider/LOADING]: Loading FMLModContainer from classloader cpw.mods.modlauncher.TransformingClassLoader@76d0ecd7 - got cpw.mods.cl.ModuleClassLoader@3c87e6b7
[30Jul2026 00:21:28.333] [main/DEBUG] [net.minecraftforge.fml.javafmlmod.FMLModContainer/LOADING]: Creating FMLModContainer instance for net.fabricmc.fabric.impl.itemgroup.ItemGroupsApiImpl
[30Jul2026 00:21:28.333] [main/DEBUG] [net.minecraftforge.fml.lowcodemod.LowCodeModLanguageProvider.LowCodeModTarget/LOADING]: Loading LowCodeModContainer from classloader cpw.mods.modlauncher.TransformingClassLoader@76d0ecd7 - got cpw.mods.cl.ModuleClassLoader@3c87e6b7
[30Jul2026 00:21:28.333] [main/DEBUG] [net.minecraftforge.fml.lowcodemod.LowCodeModContainer/LOADING]: Creating LowCodeModContainer for com_moulberry_mixinconstraints
[30Jul2026 00:21:28.333] [main/DEBUG] [net.minecraftforge.fml.javafmlmod.FMLJavaModLanguageProvider/LOADING]: Loading FMLModContainer from classloader cpw.mods.modlauncher.TransformingClassLoader@76d0ecd7 - got cpw.mods.cl.ModuleClassLoader@3c87e6b7
[30Jul2026 00:21:28.333] [main/DEBUG] [net.minecraftforge.fml.javafmlmod.FMLModContainer/LOADING]: Creating FMLModContainer instance for org.sinytra.connector.mod.ConnectorMod
[30Jul2026 00:21:28.334] [main/DEBUG] [net.minecraftforge.fml.javafmlmod.FMLJavaModLanguageProvider/LOADING]: Loading FMLModContainer from classloader cpw.mods.modlauncher.TransformingClassLoader@76d0ecd7 - got cpw.mods.cl.ModuleClassLoader@3c87e6b7
[30Jul2026 00:21:28.334] [main/DEBUG] [net.minecraftforge.fml.javafmlmod.FMLModContainer/LOADING]: Creating FMLModContainer instance for net.fabricmc.fabric.impl.biome.BiomeApiImpl
[30Jul2026 00:21:28.334] [main/DEBUG] [net.minecraftforge.fml.javafmlmod.FMLJavaModLanguageProvider/LOADING]: Loading FMLModContainer from classloader cpw.mods.modlauncher.TransformingClassLoader@76d0ecd7 - got cpw.mods.cl.ModuleClassLoader@3c87e6b7
[30Jul2026 00:21:28.334] [main/DEBUG] [net.minecraftforge.fml.javafmlmod.FMLModContainer/LOADING]: Creating FMLModContainer instance for net.fabricmc.fabric.impl.entity.event.EntityEventsImpl
[30Jul2026 00:21:28.335] [main/DEBUG] [net.minecraftforge.fml.javafmlmod.FMLJavaModLanguageProvider/LOADING]: Loading FMLModContainer from classloader cpw.mods.modlauncher.TransformingClassLoader@76d0ecd7 - got cpw.mods.cl.ModuleClassLoader@3c87e6b7
[30Jul2026 00:21:28.335] [main/DEBUG] [net.minecraftforge.fml.javafmlmod.FMLModContainer/LOADING]: Creating FMLModContainer instance for net.fabricmc.fabric.impl.registry.sync.FabricRegistryInit
[30Jul2026 00:21:28.335] [main/DEBUG] [net.minecraftforge.fml.javafmlmod.FMLJavaModLanguageProvider/LOADING]: Loading FMLModContainer from classloader cpw.mods.modlauncher.TransformingClassLoader@76d0ecd7 - got cpw.mods.cl.ModuleClassLoader@3c87e6b7
[30Jul2026 00:21:28.335] [main/DEBUG] [net.minecraftforge.fml.javafmlmod.FMLModContainer/LOADING]: Creating FMLModContainer instance for dev.architectury.forge.ArchitecturyForge
[30Jul2026 00:21:28.336] [main/DEBUG] [net.minecraftforge.fml.javafmlmod.FMLJavaModLanguageProvider/LOADING]: Loading FMLModContainer from classloader cpw.mods.modlauncher.TransformingClassLoader@76d0ecd7 - got cpw.mods.cl.ModuleClassLoader@3c87e6b7
[30Jul2026 00:21:28.336] [main/DEBUG] [net.minecraftforge.fml.javafmlmod.FMLModContainer/LOADING]: Creating FMLModContainer instance for net.fabricmc.fabric.impl.recipe.ingredient.RecipesImpl
[30Jul2026 00:21:28.336] [main/DEBUG] [net.minecraftforge.fml.javafmlmod.FMLJavaModLanguageProvider/LOADING]: Loading FMLModContainer from classloader cpw.mods.modlauncher.TransformingClassLoader@76d0ecd7 - got cpw.mods.cl.ModuleClassLoader@3c87e6b7
[30Jul2026 00:21:28.336] [main/DEBUG] [net.minecraftforge.fml.javafmlmod.FMLModContainer/LOADING]: Creating FMLModContainer instance for malte0811.ferritecore.ModMainForge
[30Jul2026 00:21:28.336] [main/DEBUG] [net.minecraftforge.fml.javafmlmod.FMLJavaModLanguageProvider/LOADING]: Loading FMLModContainer from classloader cpw.mods.modlauncher.TransformingClassLoader@76d0ecd7 - got cpw.mods.cl.ModuleClassLoader@3c87e6b7
[30Jul2026 00:21:28.336] [main/DEBUG] [net.minecraftforge.fml.javafmlmod.FMLModContainer/LOADING]: Creating FMLModContainer instance for net.fabricmc.fabric.impl.loot.LootImpl
[30Jul2026 00:21:28.337] [main/DEBUG] [net.minecraftforge.fml.javafmlmod.FMLJavaModLanguageProvider/LOADING]: Loading FMLModContainer from classloader cpw.mods.modlauncher.TransformingClassLoader@76d0ecd7 - got cpw.mods.cl.ModuleClassLoader@3c87e6b7
[30Jul2026 00:21:28.337] [main/DEBUG] [net.minecraftforge.fml.javafmlmod.FMLModContainer/LOADING]: Creating FMLModContainer instance for net.fabricmc.fabric.impl.object.builder.ObjectBuilderApiImpl
[30Jul2026 00:21:28.337] [main/DEBUG] [net.minecraftforge.fml.javafmlmod.FMLJavaModLanguageProvider/LOADING]: Loading FMLModContainer from classloader cpw.mods.modlauncher.TransformingClassLoader@76d0ecd7 - got cpw.mods.cl.ModuleClassLoader@3c87e6b7
[30Jul2026 00:21:28.337] [main/DEBUG] [net.minecraftforge.fml.javafmlmod.FMLModContainer/LOADING]: Creating FMLModContainer instance for net.fabricmc.fabric.impl.rendering.data.RenderingDataAttachmentImpl
[30Jul2026 00:21:28.337] [main/DEBUG] [net.minecraftforge.fml.javafmlmod.FMLJavaModLanguageProvider/LOADING]: Loading FMLModContainer from classloader cpw.mods.modlauncher.TransformingClassLoader@76d0ecd7 - got cpw.mods.cl.ModuleClassLoader@3c87e6b7
[30Jul2026 00:21:28.337] [main/DEBUG] [net.minecraftforge.fml.javafmlmod.FMLModContainer/LOADING]: Creating FMLModContainer instance for net.fabricmc.fabric.impl.networking.NetworkingImpl
[30Jul2026 00:21:28.338] [main/DEBUG] [net.minecraftforge.fml.javafmlmod.FMLJavaModLanguageProvider/LOADING]: Loading FMLModContainer from classloader cpw.mods.modlauncher.TransformingClassLoader@76d0ecd7 - got cpw.mods.cl.ModuleClassLoader@3c87e6b7
[30Jul2026 00:21:28.338] [main/DEBUG] [net.minecraftforge.fml.javafmlmod.FMLModContainer/LOADING]: Creating FMLModContainer instance for com.gitlab.cdagaming.unilib.forge.UniLibForge
[30Jul2026 00:21:28.338] [main/DEBUG] [net.minecraftforge.fml.javafmlmod.FMLJavaModLanguageProvider/LOADING]: Loading FMLModContainer from classloader cpw.mods.modlauncher.TransformingClassLoader@76d0ecd7 - got cpw.mods.cl.ModuleClassLoader@3c87e6b7
[30Jul2026 00:21:28.338] [main/DEBUG] [net.minecraftforge.fml.javafmlmod.FMLModContainer/LOADING]: Creating FMLModContainer instance for net.fabricmc.fabric.impl.client.sound.SoundsImpl
[30Jul2026 00:21:28.338] [main/DEBUG] [net.minecraftforge.fml.javafmlmod.FMLJavaModLanguageProvider/LOADING]: Loading FMLModContainer from classloader cpw.mods.modlauncher.TransformingClassLoader@76d0ecd7 - got cpw.mods.cl.ModuleClassLoader@3c87e6b7
[30Jul2026 00:21:28.338] [main/DEBUG] [net.minecraftforge.fml.javafmlmod.FMLModContainer/LOADING]: Creating FMLModContainer instance for net.fabricmc.fabric.impl.message.MessagesImpl
[30Jul2026 00:21:28.339] [main/DEBUG] [net.minecraftforge.fml.javafmlmod.FMLJavaModLanguageProvider/LOADING]: Loading FMLModContainer from classloader cpw.mods.modlauncher.TransformingClassLoader@76d0ecd7 - got cpw.mods.cl.ModuleClassLoader@3c87e6b7
[30Jul2026 00:21:28.339] [main/DEBUG] [net.minecraftforge.fml.javafmlmod.FMLModContainer/LOADING]: Creating FMLModContainer instance for org.sinytra.generated.lattice_ZohZd.Entrypoint_lattice
[30Jul2026 00:21:28.339] [main/DEBUG] [net.minecraftforge.fml.javafmlmod.FMLJavaModLanguageProvider/LOADING]: Loading FMLModContainer from classloader cpw.mods.modlauncher.TransformingClassLoader@76d0ecd7 - got cpw.mods.cl.ModuleClassLoader@3c87e6b7
[30Jul2026 00:21:28.339] [main/DEBUG] [net.minecraftforge.fml.javafmlmod.FMLModContainer/LOADING]: Creating FMLModContainer instance for net.fabricmc.fabric.impl.event.lifecycle.LifecycleEventsImpl
[30Jul2026 00:21:28.340] [main/DEBUG] [net.minecraftforge.fml.javafmlmod.FMLJavaModLanguageProvider/LOADING]: Loading FMLModContainer from classloader cpw.mods.modlauncher.TransformingClassLoader@76d0ecd7 - got cpw.mods.cl.ModuleClassLoader@3c87e6b7
[30Jul2026 00:21:28.340] [main/DEBUG] [net.minecraftforge.fml.javafmlmod.FMLModContainer/LOADING]: Creating FMLModContainer instance for net.fabricmc.fabric.impl.datagen.FabricDatagenImpl
[30Jul2026 00:21:28.340] [main/DEBUG] [net.minecraftforge.fml.javafmlmod.FMLJavaModLanguageProvider/LOADING]: Loading FMLModContainer from classloader cpw.mods.modlauncher.TransformingClassLoader@76d0ecd7 - got cpw.mods.cl.ModuleClassLoader@3c87e6b7
[30Jul2026 00:21:28.340] [main/DEBUG] [net.minecraftforge.fml.javafmlmod.FMLModContainer/LOADING]: Creating FMLModContainer instance for net.fabricmc.fabric.impl.event.interaction.InteractionEventsRouter
[30Jul2026 00:21:28.341] [main/DEBUG] [net.minecraftforge.fml.javafmlmod.FMLJavaModLanguageProvider/LOADING]: Loading FMLModContainer from classloader cpw.mods.modlauncher.TransformingClassLoader@76d0ecd7 - got cpw.mods.cl.ModuleClassLoader@3c87e6b7
[30Jul2026 00:21:28.341] [main/DEBUG] [net.minecraftforge.fml.javafmlmod.FMLModContainer/LOADING]: Creating FMLModContainer instance for net.fabricmc.fabric.impl.client.keybinding.KeyBindingMod
[30Jul2026 00:21:28.341] [main/DEBUG] [net.minecraftforge.fml.javafmlmod.FMLJavaModLanguageProvider/LOADING]: Loading FMLModContainer from classloader cpw.mods.modlauncher.TransformingClassLoader@76d0ecd7 - got cpw.mods.cl.ModuleClassLoader@3c87e6b7
[30Jul2026 00:21:28.341] [main/DEBUG] [net.minecraftforge.fml.javafmlmod.FMLModContainer/LOADING]: Creating FMLModContainer instance for net.fabricmc.fabric.impl.tag.client.ClientTagsImpl
[30Jul2026 00:21:28.342] [main/DEBUG] [net.minecraftforge.fml.javafmlmod.FMLJavaModLanguageProvider/LOADING]: Loading FMLModContainer from classloader cpw.mods.modlauncher.TransformingClassLoader@76d0ecd7 - got cpw.mods.cl.ModuleClassLoader@3c87e6b7
[30Jul2026 00:21:28.342] [main/DEBUG] [net.minecraftforge.fml.javafmlmod.FMLModContainer/LOADING]: Creating FMLModContainer instance for org.sinytra.generated.axiom_iwGUO.Entrypoint_axiom
[30Jul2026 00:21:28.431] [modloading-worker-0/DEBUG] [net.minecraftforge.fml.javafmlmod.AutomaticEventSubscriber/LOADING]: Attempting to inject @EventBusSubscriber classes into the eventbus for fabric_dimensions_v1
[30Jul2026 00:21:28.435] [modloading-worker-0/DEBUG] [net.minecraftforge.fml.javafmlmod.AutomaticEventSubscriber/LOADING]: Attempting to inject @EventBusSubscriber classes into the eventbus for fabric_model_loading_api_v1
[30Jul2026 00:21:28.437] [modloading-worker-0/DEBUG] [net.minecraftforge.fml.javafmlmod.AutomaticEventSubscriber/LOADING]: Attempting to inject @EventBusSubscriber classes into the eventbus for fabric_renderer_api_v1
[30Jul2026 00:21:28.438] [modloading-worker-0/DEBUG] [net.minecraftforge.fml.javafmlmod.AutomaticEventSubscriber/LOADING]: Attempting to inject @EventBusSubscriber classes into the eventbus for fabric_rendering_fluids_v1
[30Jul2026 00:21:28.440] [modloading-worker-0/DEBUG] [mixin/]: Mixing perf.forge_cap_retrieval.AttachCapabilitiesEventMixin from modernfix-modernfix.mixins.json into net.minecraftforge.event.AttachCapabilitiesEvent
[30Jul2026 00:21:28.441] [modloading-worker-0/DEBUG] [net.minecraftforge.fml.javafmlmod.AutomaticEventSubscriber/LOADING]: Attempting to inject @EventBusSubscriber classes into the eventbus for fabric_item_api_v1
[30Jul2026 00:21:28.441] [modloading-worker-0/DEBUG] [net.minecraftforge.fml.javafmlmod.AutomaticEventSubscriber/LOADING]: Attempting to inject @EventBusSubscriber classes into the eventbus for fabric_screen_handler_api_v1
[30Jul2026 00:21:28.441] [modloading-worker-0/DEBUG] [net.minecraftforge.fml.javafmlmod.AutomaticEventSubscriber/LOADING]: Attempting to inject @EventBusSubscriber classes into the eventbus for fabric_models_v0
[30Jul2026 00:21:28.445] [modloading-worker-0/DEBUG] [net.minecraftforge.fml.javafmlmod.AutomaticEventSubscriber/LOADING]: Attempting to inject @EventBusSubscriber classes into the eventbus for fabric_resource_loader_v0
[30Jul2026 00:21:28.445] [modloading-worker-0/DEBUG] [net.minecraftforge.fml.javafmlmod.AutomaticEventSubscriber/LOADING]: Attempting to inject @EventBusSubscriber classes into the eventbus for fabric_transfer_api_v1
[30Jul2026 00:21:28.446] [modloading-worker-0/DEBUG] [net.minecraftforge.fml.javafmlmod.AutomaticEventSubscriber/LOADING]: Attempting to inject @EventBusSubscriber classes into the eventbus for fabric_rendering_v1
[30Jul2026 00:21:28.447] [modloading-worker-0/DEBUG] [net.minecraftforge.fml.javafmlmod.AutomaticEventSubscriber/LOADING]: Attempting to inject @EventBusSubscriber classes into the eventbus for fabric_convention_tags_v1
[30Jul2026 00:21:28.446] [modloading-worker-0/DEBUG] [net.minecraftforge.fml.javafmlmod.AutomaticEventSubscriber/LOADING]: Attempting to inject @EventBusSubscriber classes into the eventbus for fabric_renderer_indigo
[30Jul2026 00:21:28.450] [modloading-worker-0/DEBUG] [net.minecraftforge.fml.javafmlmod.AutomaticEventSubscriber/LOADING]: Attempting to inject @EventBusSubscriber classes into the eventbus for fabric_mining_level_api_v1
[30Jul2026 00:21:28.455] [modloading-worker-0/DEBUG] [net.minecraftforge.fml.javafmlmod.AutomaticEventSubscriber/LOADING]: Attempting to inject @EventBusSubscriber classes into the eventbus for fabric_command_api_v1
[30Jul2026 00:21:28.455] [modloading-worker-0/DEBUG] [net.minecraftforge.fml.javafmlmod.AutomaticEventSubscriber/LOADING]: Attempting to inject @EventBusSubscriber classes into the eventbus for fabric_block_view_api_v2
[30Jul2026 00:21:28.456] [modloading-worker-0/DEBUG] [net.minecraftforge.fml.config.ConfigTracker/CONFIG]: Config file jei-server.toml for jei tracking
[30Jul2026 00:21:28.457] [modloading-worker-0/DEBUG] [net.minecraftforge.fml.javafmlmod.AutomaticEventSubscriber/LOADING]: Attempting to inject @EventBusSubscriber classes into the eventbus for fabric_command_api_v2
[30Jul2026 00:21:28.462] [modloading-worker-0/DEBUG] [net.minecraftforge.fml.javafmlmod.AutomaticEventSubscriber/LOADING]: Attempting to inject @EventBusSubscriber classes into the eventbus for jei
[30Jul2026 00:21:28.463] [modloading-worker-0/DEBUG] [net.minecraftforge.fml.config.ConfigTracker/CONFIG]: Config file tacz-common.toml for tacz tracking
[30Jul2026 00:21:28.464] [modloading-worker-0/DEBUG] [net.minecraftforge.fml.javafmlmod.AutomaticEventSubscriber/LOADING]: Attempting to inject @EventBusSubscriber classes into the eventbus for mixinextras
[30Jul2026 00:21:28.468] [modloading-worker-0/DEBUG] [net.minecraftforge.fml.javafmlmod.AutomaticEventSubscriber/LOADING]: Attempting to inject @EventBusSubscriber classes into the eventbus for midnightlib
[30Jul2026 00:21:28.465] [modloading-worker-0/DEBUG] [net.minecraftforge.fml.config.ConfigTracker/CONFIG]: Config file tacz-server.toml for tacz tracking
[30Jul2026 00:21:28.470] [modloading-worker-0/DEBUG] [net.minecraftforge.fml.javafmlmod.AutomaticEventSubscriber/LOADING]: Auto-subscribing eu.midnightdust.core.MidnightLib$MidnightLibEvents to FORGE
[30Jul2026 00:21:28.475] [modloading-worker-0/DEBUG] [net.minecraftforge.fml.javafmlmod.AutomaticEventSubscriber/LOADING]: Attempting to inject @EventBusSubscriber classes into the eventbus for starlight
[30Jul2026 00:21:28.475] [modloading-worker-0/DEBUG] [net.minecraftforge.fml.javafmlmod.AutomaticEventSubscriber/LOADING]: Attempting to inject @EventBusSubscriber classes into the eventbus for fabric_data_attachment_api_v1
[30Jul2026 00:21:28.481] [modloading-worker-0/DEBUG] [net.minecraftforge.fml.config.ConfigTracker/CONFIG]: Config file tacz-client.toml for tacz tracking
[30Jul2026 00:21:28.481] [modloading-worker-0/DEBUG] [net.minecraftforge.fml.javafmlmod.AutomaticEventSubscriber/LOADING]: Attempting to inject @EventBusSubscriber classes into the eventbus for fabric_screen_api_v1
[30Jul2026 00:21:28.481] [modloading-worker-0/DEBUG] [net.minecraftforge.fml.javafmlmod.AutomaticEventSubscriber/LOADING]: Attempting to inject @EventBusSubscriber classes into the eventbus for memoryleakfix
[30Jul2026 00:21:28.482] [modloading-worker-0/DEBUG] [net.minecraftforge.fml.javafmlmod.AutomaticEventSubscriber/LOADING]: Attempting to inject @EventBusSubscriber classes into the eventbus for fabric_particles_v1
[30Jul2026 00:21:28.482] [modloading-worker-0/DEBUG] [net.minecraftforge.fml.javafmlmod.AutomaticEventSubscriber/LOADING]: Attempting to inject @EventBusSubscriber classes into the eventbus for cloth_config
[30Jul2026 00:21:28.483] [modloading-worker-0/DEBUG] [net.minecraftforge.versions.forge.ForgeVersion/CORE]: Forge Version package package net.minecraftforge.versions.forge, Forge, version 47.3 from cpw.mods.modlauncher.TransformingClassLoader@76d0ecd7
[30Jul2026 00:21:28.483] [modloading-worker-0/DEBUG] [net.minecraftforge.fml.config.ConfigTracker/CONFIG]: Config file modernfix-common.toml for modernfix tracking
[30Jul2026 00:21:28.483] [modloading-worker-0/DEBUG] [net.minecraftforge.versions.forge.ForgeVersion/CORE]: Found Forge version 47.3.7
[30Jul2026 00:21:28.483] [modloading-worker-0/DEBUG] [net.minecraftforge.versions.forge.ForgeVersion/CORE]: Found Forge spec 47.3
[30Jul2026 00:21:28.483] [modloading-worker-0/DEBUG] [net.minecraftforge.versions.forge.ForgeVersion/CORE]: Found Forge group net.minecraftforge
[30Jul2026 00:21:28.484] [modloading-worker-0/DEBUG] [net.minecraftforge.versions.mcp.MCPVersion/CORE]: MCP Version package package net.minecraftforge.versions.mcp, Minecraft, version 1.20.1 from cpw.mods.modlauncher.TransformingClassLoader@76d0ecd7
[30Jul2026 00:21:28.484] [modloading-worker-0/DEBUG] [net.minecraftforge.versions.mcp.MCPVersion/CORE]: Found MC version information 1.20.1
[30Jul2026 00:21:28.484] [modloading-worker-0/DEBUG] [net.minecraftforge.versions.mcp.MCPVersion/CORE]: Found MCP version information 20230612.114412
[30Jul2026 00:21:28.484] [modloading-worker-0/INFO] [net.minecraftforge.common.ForgeMod/FORGEMOD]: Forge mod loading, version 47.3.7, for MC 1.20.1 with MCP 20230612.114412
[30Jul2026 00:21:28.484] [modloading-worker-0/INFO] [net.minecraftforge.common.MinecraftForge/FORGE]: MinecraftForge v47.3.7 Initialized
[30Jul2026 00:21:28.494] [modloading-worker-0/DEBUG] [net.minecraftforge.fml.javafmlmod.AutomaticEventSubscriber/LOADING]: Attempting to inject @EventBusSubscriber classes into the eventbus for mts
[30Jul2026 00:21:28.494] [modloading-worker-0/DEBUG] [net.minecraftforge.fml.javafmlmod.AutomaticEventSubscriber/LOADING]: Auto-subscribing mcinterface1201.BuilderEntityRenderForwarder to FORGE
[30Jul2026 00:21:28.495] [modloading-worker-0/DEBUG] [ModernFix/]: Removed 3 unneeded annotations from file fabric-dimensions-v1-2.1.55+8005d10d77.jar
[30Jul2026 00:21:28.497] [modloading-worker-0/DEBUG] [ModernFix/]: Removed 140 unneeded annotations from file fabric-transfer-api-v1-3.3.6+631c9cd677.jar
[30Jul2026 00:21:28.499] [modloading-worker-0/DEBUG] [ModernFix/]: Removed 43 unneeded annotations from file fabric-renderer-api-v1-3.2.2+cf68abbe77.jar
[30Jul2026 00:21:28.500] [modloading-worker-0/DEBUG] [ModernFix/]: Removed 28 unneeded annotations from file fabric-item-api-v1-2.1.29+4d0bbcfa77.jar
[30Jul2026 00:21:28.500] [modloading-worker-0/DEBUG] [ModernFix/]: Removed 55 unneeded annotations from file fabric-model-loading-api-v1-1.0.4+6274ab9d77.jar
[30Jul2026 00:21:28.508] [modloading-worker-0/DEBUG] [ModernFix/]: Removed 331 unneeded annotations from file jei-1.20.1-forge-15.21.0.148.jar
[30Jul2026 00:21:28.511] [modloading-worker-0/DEBUG] [net.minecraftforge.common.ForgeMod/FORGEMOD]: Loading Network data for FML net version: FML3
[30Jul2026 00:21:28.514] [modloading-worker-0/DEBUG] [ModernFix/]: Removed 22 unneeded annotations from file fabric-rendering-fluids-v1-3.0.29+4ac5e37a77.jar
[30Jul2026 00:21:28.522] [modloading-worker-0/DEBUG] [ModernFix/]: Removed 781 unneeded annotations from file tacz-1.20.1-1.1.8-hotfix.jar
[30Jul2026 00:21:28.524] [modloading-worker-0/DEBUG] [mixin/]: Mixing DataGeneratorMixin from fabric-data-generation-api-v1.mixins.json into net.minecraft.data.DataGenerator
[30Jul2026 00:21:28.526] [modloading-worker-0/DEBUG] [ModernFix/]: Removed 14 unneeded annotations from file fabric-screen-handler-api-v1-1.3.33+561530ec77.jar
[30Jul2026 00:21:28.527] [modloading-worker-0/DEBUG] [ModernFix/]: Removed 4 unneeded annotations from file fabric-models-v0-0.4.3+7c3892a477.jar
[30Jul2026 00:21:28.527] [modloading-worker-0/DEBUG] [ModernFix/]: Removed 43 unneeded annotations from file fabric-resource-loader-v0-0.11.12+4b4151c077.jar
[30Jul2026 00:21:28.527] [modloading-worker-0/DEBUG] [ModernFix/]: Removed 94 unneeded annotations from file fabric-rendering-v1-3.0.9+66e9a48f77.jar
[30Jul2026 00:21:28.528] [modloading-worker-0/DEBUG] [ModernFix/]: Removed 38 unneeded annotations from file fabric-renderer-indigo-1.5.3+b5b2da4177.jar
[30Jul2026 00:21:28.528] [modloading-worker-0/DEBUG] [ModernFix/]: Removed 1 unneeded annotations from file fabric-convention-tags-v1-1.5.6+fa3d1c0177.jar
[30Jul2026 00:21:28.530] [modloading-worker-0/DEBUG] [ModernFix/]: Removed 1110 unneeded annotations from file modernfix-forge-5.27.40+mc1.20.1.jar
[30Jul2026 00:21:28.531] [modloading-worker-0/DEBUG] [ModernFix/]: Removed 17 unneeded annotations from file fabric-mining-level-api-v1-2.1.52+561530ec77.jar
[30Jul2026 00:21:28.531] [modloading-worker-0/DEBUG] [ModernFix/]: Removed 1 unneeded annotations from file fabric-command-api-v1-1.2.35+f71b366f77.jar
[30Jul2026 00:21:28.531] [modloading-worker-0/DEBUG] [ModernFix/]: Removed 19 unneeded annotations from file fabric-block-view-api-v2-1.0.3+53347ba977.jar
[30Jul2026 00:21:28.532] [modloading-worker-0/DEBUG] [ModernFix/]: Removed 13 unneeded annotations from file fabric-command-api-v2-2.2.14+561530ec77.jar
[30Jul2026 00:21:28.532] [modloading-worker-0/DEBUG] [ModernFix/]: Removed 63 unneeded annotations from file fabric-data-attachment-api-v1-1.0.2+30ef839e77.jar
[30Jul2026 00:21:28.532] [modloading-worker-0/DEBUG] [ModernFix/]: Removed 6 unneeded annotations from file midnightlib-forge-1.9.2+1.20.1.jar
[30Jul2026 00:21:28.532] [modloading-worker-0/DEBUG] [ModernFix/]: Removed 93 unneeded annotations from file starlight-1.1.2+forge.1cda73c.jar
[30Jul2026 00:21:28.533] [modloading-worker-0/DEBUG] [mixin/]: fabric-data-generation-api-v1.mixins.json:DataGeneratorMixin from mod fabric_data_generation_api_v1: Class version 61 required is higher than the class version supported by the current version of Mixin (JAVA_16 supports class version 60)
[30Jul2026 00:21:28.543] [modloading-worker-0/DEBUG] [ModernFix/]: Removed 60 unneeded annotations from file Immersive Vehicles-1.20.1-24.0.0.jar
[30Jul2026 00:21:28.548] [modloading-worker-0/DEBUG] [ModernFix/]: Removed 69 unneeded annotations from file fabric-screen-api-v1-2.0.9+45a670a577.jar
[30Jul2026 00:21:28.548] [modloading-worker-0/DEBUG] [ModernFix/]: Removed 61 unneeded annotations from file memoryleakfix-forge-1.17+-1.1.5.jar
[30Jul2026 00:21:28.549] [modloading-worker-0/DEBUG] [ModernFix/]: Removed 31 unneeded annotations from file fabric-particles-v1-1.1.3+78e1ecb877.jar
[30Jul2026 00:21:28.551] [modloading-worker-0/DEBUG] [ModernFix/]: Removed 388 unneeded annotations from file cloth-config-11.1.136-forge.jar
[30Jul2026 00:21:28.555] [modloading-worker-0/DEBUG] [ModernFix/]: Removed 820 unneeded annotations from file forge-1.20.1-47.3.7-universal.jar
[30Jul2026 00:21:28.559] [modloading-worker-0/DEBUG] [ModernFix/]: Removed 1 unneeded annotations from file fabric-api-0.92.6+1.11.14+1.20.1.jar
[30Jul2026 00:21:28.560] [modloading-worker-0/DEBUG] [ModernFix/]: Removed 45 unneeded annotations from file fabric-content-registries-v0-4.0.13+a670df1e77.jar
[30Jul2026 00:21:28.563] [modloading-worker-0/DEBUG] [mixin/]: Mixing perf.faster_capabilities.CapabilityDispatcherMixin from modernfix-modernfix.mixins.json into net.minecraftforge.common.capabilities.CapabilityDispatcher
[30Jul2026 00:21:28.566] [modloading-worker-0/DEBUG] [mixin/]: modernfix-modernfix.mixins.json:perf.faster_capabilities.CapabilityDispatcherMixin from mod modernfix->@Inject::createTurboDispatcher(Ljava/util/Map;Ljava/util/List;Lnet/minecraftforge/common/capabilities/ICapabilityProvider;Lorg/spongepowered/asm/mixin/injection/callback/CallbackInfo;)V doesn't use it's CallbackInfo
[30Jul2026 00:21:28.569] [modloading-worker-0/DEBUG] [ModernFix/]: Removed 2774 unneeded annotations from file server-1.20.1-20230612.114412-srg.jar
[30Jul2026 00:21:28.569] [modloading-worker-0/DEBUG] [net.minecraftforge.fml.javafmlmod.AutomaticEventSubscriber/LOADING]: Auto-subscribing mcinterface1201.WrapperEntity to FORGE
[30Jul2026 00:21:28.573] [modloading-worker-0/DEBUG] [net.minecraftforge.fml.config.ConfigTracker/CONFIG]: Config file forge-client.toml for forge tracking
[30Jul2026 00:21:28.573] [modloading-worker-0/DEBUG] [net.minecraftforge.fml.config.ConfigTracker/CONFIG]: Config file forge-server.toml for forge tracking
[30Jul2026 00:21:28.573] [modloading-worker-0/DEBUG] [net.minecraftforge.fml.ModLoadingContext/]: Attempted to register an empty config for type COMMON on mod forge
[30Jul2026 00:21:28.591] [modloading-worker-0/DEBUG] [ModernFix/]: Removed 37 unneeded annotations from file fabric-game-rule-api-v1-1.0.41+683d4da877.jar
[30Jul2026 00:21:28.591] [modloading-worker-0/DEBUG] [ModernFix/]: Removed 6 unneeded annotations from file fabric-api-base-0.4.32+ef105b4977.jar
[30Jul2026 00:21:28.592] [modloading-worker-0/DEBUG] [ModernFix/]: Removed 41 unneeded annotations from file fabric-api-lookup-api-v1-1.6.37+67f9824077.jar
[30Jul2026 00:21:28.592] [modloading-worker-0/DEBUG] [ModernFix/]: Removed 13 unneeded annotations from file fabric-blockrenderlayer-v1-1.1.42+1d0da21e77.jar
[30Jul2026 00:21:28.592] [modloading-worker-0/DEBUG] [ModernFix/]: Removed 258 unneeded annotations from file CreativeCore_FORGE_v2.12.39_mc1.20.1.jar
[30Jul2026 00:21:28.596] [modloading-worker-0/DEBUG] [mixin/]: Mixing MixinLevelEvent from architectury.mixins.json into net.minecraftforge.event.level.LevelEvent
[30Jul2026 00:21:28.599] [modloading-worker-0/DEBUG] [ModernFix/]: Removed 1 unneeded annotations from file fabric-block-api-v1-1.0.12+0e6cb7f777.jar
[30Jul2026 00:21:28.599] [modloading-worker-0/DEBUG] [ModernFix/]: Removed 29 unneeded annotations from file fabric-resource-conditions-api-v1-2.3.9+996d00b277.jar
[30Jul2026 00:21:28.600] [modloading-worker-0/DEBUG] [ModernFix/]: Removed 95 unneeded annotations from file Ksyxis-1.4.3.jar
[30Jul2026 00:21:28.601] [modloading-worker-0/DEBUG] [ModernFix/]: Removed 127 unneeded annotations from file lrtactical-1.20.1-0.4.1.jar
[30Jul2026 00:21:28.602] [modloading-worker-0/DEBUG] [ModernFix/]: Removed 4 unneeded annotations from file kffmod-4.12.0.jar
[30Jul2026 00:21:28.602] [modloading-worker-0/DEBUG] [ModernFix/]: Removed 3 unneeded annotations from file Axiom-5.1.1-for-MC1.20.1$axiomclientapi_mapped_srg_1.20.1.jar
[30Jul2026 00:21:28.603] [modloading-worker-0/DEBUG] [ModernFix/]: Removed 106 unneeded annotations from file simplebedrockmodel-2.2.2-forge+mc1.20.1.jar
[30Jul2026 00:21:28.603] [modloading-worker-0/DEBUG] [ModernFix/]: Removed 15 unneeded annotations from file fabric-item-group-api-v1-4.0.14+c9161c2d77.jar
[30Jul2026 00:21:28.603] [modloading-worker-0/DEBUG] [ModernFix/]: Removed 1 unneeded annotations from file Axiom-5.1.1-for-MC1.20.1$mixinconstraints-1.0.9_mapped_srg_1.20.1.jar
[30Jul2026 00:21:28.604] [modloading-worker-0/DEBUG] [ModernFix/]: Removed 169 unneeded annotations from file Connector-1.0.0-beta.49+1.20.1-mod.jar
[30Jul2026 00:21:28.604] [modloading-worker-0/DEBUG] [net.minecraftforge.fml.javafmlmod.AutomaticEventSubscriber/LOADING]: Auto-subscribing mcinterface1201.BuilderEntityExisting to FORGE
[30Jul2026 00:21:28.604] [modloading-worker-0/DEBUG] [ModernFix/]: Removed 48 unneeded annotations from file fabric-biome-api-v1-13.0.14+dc36698e77.jar
[30Jul2026 00:21:28.604] [modloading-worker-0/DEBUG] [ModernFix/]: Removed 81 unneeded annotations from file fabric-entity-events-v1-1.6.1+4ca7515277.jar
[30Jul2026 00:21:28.605] [modloading-worker-0/DEBUG] [ModernFix/]: Removed 94 unneeded annotations from file fabric-registry-sync-v0-2.3.6+1c0ea72177.jar
[30Jul2026 00:21:28.607] [modloading-worker-0/DEBUG] [ModernFix/]: Removed 281 unneeded annotations from file architectury-9.2.14-forge.jar
[30Jul2026 00:21:28.608] [modloading-worker-0/DEBUG] [mixin/]: Mixing JsonDataLoaderMixin from fabric-resource-conditions-api-v1.mixins.json into net.minecraft.server.packs.resources.SimpleJsonResourceReloadListener
[30Jul2026 00:21:28.608] [modloading-worker-0/DEBUG] [mixin/]: fabric-resource-conditions-api-v1.mixins.json:JsonDataLoaderMixin from mod fabric_resource_conditions_api_v1: Class version 61 required is higher than the class version supported by the current version of Mixin (JAVA_16 supports class version 60)
[30Jul2026 00:21:28.608] [modloading-worker-0/DEBUG] [ModernFix/]: Removed 29 unneeded annotations from file fabric-recipe-api-v1-1.0.24+514a076577.jar
[30Jul2026 00:21:28.608] [modloading-worker-0/DEBUG] [ModernFix/]: Removed 134 unneeded annotations from file ferritecore-6.0.1-forge.jar
[30Jul2026 00:21:28.609] [modloading-worker-0/DEBUG] [ModernFix/]: Removed 36 unneeded annotations from file fabric-loot-api-v2-1.2.3+eb28f93e77.jar
[30Jul2026 00:21:28.609] [modloading-worker-0/DEBUG] [ModernFix/]: Removed 64 unneeded annotations from file fabric-object-builder-api-v1-11.1.5+f8c414ce77.jar
[30Jul2026 00:21:28.609] [modloading-worker-0/DEBUG] [ModernFix/]: Removed 10 unneeded annotations from file fabric-rendering-data-attachment-v1-0.3.39+a6081afc77.jar
[30Jul2026 00:21:28.610] [modloading-worker-0/DEBUG] [ModernFix/]: Removed 127 unneeded annotations from file fabric-networking-api-v1-1.3.14+fb7c822677.jar
[30Jul2026 00:21:28.610] [modloading-worker-0/DEBUG] [ModernFix/]: Removed 60 unneeded annotations from file UniLib-1.2.1+1.20.1-forge.jar
[30Jul2026 00:21:28.613] [modloading-worker-0/DEBUG] [ModernFix/]: Removed 3 unneeded annotations from file fabric-sound-api-v1-1.0.14+4f23bd8477.jar
[30Jul2026 00:21:28.614] [modloading-worker-0/DEBUG] [ModernFix/]: Removed 36 unneeded annotations from file fabric-message-api-v1-5.1.10+52cc178c77.jar
[30Jul2026 00:21:28.614] [modloading-worker-0/DEBUG] [ModernFix/]: Removed 108 unneeded annotations from file Axiom-5.1.1-for-MC1.20.1$lattice-1.2.16_mapped_srg_1.20.1.jar
[30Jul2026 00:21:28.614] [modloading-worker-0/DEBUG] [mixin/]: Mixing SinglePreparationResourceReloaderMixin from fabric-resource-conditions-api-v1.mixins.json into net.minecraft.server.packs.resources.SimplePreparableReloadListener
[30Jul2026 00:21:28.615] [modloading-worker-0/DEBUG] [mixin/]: fabric-resource-conditions-api-v1.mixins.json:SinglePreparationResourceReloaderMixin from mod fabric_resource_conditions_api_v1: Class version 61 required is higher than the class version supported by the current version of Mixin (JAVA_16 supports class version 60)
[30Jul2026 00:21:28.615] [modloading-worker-0/DEBUG] [ModernFix/]: Removed 127 unneeded annotations from file fabric-lifecycle-events-v1-2.2.23+afab492177.jar
[30Jul2026 00:21:28.615] [modloading-worker-0/DEBUG] [ModernFix/]: Removed 33 unneeded annotations from file fabric-data-generation-api-v1-12.3.7+369cb3a477.jar
[30Jul2026 00:21:28.615] [modloading-worker-0/DEBUG] [mixin/]: fabric-resource-conditions-api-v1.mixins.json:SinglePreparationResourceReloaderMixin from mod fabric_resource_conditions_api_v1->@Inject::applyResourceConditions(Lnet/minecraft/server/packs/resources/ResourceManager;Lnet/minecraft/util/profiling/ProfilerFiller;Ljava/lang/Object;Lorg/spongepowered/asm/mixin/injection/callback/CallbackInfo;)V doesn't use it's CallbackInfo
[30Jul2026 00:21:28.615] [modloading-worker-0/DEBUG] [ModernFix/]: Removed 33 unneeded annotations from file fabric-events-interaction-v0-0.6.5+0f26153f77.jar
[30Jul2026 00:21:28.615] [modloading-worker-0/DEBUG] [mixin/]: fabric-resource-conditions-api-v1.mixins.json:SinglePreparationResourceReloaderMixin from mod fabric_resource_conditions_api_v1->@Inject::applyResourceConditions(Lnet/minecraft/server/packs/resources/ResourceManager;Lnet/minecraft/util/profiling/ProfilerFiller;Ljava/lang/Object;Lorg/spongepowered/asm/mixin/injection/callback/CallbackInfo;)V has 0 override(s) in child classes
[30Jul2026 00:21:28.615] [modloading-worker-0/DEBUG] [mixin/]: fabric-resource-conditions-api-v1.mixins.json:SinglePreparationResourceReloaderMixin from mod fabric_resource_conditions_api_v1->@Inject::applyResourceConditions(Lnet/minecraft/server/packs/resources/ResourceManager;Lnet/minecraft/util/profiling/ProfilerFiller;Ljava/lang/Object;Lorg/spongepowered/asm/mixin/injection/callback/CallbackInfo;)V won't be passed a CallbackInfo as a result
[30Jul2026 00:21:28.616] [modloading-worker-0/DEBUG] [ModernFix/]: Removed 5 unneeded annotations from file fabric-key-binding-api-v1-1.0.38+561530ec77.jar
[30Jul2026 00:21:28.616] [modloading-worker-0/DEBUG] [ModernFix/]: Removed 4 unneeded annotations from file fabric-client-tags-api-v1-1.1.3+5d6761b877.jar
[30Jul2026 00:21:28.617] [modloading-worker-0/DEBUG] [net.minecraftforge.fml.javafmlmod.AutomaticEventSubscriber/LOADING]: Auto-subscribing mcinterface1201.WrapperPlayer to FORGE
[30Jul2026 00:21:28.633] [modloading-worker-0/DEBUG] [ModernFix/]: Removed 951 unneeded annotations from file Axiom-5.1.1-for-MC1.20.1_mapped_srg_1.20.1.jar
[30Jul2026 00:21:28.637] [modloading-worker-0/DEBUG] [mixin/]: Mixing DataPackContentsMixin from fabric-resource-conditions-api-v1.mixins.json into net.minecraft.server.ReloadableServerResources
[30Jul2026 00:21:28.637] [modloading-worker-0/DEBUG] [mixin/]: fabric-resource-conditions-api-v1.mixins.json:DataPackContentsMixin from mod fabric_resource_conditions_api_v1: Class version 61 required is higher than the class version supported by the current version of Mixin (JAVA_16 supports class version 60)
[30Jul2026 00:21:28.638] [modloading-worker-0/DEBUG] [mixin/]: Mixing DataPackContentsMixin from fabric-lifecycle-events-v1.mixins.json into net.minecraft.server.ReloadableServerResources
[30Jul2026 00:21:28.641] [modloading-worker-0/DEBUG] [mixin/]: fabric-resource-conditions-api-v1.mixins.json:DataPackContentsMixin from mod fabric_resource_conditions_api_v1->@Inject::hookRefresh(Lnet/minecraft/core/RegistryAccess;Lorg/spongepowered/asm/mixin/injection/callback/CallbackInfo;)V doesn't use it's CallbackInfo
[30Jul2026 00:21:28.641] [modloading-worker-0/DEBUG] [mixin/]: fabric-resource-conditions-api-v1.mixins.json:DataPackContentsMixin from mod fabric_resource_conditions_api_v1->@Inject::hookRefresh(Lnet/minecraft/core/RegistryAccess;Lorg/spongepowered/asm/mixin/injection/callback/CallbackInfo;)V has 0 override(s) in child classes
[30Jul2026 00:21:28.642] [modloading-worker-0/DEBUG] [mixin/]: fabric-resource-conditions-api-v1.mixins.json:DataPackContentsMixin from mod fabric_resource_conditions_api_v1->@Inject::hookRefresh(Lnet/minecraft/core/RegistryAccess;Lorg/spongepowered/asm/mixin/injection/callback/CallbackInfo;)V won't be passed a CallbackInfo as a result
[30Jul2026 00:21:28.642] [modloading-worker-0/DEBUG] [mixin/]: fabric-resource-conditions-api-v1.mixins.json:DataPackContentsMixin from mod fabric_resource_conditions_api_v1->@Inject::hookReload(Lnet/minecraft/server/packs/resources/ResourceManager;Lnet/minecraft/core/RegistryAccess$Frozen;Lnet/minecraft/world/flag/FeatureFlagSet;Lnet/minecraft/commands/Commands$CommandSelection;ILjava/util/concurrent/Executor;Ljava/util/concurrent/Executor;Lorg/spongepowered/asm/mixin/injection/callback/CallbackInfoReturnable;)V doesn't use it's CallbackInfoReturnable
[30Jul2026 00:21:28.642] [modloading-worker-0/DEBUG] [mixin/]: fabric-lifecycle-events-v1.mixins.json:DataPackContentsMixin from mod fabric_lifecycle_events_v1->@Inject::hookRefresh(Lnet/minecraft/core/RegistryAccess;Lorg/spongepowered/asm/mixin/injection/callback/CallbackInfo;)V doesn't use it's CallbackInfo
[30Jul2026 00:21:28.642] [modloading-worker-0/DEBUG] [mixin/]: fabric-lifecycle-events-v1.mixins.json:DataPackContentsMixin from mod fabric_lifecycle_events_v1->@Inject::hookRefresh(Lnet/minecraft/core/RegistryAccess;Lorg/spongepowered/asm/mixin/injection/callback/CallbackInfo;)V has 0 override(s) in child classes
[30Jul2026 00:21:28.642] [modloading-worker-0/DEBUG] [mixin/]: fabric-lifecycle-events-v1.mixins.json:DataPackContentsMixin from mod fabric_lifecycle_events_v1->@Inject::hookRefresh(Lnet/minecraft/core/RegistryAccess;Lorg/spongepowered/asm/mixin/injection/callback/CallbackInfo;)V won't be passed a CallbackInfo as a result
[30Jul2026 00:21:28.651] [modloading-worker-0/DEBUG] [net.minecraftforge.fml.javafmlmod.AutomaticEventSubscriber/LOADING]: Attempting to inject @EventBusSubscriber classes into the eventbus for modernfix
[30Jul2026 00:21:28.652] [modloading-worker-0/DEBUG] [net.minecraftforge.fml.javafmlmod.AutomaticEventSubscriber/LOADING]: Attempting to inject @EventBusSubscriber classes into the eventbus for fabric_api
[30Jul2026 00:21:28.651] [modloading-worker-0/DEBUG] [net.minecraftforge.fml.javafmlmod.AutomaticEventSubscriber/LOADING]: Attempting to inject @EventBusSubscriber classes into the eventbus for forge
[30Jul2026 00:21:28.654] [modloading-worker-0/DEBUG] [net.minecraftforge.fml.javafmlmod.AutomaticEventSubscriber/LOADING]: Auto-subscribing net.minecraftforge.common.ForgeSpawnEggItem$CommonHandler to MOD
[30Jul2026 00:21:28.654] [modloading-worker-0/DEBUG] [net.minecraftforge.fml.javafmlmod.AutomaticEventSubscriber/LOADING]: Attempting to inject @EventBusSubscriber classes into the eventbus for fabric_content_registries_v0
[30Jul2026 00:21:28.654] [modloading-worker-0/DEBUG] [net.minecraftforge.fml.javafmlmod.AutomaticEventSubscriber/LOADING]: Attempting to inject @EventBusSubscriber classes into the eventbus for mtsofficialpack
[30Jul2026 00:21:28.654] [modloading-worker-0/DEBUG] [net.minecraftforge.fml.javafmlmod.AutomaticEventSubscriber/LOADING]: Attempting to inject @EventBusSubscriber classes into the eventbus for fabric_game_rule_api_v1
[30Jul2026 00:21:28.655] [modloading-worker-0/DEBUG] [net.minecraftforge.fml.javafmlmod.AutomaticEventSubscriber/LOADING]: Attempting to inject @EventBusSubscriber classes into the eventbus for fabric_api_base
[30Jul2026 00:21:28.655] [modloading-worker-0/DEBUG] [net.minecraftforge.fml.javafmlmod.AutomaticEventSubscriber/LOADING]: Attempting to inject @EventBusSubscriber classes into the eventbus for fabric_blockrenderlayer_v1
[30Jul2026 00:21:28.667] [modloading-worker-0/DEBUG] [net.minecraftforge.fml.javafmlmod.AutomaticEventSubscriber/LOADING]: Attempting to inject @EventBusSubscriber classes into the eventbus for fabric_api_lookup_api_v1
[30Jul2026 00:21:28.670] [modloading-worker-0/DEBUG] [net.minecraftforge.fml.javafmlmod.AutomaticEventSubscriber/LOADING]: Attempting to inject @EventBusSubscriber classes into the eventbus for fabric_block_api_v1
[30Jul2026 00:21:28.670] [modloading-worker-0/DEBUG] [net.minecraftforge.fml.javafmlmod.AutomaticEventSubscriber/LOADING]: Attempting to inject @EventBusSubscriber classes into the eventbus for fabric_resource_conditions_api_v1
[30Jul2026 00:21:28.671] [modloading-worker-0/INFO] [Ksyxis/MOD_KSYXIS]: Ksyxis: Loading... (platform: forge, version: 1.4.3, manual: false)
[30Jul2026 00:21:28.671] [modloading-worker-0/INFO] [Ksyxis/MOD_KSYXIS]: Ksyxis: Ready to remove unneeded chunks. (mixinVersion: 0.8.5, time: 0 ms)
[30Jul2026 00:21:28.672] [modloading-worker-0/DEBUG] [net.minecraftforge.fml.javafmlmod.AutomaticEventSubscriber/LOADING]: Attempting to inject @EventBusSubscriber classes into the eventbus for ksyxis
[30Jul2026 00:21:28.673] [modloading-worker-0/DEBUG] [net.minecraftforge.fml.config.ConfigTracker/CONFIG]: Config file lrtactical-client.toml for lrtactical tracking
[30Jul2026 00:21:28.676] [modloading-worker-0/DEBUG] [net.minecraftforge.fml.config.ConfigTracker/CONFIG]: Config file lrtactical-common.toml for lrtactical tracking
[30Jul2026 00:21:28.677] [modloading-worker-0/DEBUG] [net.minecraftforge.fml.config.ConfigTracker/CONFIG]: Config file lrtactical-server.toml for lrtactical tracking
[30Jul2026 00:21:28.726] [modloading-worker-0/DEBUG] [net.minecraftforge.fml.javafmlmod.AutomaticEventSubscriber/LOADING]: Attempting to inject @EventBusSubscriber classes into the eventbus for lrtactical
[30Jul2026 00:21:28.727] [modloading-worker-0/DEBUG] [net.minecraftforge.fml.javafmlmod.AutomaticEventSubscriber/LOADING]: Auto-subscribing me.xjqsh.lrtactical.resource.CommonAssetsManager to FORGE
[30Jul2026 00:21:28.749] [modloading-worker-0/DEBUG] [mixin/]: Mixing perf.smart_ingredient_sync.PlayerListMixin from modernfix-modernfix.mixins.json into net.minecraft.server.players.PlayerList
[30Jul2026 00:21:28.749] [modloading-worker-0/ERROR] [mts/]: MTSERROR: Welcome to MTS VERSION: 24.0.0
[30Jul2026 00:21:28.750] [modloading-worker-0/DEBUG] [mixin/]: Mixing PlayerListMixin from connectormod.mixins.json into net.minecraft.server.players.PlayerList
[30Jul2026 00:21:28.750] [modloading-worker-0/DEBUG] [mixin/]: Mixing PlayerManagerMixin from fabric-entity-events-v1.mixins.json into net.minecraft.server.players.PlayerList
[30Jul2026 00:21:28.750] [modloading-worker-0/DEBUG] [mixin/]: fabric-entity-events-v1.mixins.json:PlayerManagerMixin from mod fabric_entity_events_v1: Class version 61 required is higher than the class version supported by the current version of Mixin (JAVA_16 supports class version 60)
[30Jul2026 00:21:28.751] [modloading-worker-0/DEBUG] [mixin/]: Mixing PlayerManagerMixin from fabric-networking-api-v1.mixins.json into net.minecraft.server.players.PlayerList
[30Jul2026 00:21:28.751] [modloading-worker-0/DEBUG] [mixin/]: fabric-networking-api-v1.mixins.json:PlayerManagerMixin from mod fabric_networking_api_v1: Class version 61 required is higher than the class version supported by the current version of Mixin (JAVA_16 supports class version 60)
[30Jul2026 00:21:28.752] [modloading-worker-0/DEBUG] [mixin/]: Mixing PlayerManagerMixin from fabric-message-api-v1.mixins.json into net.minecraft.server.players.PlayerList
[30Jul2026 00:21:28.752] [modloading-worker-0/DEBUG] [mixin/]: fabric-message-api-v1.mixins.json:PlayerManagerMixin from mod fabric_message_api_v1: Class version 61 required is higher than the class version supported by the current version of Mixin (JAVA_16 supports class version 60)
[30Jul2026 00:21:28.753] [modloading-worker-0/DEBUG] [mixin/]: Mixing PlayerManagerMixin from fabric-lifecycle-events-v1.mixins.json into net.minecraft.server.players.PlayerList
[30Jul2026 00:21:28.766] [modloading-worker-0/DEBUG] [mixin/]: connectormod.mixins.json:PlayerListMixin from mod connectormod->@Inject::onGetPlayers(Lorg/spongepowered/asm/mixin/injection/callback/CallbackInfoReturnable;)V does use it's CallbackInfoReturnable
[30Jul2026 00:21:28.766] [modloading-worker-0/DEBUG] [mixin/]: fabric-entity-events-v1.mixins.json:PlayerManagerMixin from mod fabric_entity_events_v1->@Inject::afterRespawn(Lnet/minecraft/server/level/ServerPlayer;ZLorg/spongepowered/asm/mixin/injection/callback/CallbackInfoReturnable;)V does use it's CallbackInfoReturnable
[30Jul2026 00:21:28.766] [modloading-worker-0/DEBUG] [mixin/]: fabric-networking-api-v1.mixins.json:PlayerManagerMixin from mod fabric_networking_api_v1->@Inject::handlePlayerConnection(Lnet/minecraft/network/Connection;Lnet/minecraft/server/level/ServerPlayer;Lorg/spongepowered/asm/mixin/injection/callback/CallbackInfo;)V doesn't use it's CallbackInfo
[30Jul2026 00:21:28.766] [modloading-worker-0/DEBUG] [mixin/]: fabric-networking-api-v1.mixins.json:PlayerManagerMixin from mod fabric_networking_api_v1->@Inject::handlePlayerConnection(Lnet/minecraft/network/Connection;Lnet/minecraft/server/level/ServerPlayer;Lorg/spongepowered/asm/mixin/injection/callback/CallbackInfo;)V has 0 override(s) in child classes
[30Jul2026 00:21:28.766] [modloading-worker-0/DEBUG] [mixin/]: fabric-networking-api-v1.mixins.json:PlayerManagerMixin from mod fabric_networking_api_v1->@Inject::handlePlayerConnection(Lnet/minecraft/network/Connection;Lnet/minecraft/server/level/ServerPlayer;Lorg/spongepowered/asm/mixin/injection/callback/CallbackInfo;)V won't be passed a CallbackInfo as a result
[30Jul2026 00:21:28.766] [modloading-worker-0/DEBUG] [mixin/]: fabric-message-api-v1.mixins.json:PlayerManagerMixin from mod fabric_message_api_v1->@Inject::onSendChatMessage(Lnet/minecraft/network/chat/PlayerChatMessage;Lnet/minecraft/server/level/ServerPlayer;Lnet/minecraft/network/chat/ChatType$Bound;Lorg/spongepowered/asm/mixin/injection/callback/CallbackInfo;)V does use it's CallbackInfo
[30Jul2026 00:21:28.766] [modloading-worker-0/DEBUG] [mixin/]: fabric-message-api-v1.mixins.json:PlayerManagerMixin from mod fabric_message_api_v1->@Inject::onSendGameMessage(Lnet/minecraft/network/chat/Component;Ljava/util/function/Function;ZLorg/spongepowered/asm/mixin/injection/callback/CallbackInfo;)V does use it's CallbackInfo
[30Jul2026 00:21:28.766] [modloading-worker-0/DEBUG] [mixin/]: fabric-message-api-v1.mixins.json:PlayerManagerMixin from mod fabric_message_api_v1->@Inject::onSendCommandMessage(Lnet/minecraft/network/chat/PlayerChatMessage;Lnet/minecraft/commands/CommandSourceStack;Lnet/minecraft/network/chat/ChatType$Bound;Lorg/spongepowered/asm/mixin/injection/callback/CallbackInfo;)V does use it's CallbackInfo
[30Jul2026 00:21:28.766] [modloading-worker-0/DEBUG] [mixin/]: fabric-lifecycle-events-v1.mixins.json:PlayerManagerMixin from mod fabric_lifecycle_events_v1->@Inject::hookOnPlayerConnect(Lnet/minecraft/network/Connection;Lnet/minecraft/server/level/ServerPlayer;Lorg/spongepowered/asm/mixin/injection/callback/CallbackInfo;)V doesn't use it's CallbackInfo
[30Jul2026 00:21:28.766] [modloading-worker-0/DEBUG] [mixin/]: fabric-lifecycle-events-v1.mixins.json:PlayerManagerMixin from mod fabric_lifecycle_events_v1->@Inject::hookOnPlayerConnect(Lnet/minecraft/network/Connection;Lnet/minecraft/server/level/ServerPlayer;Lorg/spongepowered/asm/mixin/injection/callback/CallbackInfo;)V has 0 override(s) in child classes
[30Jul2026 00:21:28.766] [modloading-worker-0/DEBUG] [mixin/]: fabric-lifecycle-events-v1.mixins.json:PlayerManagerMixin from mod fabric_lifecycle_events_v1->@Inject::hookOnPlayerConnect(Lnet/minecraft/network/Connection;Lnet/minecraft/server/level/ServerPlayer;Lorg/spongepowered/asm/mixin/injection/callback/CallbackInfo;)V won't be passed a CallbackInfo as a result
[30Jul2026 00:21:28.766] [modloading-worker-0/DEBUG] [mixin/]: fabric-lifecycle-events-v1.mixins.json:PlayerManagerMixin from mod fabric_lifecycle_events_v1->@Inject::hookOnDataPacksReloaded(Lorg/spongepowered/asm/mixin/injection/callback/CallbackInfo;)V doesn't use it's CallbackInfo
[30Jul2026 00:21:28.766] [modloading-worker-0/DEBUG] [mixin/]: fabric-lifecycle-events-v1.mixins.json:PlayerManagerMixin from mod fabric_lifecycle_events_v1->@Inject::hookOnDataPacksReloaded(Lorg/spongepowered/asm/mixin/injection/callback/CallbackInfo;)V has 0 override(s) in child classes
[30Jul2026 00:21:28.766] [modloading-worker-0/DEBUG] [mixin/]: fabric-lifecycle-events-v1.mixins.json:PlayerManagerMixin from mod fabric_lifecycle_events_v1->@Inject::hookOnDataPacksReloaded(Lorg/spongepowered/asm/mixin/injection/callback/CallbackInfo;)V won't be passed a CallbackInfo as a result
[30Jul2026 00:21:28.771] [modloading-worker-0/DEBUG] [net.minecraftforge.fml.javafmlmod.AutomaticEventSubscriber/LOADING]: Auto-subscribing me.xjqsh.lrtactical.init.ModRegistries to MOD
[30Jul2026 00:21:28.771] [modloading-worker-0/DEBUG] [net.minecraftforge.fml.javafmlmod.AutomaticEventSubscriber/LOADING]: Auto-subscribing me.xjqsh.lrtactical.init.ModItems to MOD
[30Jul2026 00:21:28.772] [modloading-worker-0/DEBUG] [net.minecraftforge.fml.javafmlmod.AutomaticEventSubscriber/LOADING]: Auto-subscribing me.xjqsh.lrtactical.init.CompatRegistry to MOD
[30Jul2026 00:21:28.776] [modloading-worker-0/DEBUG] [net.minecraftforge.fml.javafmlmod.AutomaticEventSubscriber/LOADING]: Auto-subscribing me.xjqsh.lrtactical.init.CommonSetupHandler to FORGE
[30Jul2026 00:21:28.777] [modloading-worker-0/DEBUG] [net.minecraftforge.fml.javafmlmod.AutomaticEventSubscriber/LOADING]: Auto-subscribing me.xjqsh.lrtactical.handler.ShieldBlockEventHandler to FORGE
[30Jul2026 00:21:28.778] [modloading-worker-0/DEBUG] [net.minecraftforge.fml.javafmlmod.AutomaticEventSubscriber/LOADING]: Auto-subscribing me.xjqsh.lrtactical.handler.EntityHurtEventHandler to FORGE
[30Jul2026 00:21:28.779] [modloading-worker-0/DEBUG] [net.minecraftforge.fml.javafmlmod.AutomaticEventSubscriber/LOADING]: Auto-subscribing me.xjqsh.lrtactical.handler.CriticalHitEventHandler to FORGE
[30Jul2026 00:21:28.780] [modloading-worker-0/DEBUG] [net.minecraftforge.fml.javafmlmod.AutomaticEventSubscriber/LOADING]: Auto-subscribing me.xjqsh.lrtactical.capability.TickHandler to FORGE
[30Jul2026 00:21:28.827] [modloading-worker-0/DEBUG] [creativecore/]: Created network creativecore:main
[30Jul2026 00:21:28.832] [modloading-worker-0/DEBUG] [net.minecraftforge.fml.javafmlmod.AutomaticEventSubscriber/LOADING]: Attempting to inject @EventBusSubscriber classes into the eventbus for tacz
[30Jul2026 00:21:28.832] [modloading-worker-0/DEBUG] [net.minecraftforge.fml.javafmlmod.AutomaticEventSubscriber/LOADING]: Auto-subscribing com.tacz.guns.resource.CommonAssetsManager to FORGE
[30Jul2026 00:21:28.840] [modloading-worker-0/DEBUG] [net.minecraftforge.fml.javafmlmod.AutomaticEventSubscriber/LOADING]: Attempting to inject @EventBusSubscriber classes into the eventbus for creativecore
[30Jul2026 00:21:28.844] [modloading-worker-0/DEBUG] [net.minecraftforge.fml.javafmlmod.AutomaticEventSubscriber/LOADING]: Attempting to inject @EventBusSubscriber classes into the eventbus for com_moulberry_axiomclientapi
[30Jul2026 00:21:28.847] [modloading-worker-0/DEBUG] [net.minecraftforge.fml.javafmlmod.AutomaticEventSubscriber/LOADING]: Attempting to inject @EventBusSubscriber classes into the eventbus for simplebedrockmodel
[30Jul2026 00:21:28.850] [modloading-worker-0/DEBUG] [net.minecraftforge.fml.javafmlmod.AutomaticEventSubscriber/LOADING]: Auto-subscribing com.github.mcmodderanchor.simplebedrockmodel.v1.resource.ReloadListenersRegister$BedrockModelServerRegister to FORGE
[30Jul2026 00:21:28.855] [modloading-worker-0/DEBUG] [net.minecraftforge.fml.javafmlmod.AutomaticEventSubscriber/LOADING]: Auto-subscribing com.tacz.guns.init.ModRecipe to MOD
[30Jul2026 00:21:28.858] [modloading-worker-0/DEBUG] [net.minecraftforge.fml.javafmlmod.AutomaticEventSubscriber/LOADING]: Auto-subscribing com.tacz.guns.init.ModItems to MOD
[30Jul2026 00:21:28.858] [modloading-worker-0/DEBUG] [net.minecraftforge.fml.javafmlmod.AutomaticEventSubscriber/LOADING]: Auto-subscribing com.tacz.guns.init.CompatRegistry to MOD
[30Jul2026 00:21:28.859] [modloading-worker-0/DEBUG] [net.minecraftforge.fml.javafmlmod.AutomaticEventSubscriber/LOADING]: Auto-subscribing com.tacz.guns.init.CommonRegistry to MOD
[30Jul2026 00:21:28.861] [modloading-worker-0/DEBUG] [net.minecraftforge.fml.javafmlmod.AutomaticEventSubscriber/LOADING]: Attempting to inject @EventBusSubscriber classes into the eventbus for fabric_item_group_api_v1
[30Jul2026 00:21:28.871] [modloading-worker-0/DEBUG] [net.minecraftforge.fml.javafmlmod.AutomaticEventSubscriber/LOADING]: Attempting to inject @EventBusSubscriber classes into the eventbus for connectormod
[30Jul2026 00:21:28.871] [modloading-worker-0/DEBUG] [net.minecraftforge.fml.javafmlmod.AutomaticEventSubscriber/LOADING]: Auto-subscribing com.tacz.guns.init.CommandRegistry to FORGE
[30Jul2026 00:21:28.872] [modloading-worker-0/DEBUG] [net.minecraftforge.fml.javafmlmod.AutomaticEventSubscriber/LOADING]: Auto-subscribing com.tacz.guns.init.CapabilityRegistry to MOD
[30Jul2026 00:21:28.875] [modloading-worker-0/DEBUG] [net.minecraftforge.fml.javafmlmod.AutomaticEventSubscriber/LOADING]: Auto-subscribing com.tacz.guns.event.TravelToDimensionEvent to FORGE
[30Jul2026 00:21:28.876] [modloading-worker-0/DEBUG] [net.minecraftforge.fml.javafmlmod.AutomaticEventSubscriber/LOADING]: Attempting to inject @EventBusSubscriber classes into the eventbus for fabric_biome_api_v1
[30Jul2026 00:21:28.877] [modloading-worker-0/DEBUG] [net.minecraftforge.fml.javafmlmod.AutomaticEventSubscriber/LOADING]: Auto-subscribing com.tacz.guns.event.SyncedEntityDataEvent to FORGE
[30Jul2026 00:21:28.885] [modloading-worker-0/DEBUG] [net.minecraftforge.fml.javafmlmod.AutomaticEventSubscriber/LOADING]: Auto-subscribing com.tacz.guns.event.SyncBaseTimestamp to FORGE
[30Jul2026 00:21:28.886] [modloading-worker-0/DEBUG] [net.minecraftforge.fml.javafmlmod.AutomaticEventSubscriber/LOADING]: Auto-subscribing com.tacz.guns.event.ServerTickEvent to FORGE
[30Jul2026 00:21:28.889] [modloading-worker-0/DEBUG] [net.minecraftforge.fml.javafmlmod.AutomaticEventSubscriber/LOADING]: Auto-subscribing com.tacz.guns.event.PreventGunClick to FORGE
[30Jul2026 00:21:28.891] [modloading-worker-0/DEBUG] [net.minecraftforge.fml.javafmlmod.AutomaticEventSubscriber/LOADING]: Auto-subscribing com.tacz.guns.event.PlayerRespawnEvent to FORGE
[30Jul2026 00:21:28.894] [modloading-worker-0/DEBUG] [net.minecraftforge.fml.javafmlmod.AutomaticEventSubscriber/LOADING]: Attempting to inject @EventBusSubscriber classes into the eventbus for fabric_entity_events_v1
[30Jul2026 00:21:28.894] [modloading-worker-0/DEBUG] [net.minecraftforge.fml.javafmlmod.AutomaticEventSubscriber/LOADING]: Auto-subscribing com.tacz.guns.event.LoadingConfigEvent to MOD
[30Jul2026 00:21:28.897] [modloading-worker-0/DEBUG] [net.minecraftforge.fml.javafmlmod.AutomaticEventSubscriber/LOADING]: Auto-subscribing com.tacz.guns.event.KnockbackChange to FORGE
[30Jul2026 00:21:28.898] [modloading-worker-0/DEBUG] [net.minecraftforge.fml.javafmlmod.AutomaticEventSubscriber/LOADING]: Attempting to inject @EventBusSubscriber classes into the eventbus for fabric_registry_sync_v0
[30Jul2026 00:21:28.898] [modloading-worker-0/DEBUG] [net.minecraftforge.fml.javafmlmod.AutomaticEventSubscriber/LOADING]: Auto-subscribing com.tacz.guns.event.HitboxHelperEvent to FORGE
[30Jul2026 00:21:28.902] [modloading-worker-0/DEBUG] [net.minecraftforge.fml.javafmlmod.AutomaticEventSubscriber/LOADING]: Auto-subscribing com.tacz.guns.event.EntityDamageEvent to FORGE
[30Jul2026 00:21:28.902] [modloading-worker-0/DEBUG] [net.minecraftforge.fml.javafmlmod.AutomaticEventSubscriber/LOADING]: Auto-subscribing com.tacz.guns.event.CommonLoadPack to MOD
[30Jul2026 00:21:28.917] [modloading-worker-0/DEBUG] [net.minecraftforge.fml.javafmlmod.AutomaticEventSubscriber/LOADING]: Auto-subscribing com.tacz.guns.event.ammo.DestroyGlassBlock to FORGE
[30Jul2026 00:21:28.929] [modloading-worker-0/DEBUG] [net.minecraftforge.fml.javafmlmod.AutomaticEventSubscriber/LOADING]: Auto-subscribing com.tacz.guns.event.ammo.BellRing to FORGE
[30Jul2026 00:21:28.930] [modloading-worker-0/DEBUG] [net.minecraftforge.fml.javafmlmod.AutomaticEventSubscriber/LOADING]: Auto-subscribing com.tacz.guns.client.event.TooltipEvent to FORGE
[30Jul2026 00:21:28.936] [modloading-worker-0/DEBUG] [net.minecraftforge.fml.javafmlmod.AutomaticEventSubscriber/LOADING]: Attempting to inject @EventBusSubscriber classes into the eventbus for fabric_recipe_api_v1
[30Jul2026 00:21:28.940] [modloading-worker-0/DEBUG] [net.minecraftforge.fml.javafmlmod.AutomaticEventSubscriber/LOADING]: Attempting to inject @EventBusSubscriber classes into the eventbus for ferritecore
[30Jul2026 00:21:28.943] [modloading-worker-0/DEBUG] [net.minecraftforge.fml.javafmlmod.AutomaticEventSubscriber/LOADING]: Attempting to inject @EventBusSubscriber classes into the eventbus for fabric_loot_api_v2
[30Jul2026 00:21:28.947] [modloading-worker-0/DEBUG] [mixin/]: Mixing perf.attribute_supplier_dedup.AttributeSupplierMixin from modernfix-modernfix.mixins.json into net.minecraft.world.entity.ai.attributes.AttributeSupplier
[30Jul2026 00:21:28.949] [modloading-worker-0/DEBUG] [mixin/]: modernfix-modernfix.mixins.json:perf.attribute_supplier_dedup.AttributeSupplierMixin from mod modernfix->@Inject::useCompactJavaMap(Ljava/util/Map;Lorg/spongepowered/asm/mixin/injection/callback/CallbackInfo;)V doesn't use it's CallbackInfo
[30Jul2026 00:21:28.949] [modloading-worker-0/DEBUG] [mixin/]: modernfix-modernfix.mixins.json:perf.attribute_supplier_dedup.AttributeSupplierMixin from mod modernfix->@Inject::useCompactJavaMap(Ljava/util/Map;Lorg/spongepowered/asm/mixin/injection/callback/CallbackInfo;)V has 0 override(s) in child classes
[30Jul2026 00:21:28.949] [modloading-worker-0/DEBUG] [mixin/]: modernfix-modernfix.mixins.json:perf.attribute_supplier_dedup.AttributeSupplierMixin from mod modernfix->@Inject::useCompactJavaMap(Ljava/util/Map;Lorg/spongepowered/asm/mixin/injection/callback/CallbackInfo;)V won't be passed a CallbackInfo as a result
[30Jul2026 00:21:28.955] [modloading-worker-0/DEBUG] [net.minecraftforge.fml.javafmlmod.AutomaticEventSubscriber/LOADING]: Attempting to inject @EventBusSubscriber classes into the eventbus for fabric_object_builder_api_v1
[30Jul2026 00:21:28.955] [modloading-worker-0/DEBUG] [net.minecraftforge.fml.javafmlmod.AutomaticEventSubscriber/LOADING]: Attempting to inject @EventBusSubscriber classes into the eventbus for fabric_rendering_data_attachment_v1
[30Jul2026 00:21:28.960] [modloading-worker-0/DEBUG] [mixin/]: Mixing ServerLoginNetworkHandlerMixin from fabric-networking-api-v1.mixins.json into net.minecraft.server.network.ServerLoginPacketListenerImpl
[30Jul2026 00:21:28.961] [modloading-worker-0/DEBUG] [mixin/]: fabric-networking-api-v1.mixins.json:ServerLoginNetworkHandlerMixin from mod fabric_networking_api_v1: Class version 61 required is higher than the class version supported by the current version of Mixin (JAVA_16 supports class version 60)
[30Jul2026 00:21:28.963] [modloading-worker-0/DEBUG] [mixin/]: Mixing accessor.ServerLoginNetworkHandlerAccessor from fabric-networking-api-v1.mixins.json into net.minecraft.server.network.ServerLoginPacketListenerImpl
[30Jul2026 00:21:28.963] [modloading-worker-0/DEBUG] [mixin/]: fabric-networking-api-v1.mixins.json:accessor.ServerLoginNetworkHandlerAccessor from mod fabric_networking_api_v1: Class version 61 required is higher than the class version supported by the current version of Mixin (JAVA_16 supports class version 60)
[30Jul2026 00:21:28.966] [modloading-worker-0/DEBUG] [mixin/]: fabric-networking-api-v1.mixins.json:ServerLoginNetworkHandlerMixin from mod fabric_networking_api_v1->@Inject::initAddon(Lorg/spongepowered/asm/mixin/injection/callback/CallbackInfo;)V doesn't use it's CallbackInfo
[30Jul2026 00:21:28.966] [modloading-worker-0/DEBUG] [mixin/]: fabric-networking-api-v1.mixins.json:ServerLoginNetworkHandlerMixin from mod fabric_networking_api_v1->@Inject::initAddon(Lorg/spongepowered/asm/mixin/injection/callback/CallbackInfo;)V has 0 override(s) in child classes
[30Jul2026 00:21:28.966] [modloading-worker-0/DEBUG] [mixin/]: fabric-networking-api-v1.mixins.json:ServerLoginNetworkHandlerMixin from mod fabric_networking_api_v1->@Inject::initAddon(Lorg/spongepowered/asm/mixin/injection/callback/CallbackInfo;)V won't be passed a CallbackInfo as a result
[30Jul2026 00:21:28.966] [modloading-worker-0/DEBUG] [mixin/]: fabric-networking-api-v1.mixins.json:ServerLoginNetworkHandlerMixin from mod fabric_networking_api_v1->@Inject::handleCustomPayloadReceivedAsync(Lnet/minecraft/network/protocol/login/ServerboundCustomQueryPacket;Lorg/spongepowered/asm/mixin/injection/callback/CallbackInfo;)V does use it's CallbackInfo
[30Jul2026 00:21:28.966] [modloading-worker-0/DEBUG] [mixin/]: fabric-networking-api-v1.mixins.json:ServerLoginNetworkHandlerMixin from mod fabric_networking_api_v1->@Inject::handleDisconnection(Lnet/minecraft/network/chat/Component;Lorg/spongepowered/asm/mixin/injection/callback/CallbackInfo;)V doesn't use it's CallbackInfo
[30Jul2026 00:21:28.966] [modloading-worker-0/DEBUG] [mixin/]: fabric-networking-api-v1.mixins.json:ServerLoginNetworkHandlerMixin from mod fabric_networking_api_v1->@Inject::handleDisconnection(Lnet/minecraft/network/chat/Component;Lorg/spongepowered/asm/mixin/injection/callback/CallbackInfo;)V has 0 override(s) in child classes
[30Jul2026 00:21:28.966] [modloading-worker-0/DEBUG] [mixin/]: fabric-networking-api-v1.mixins.json:ServerLoginNetworkHandlerMixin from mod fabric_networking_api_v1->@Inject::handleDisconnection(Lnet/minecraft/network/chat/Component;Lorg/spongepowered/asm/mixin/injection/callback/CallbackInfo;)V won't be passed a CallbackInfo as a result
[30Jul2026 00:21:28.967] [modloading-worker-0/DEBUG] [mixin/]: fabric-networking-api-v1.mixins.json:ServerLoginNetworkHandlerMixin from mod fabric_networking_api_v1->@Inject::handlePlayTransitionNormal(Lnet/minecraft/server/level/ServerPlayer;Lorg/spongepowered/asm/mixin/injection/callback/CallbackInfo;)V doesn't use it's CallbackInfo
[30Jul2026 00:21:28.967] [modloading-worker-0/DEBUG] [mixin/]: fabric-networking-api-v1.mixins.json:ServerLoginNetworkHandlerMixin from mod fabric_networking_api_v1->@Inject::handlePlayTransitionNormal(Lnet/minecraft/server/level/ServerPlayer;Lorg/spongepowered/asm/mixin/injection/callback/CallbackInfo;)V has 0 override(s) in child classes
[30Jul2026 00:21:28.967] [modloading-worker-0/DEBUG] [mixin/]: fabric-networking-api-v1.mixins.json:ServerLoginNetworkHandlerMixin from mod fabric_networking_api_v1->@Inject::handlePlayTransitionNormal(Lnet/minecraft/server/level/ServerPlayer;Lorg/spongepowered/asm/mixin/injection/callback/CallbackInfo;)V won't be passed a CallbackInfo as a result
[30Jul2026 00:21:28.978] [modloading-worker-0/DEBUG] [mixin/]: Mixing LootTableAccessor from fabric-loot-api-v2.mixins.json into net.minecraft.world.level.storage.loot.LootTable
[30Jul2026 00:21:28.978] [modloading-worker-0/DEBUG] [mixin/]: fabric-loot-api-v2.mixins.json:LootTableAccessor from mod fabric_loot_api_v2: Class version 61 required is higher than the class version supported by the current version of Mixin (JAVA_8 supports class version 52)
[30Jul2026 00:21:28.980] [modloading-worker-0/DEBUG] [net.minecraftforge.fml.javafmlmod.AutomaticEventSubscriber/LOADING]: Attempting to inject @EventBusSubscriber classes into the eventbus for fabric_networking_api_v1
[30Jul2026 00:21:28.996] [modloading-worker-0/INFO] [unilib/]: Disabling UniLib, as it is client side only.
[30Jul2026 00:21:28.999] [modloading-worker-0/DEBUG] [net.minecraftforge.fml.javafmlmod.AutomaticEventSubscriber/LOADING]: Attempting to inject @EventBusSubscriber classes into the eventbus for unilib
[30Jul2026 00:21:28.999] [modloading-worker-0/DEBUG] [net.minecraftforge.fml.javafmlmod.AutomaticEventSubscriber/LOADING]: Attempting to inject @EventBusSubscriber classes into the eventbus for fabric_sound_api_v1
[30Jul2026 00:21:28.999] [modloading-worker-0/DEBUG] [net.minecraftforge.fml.javafmlmod.AutomaticEventSubscriber/LOADING]: Attempting to inject @EventBusSubscriber classes into the eventbus for fabric_message_api_v1
[30Jul2026 00:21:29.000] [modloading-worker-0/DEBUG] [net.minecraftforge.fml.javafmlmod.AutomaticEventSubscriber/LOADING]: Attempting to inject @EventBusSubscriber classes into the eventbus for lattice
[30Jul2026 00:21:29.007] [modloading-worker-0/DEBUG] [net.minecraftforge.fml.javafmlmod.AutomaticEventSubscriber/LOADING]: Attempting to inject @EventBusSubscriber classes into the eventbus for fabric_lifecycle_events_v1
[30Jul2026 00:21:29.008] [modloading-worker-0/DEBUG] [net.minecraftforge.fml.javafmlmod.AutomaticEventSubscriber/LOADING]: Attempting to inject @EventBusSubscriber classes into the eventbus for architectury
[30Jul2026 00:21:29.008] [modloading-worker-0/DEBUG] [net.minecraftforge.fml.javafmlmod.AutomaticEventSubscriber/LOADING]: Auto-subscribing dev.architectury.registry.level.entity.trade.forge.TradeRegistryImpl to FORGE
[30Jul2026 00:21:29.011] [modloading-worker-0/DEBUG] [net.minecraftforge.fml.javafmlmod.AutomaticEventSubscriber/LOADING]: Auto-subscribing dev.architectury.registry.forge.ReloadListenerRegistryImpl to FORGE
[30Jul2026 00:21:29.010] [modloading-worker-0/DEBUG] [net.minecraftforge.fml.javafmlmod.AutomaticEventSubscriber/LOADING]: Attempting to inject @EventBusSubscriber classes into the eventbus for fabric_data_generation_api_v1
[30Jul2026 00:21:29.014] [modloading-worker-0/DEBUG] [net.minecraftforge.fml.javafmlmod.AutomaticEventSubscriber/LOADING]: Auto-subscribing dev.architectury.networking.forge.NetworkManagerImpl to FORGE
[30Jul2026 00:21:29.026] [modloading-worker-0/DEBUG] [net.minecraftforge.fml.javafmlmod.AutomaticEventSubscriber/LOADING]: Attempting to inject @EventBusSubscriber classes into the eventbus for fabric_events_interaction_v0
[30Jul2026 00:21:29.027] [modloading-worker-0/INFO] [dev.architectury.networking.forge.NetworkManagerImpl/]: Registering C2S receiver with id architectury:sync_ids
[30Jul2026 00:21:29.031] [modloading-worker-0/DEBUG] [net.minecraftforge.fml.javafmlmod.AutomaticEventSubscriber/LOADING]: Attempting to inject @EventBusSubscriber classes into the eventbus for fabric_client_tags_api_v1
[30Jul2026 00:21:29.031] [modloading-worker-0/DEBUG] [net.minecraftforge.fml.javafmlmod.AutomaticEventSubscriber/LOADING]: Attempting to inject @EventBusSubscriber classes into the eventbus for axiom
[30Jul2026 00:21:29.039] [modloading-worker-0/DEBUG] [net.minecraftforge.fml.javafmlmod.AutomaticEventSubscriber/LOADING]: Attempting to inject @EventBusSubscriber classes into the eventbus for fabric_key_binding_api_v1
[30Jul2026 00:21:29.238] [modloading-worker-0/INFO] [thedarkcolour.kotlinforforge.test.KotlinForForge/]: Kotlin For Forge Enabled!
[30Jul2026 00:21:29.239] [modloading-worker-0/DEBUG] [thedarkcolour.kotlinforforge.LoggerKt/LOADING]: Attempting to inject @EventBusSubscriber kotlin objects in to the event bus for kotlinforforge
[30Jul2026 00:21:29.459] [modloading-worker-0/ERROR] [mts/]: MTSERROR: Could not do model-based legacy compats on mtsofficialpack:engineamci4.  Lights and treads will likely not be present on this model.
[30Jul2026 00:21:29.459] [modloading-worker-0/ERROR] [mts/]: MTSERROR: For input string: "roller2"
[30Jul2026 00:21:30.498] [main/DEBUG] [mixin/]: Mixing RegistryLoaderMixin from fabric-registry-sync-v0.mixins.json into net.minecraft.resources.RegistryDataLoader
[30Jul2026 00:21:30.499] [main/DEBUG] [mixin/]: fabric-registry-sync-v0.mixins.json:RegistryLoaderMixin from mod fabric_registry_sync_v0: Class version 61 required is higher than the class version supported by the current version of Mixin (JAVA_16 supports class version 60)
[30Jul2026 00:21:30.500] [main/DEBUG] [mixin/]: Mixing registries.RegistryDataLoaderMixin from connectormod.mixins.json into net.minecraft.resources.RegistryDataLoader
[30Jul2026 00:21:30.500] [main/DEBUG] [mixin/]: Renaming synthetic method lambda$connector$shouldOmitPrefix$0(Lnet/minecraft/resources/ResourceKey;Lnet/minecraft/resources/RegistryDataLoader$RegistryData;)Z to mdda8f76$connectormod$lambda$connector$shouldOmitPrefix$0$0 in connectormod.mixins.json:registries.RegistryDataLoaderMixin from mod connectormod
[30Jul2026 00:21:30.506] [main/DEBUG] [mixin/]: fabric-registry-sync-v0.mixins.json:RegistryLoaderMixin from mod fabric_registry_sync_v0->@Inject::beforeLoad(Lnet/minecraft/server/packs/resources/ResourceManager;Lnet/minecraft/core/RegistryAccess;Ljava/util/List;Lorg/spongepowered/asm/mixin/injection/callback/CallbackInfoReturnable;Ljava/util/Map;Ljava/util/List;Lnet/minecraft/resources/RegistryOps$RegistryInfoLookup;)V doesn't use it's CallbackInfoReturnable
[30Jul2026 00:21:30.506] [main/DEBUG] [mixin/]: connectormod.mixins.json:registries.RegistryDataLoaderMixin from mod connectormod->@Inject::captureExistingRegistries(Lorg/spongepowered/asm/mixin/injection/callback/CallbackInfo;)V doesn't use it's CallbackInfo
[30Jul2026 00:21:30.506] [main/DEBUG] [mixin/]: connectormod.mixins.json:registries.RegistryDataLoaderMixin from mod connectormod->@Inject::computeInjectedRegistries(Lorg/spongepowered/asm/mixin/injection/callback/CallbackInfo;)V doesn't use it's CallbackInfo
[30Jul2026 00:21:30.526] [main/INFO] [net.minecraft.resources.RegistryDataLoader/]: Capturing existing worldgen registries
[30Jul2026 00:21:30.527] [main/INFO] [net.minecraft.resources.RegistryDataLoader/]: Found 0 injected RegistryDataLoader worldgen registries
[30Jul2026 00:21:30.959] [main/DEBUG] [net.minecraftforge.common.capabilities.CapabilityManager/CAPABILITIES]: Attempting to automatically register: Lme/xjqsh/lrtactical/capability/CombatProperties;
[30Jul2026 00:21:30.959] [main/DEBUG] [net.minecraftforge.common.capabilities.CapabilityManager/CAPABILITIES]: Attempting to automatically register: Lme/xjqsh/lrtactical/capability/CustomItemCoolDowns;
[30Jul2026 00:21:30.959] [main/DEBUG] [net.minecraftforge.common.capabilities.CapabilityManager/CAPABILITIES]: Attempting to automatically register: Lnet/minecraftforge/energy/IEnergyStorage;
[30Jul2026 00:21:30.959] [main/DEBUG] [net.minecraftforge.common.capabilities.CapabilityManager/CAPABILITIES]: Attempting to automatically register: Lnet/minecraftforge/fluids/capability/IFluidHandler;
[30Jul2026 00:21:30.959] [main/DEBUG] [net.minecraftforge.common.capabilities.CapabilityManager/CAPABILITIES]: Attempting to automatically register: Lnet/minecraftforge/fluids/capability/IFluidHandlerItem;
[30Jul2026 00:21:30.959] [main/DEBUG] [net.minecraftforge.common.capabilities.CapabilityManager/CAPABILITIES]: Attempting to automatically register: Lnet/minecraftforge/items/IItemHandler;
[30Jul2026 00:21:31.389] [main/DEBUG] [io.netty.util.internal.InternalThreadLocalMap/]: -Dio.netty.threadLocalMap.stringBuilder.initialSize: 1024
[30Jul2026 00:21:31.389] [main/DEBUG] [io.netty.util.internal.InternalThreadLocalMap/]: -Dio.netty.threadLocalMap.stringBuilder.maxSize: 4096
[30Jul2026 00:21:31.389] [main/DEBUG] [io.netty.util.internal.ThreadLocalRandom/]: -Dio.netty.initialSeedUniquifier: 0xc2a5eda38f2ba139
[30Jul2026 00:21:31.415] [main/DEBUG] [mixin/]: Mixing ingredient.CraftingHelperAccessor from fabric-recipe-api-v1.mixins.json into net.minecraftforge.common.crafting.CraftingHelper
[30Jul2026 00:21:31.415] [main/DEBUG] [mixin/]: Renaming @Accessor method getIngredients()Lcom/google/common/collect/BiMap; to getIngredients$fabric_recipe_api_v1_$md$da8f76$0 in fabric-recipe-api-v1.mixins.json:ingredient.CraftingHelperAccessor from mod fabric_recipe_api_v1
[30Jul2026 00:21:31.415] [main/DEBUG] [mixin/]: Mixing ingredient.CraftingHelperMixin from fabric-recipe-api-v1.mixins.json into net.minecraftforge.common.crafting.CraftingHelper
[30Jul2026 00:21:31.415] [main/DEBUG] [mixin/]: Renaming synthetic method lambda$static$0()Ljava/lang/Boolean; to mdda8f76$fabric_recipe_api_v1$lambda$static$0$1 in fabric-recipe-api-v1.mixins.json:ingredient.CraftingHelperMixin from mod fabric_recipe_api_v1
[30Jul2026 00:21:31.418] [main/DEBUG] [mixin/]: fabric-recipe-api-v1.mixins.json:ingredient.CraftingHelperMixin from mod fabric_recipe_api_v1->@Inject::beforeJsonArrayDeserialize(ZLjava/util/List;Ljava/util/List;Lcom/google/gson/JsonElement;Lorg/spongepowered/asm/mixin/injection/callback/CallbackInfo;)V doesn't use it's CallbackInfo
[30Jul2026 00:21:31.418] [main/DEBUG] [mixin/]: fabric-recipe-api-v1.mixins.json:ingredient.CraftingHelperMixin from mod fabric_recipe_api_v1->@Inject::afterJsonArrayDeserialize(ZLjava/util/List;Ljava/util/List;Lcom/google/gson/JsonElement;Lorg/spongepowered/asm/mixin/injection/callback/CallbackInfo;)V doesn't use it's CallbackInfo
[30Jul2026 00:21:31.479] [main/DEBUG] [mixin/]: Mixing perf.faster_ingredients.ForgeHooksMixin from modernfix-modernfix.mixins.json into net.minecraftforge.common.ForgeHooks
[30Jul2026 00:21:31.480] [main/DEBUG] [mixin/]: Mixing ForgeHooksMixin from connectormod.mixins.json into net.minecraftforge.common.ForgeHooks
[30Jul2026 00:21:31.480] [main/DEBUG] [mixin/]: Renaming synthetic method lambda$connector$allowAttributeMixins$0(Lnet/minecraft/world/entity/EntityType;Lnet/minecraft/world/entity/ai/attributes/AttributeSupplier$Builder;)V to mdda8f76$connectormod$lambda$connector$allowAttributeMixins$0$0 in connectormod.mixins.json:ForgeHooksMixin from mod connectormod
[30Jul2026 00:21:31.481] [main/DEBUG] [mixin/]: Mixing item.ForgeHooksMixin from connectormod.mixins.json into net.minecraftforge.common.ForgeHooks
[30Jul2026 00:21:31.483] [main/DEBUG] [mixin/]: modernfix-modernfix.mixins.json:perf.faster_ingredients.ForgeHooksMixin from mod modernfix->@Inject::modernfix$fastHasNoElements(Lnet/minecraft/world/item/crafting/Ingredient;Lorg/spongepowered/asm/mixin/injection/callback/CallbackInfoReturnable;)V does use it's CallbackInfoReturnable
[30Jul2026 00:21:31.483] [main/DEBUG] [mixin/]: connectormod.mixins.json:ForgeHooksMixin from mod connectormod->@Inject::getFabricVanillaFluidType(Lnet/minecraft/world/level/material/Fluid;Lorg/spongepowered/asm/mixin/injection/callback/CallbackInfoReturnable;)V does use it's CallbackInfoReturnable
[30Jul2026 00:21:31.483] [main/DEBUG] [mixin/]: connectormod.mixins.json:ForgeHooksMixin from mod connectormod->@Inject::connector$allowAttributeMixins(Lorg/spongepowered/asm/mixin/injection/callback/CallbackInfo;)V doesn't use it's CallbackInfo
[30Jul2026 00:21:31.483] [main/DEBUG] [mixin/]: connectormod.mixins.json:item.ForgeHooksMixin from mod connectormod->@Inject::appyUseOn(Lnet/minecraft/world/item/context/UseOnContext;Lorg/spongepowered/asm/mixin/injection/callback/CallbackInfoReturnable;)V does use it's CallbackInfoReturnable
[30Jul2026 00:21:31.501] [main/DEBUG] [mixin/]: Mixing perf.attribute_supplier_dedup.AttributeSupplierBuilderMixin from modernfix-modernfix.mixins.json into net.minecraft.world.entity.ai.attributes.AttributeSupplier$Builder
[30Jul2026 00:21:31.501] [main/DEBUG] [mixin/]: Renaming synthetic method lambda$deduplicateInstances$0(Lnet/minecraft/world/entity/ai/attributes/Attribute;Lnet/minecraft/world/entity/ai/attributes/AttributeInstance;)Lnet/minecraft/world/entity/ai/attributes/AttributeInstance; to mdda8f76$modernfix$lambda$deduplicateInstances$0$0 in modernfix-modernfix.mixins.json:perf.attribute_supplier_dedup.AttributeSupplierBuilderMixin from mod modernfix
[30Jul2026 00:21:31.502] [main/DEBUG] [mixin/]: modernfix-modernfix.mixins.json:perf.attribute_supplier_dedup.AttributeSupplierBuilderMixin from mod modernfix->@Inject::deduplicateInstances(Lorg/spongepowered/asm/mixin/injection/callback/CallbackInfoReturnable;)V doesn't use it's CallbackInfoReturnable
[30Jul2026 00:21:31.503] [main/DEBUG] [mixin/]: modernfix-modernfix.mixins.json:perf.attribute_supplier_dedup.AttributeSupplierBuilderMixin from mod modernfix->@Inject::deduplicateInstances(Lorg/spongepowered/asm/mixin/injection/callback/CallbackInfoReturnable;)V has 0 override(s) in child classes
[30Jul2026 00:21:31.503] [main/DEBUG] [mixin/]: modernfix-modernfix.mixins.json:perf.attribute_supplier_dedup.AttributeSupplierBuilderMixin from mod modernfix->@Inject::deduplicateInstances(Lorg/spongepowered/asm/mixin/injection/callback/CallbackInfoReturnable;)V won't be passed a CallbackInfoReturnable as a result
[30Jul2026 00:21:31.551] [main/DEBUG] [ModernFix/]: Removed 3818 redundant object holders
[30Jul2026 00:21:31.753] [main/DEBUG] [net.minecraftforge.fml.config.ConfigTracker/CONFIG]: Loading configs type COMMON
[30Jul2026 00:21:31.755] [main/DEBUG] [net.minecraftforge.fml.config.ConfigFileTypeHandler/CONFIG]: Built TOML config for /workspaces/XDDDDDDD/servidor_minecraft/config/tacz-common.toml
[30Jul2026 00:21:31.755] [main/DEBUG] [net.minecraftforge.fml.config.ConfigFileTypeHandler/CONFIG]: Loaded TOML config file /workspaces/XDDDDDDD/servidor_minecraft/config/tacz-common.toml
[30Jul2026 00:21:31.758] [main/DEBUG] [net.minecraftforge.fml.config.ConfigFileTypeHandler/CONFIG]: Watching TOML config file /workspaces/XDDDDDDD/servidor_minecraft/config/tacz-common.toml for changes
[30Jul2026 00:21:31.761] [main/DEBUG] [net.minecraftforge.fml.config.ConfigFileTypeHandler/CONFIG]: Built TOML config for /workspaces/XDDDDDDD/servidor_minecraft/config/modernfix-common.toml
[30Jul2026 00:21:31.761] [main/DEBUG] [net.minecraftforge.fml.config.ConfigFileTypeHandler/CONFIG]: Loaded TOML config file /workspaces/XDDDDDDD/servidor_minecraft/config/modernfix-common.toml
[30Jul2026 00:21:31.762] [main/DEBUG] [net.minecraftforge.fml.config.ConfigFileTypeHandler/CONFIG]: Watching TOML config file /workspaces/XDDDDDDD/servidor_minecraft/config/modernfix-common.toml for changes
[30Jul2026 00:21:31.762] [main/DEBUG] [net.minecraftforge.fml.config.ConfigFileTypeHandler/CONFIG]: Built TOML config for /workspaces/XDDDDDDD/servidor_minecraft/config/lrtactical-common.toml
[30Jul2026 00:21:31.762] [main/DEBUG] [net.minecraftforge.fml.config.ConfigFileTypeHandler/CONFIG]: Loaded TOML config file /workspaces/XDDDDDDD/servidor_minecraft/config/lrtactical-common.toml
[30Jul2026 00:21:31.762] [main/DEBUG] [net.minecraftforge.fml.config.ConfigFileTypeHandler/CONFIG]: Watching TOML config file /workspaces/XDDDDDDD/servidor_minecraft/config/lrtactical-common.toml for changes
[30Jul2026 00:21:31.916] [modloading-worker-0/DEBUG] [ModernFix/]: Cleared 627 object holder stacktrace references
[30Jul2026 00:21:31.967] [main/DEBUG] [net.minecraftforge.fml.DeferredWorkQueue/LOADING]: Dispatching synchronous work for work queue COMMON_SETUP: 7 jobs
[30Jul2026 00:21:32.040] [main/INFO] [tacz/SYNCED_ENTITY_DATA_TAC_COPY]: Registered synced data key tacz:shoot_cool_down for minecraft:living_entity
[30Jul2026 00:21:32.040] [main/INFO] [tacz/SYNCED_ENTITY_DATA_TAC_COPY]: Registered synced data key tacz:melee_cool_down for minecraft:living_entity
[30Jul2026 00:21:32.040] [main/INFO] [tacz/SYNCED_ENTITY_DATA_TAC_COPY]: Registered synced data key tacz:reload_state for minecraft:living_entity
[30Jul2026 00:21:32.040] [main/INFO] [tacz/SYNCED_ENTITY_DATA_TAC_COPY]: Registered synced data key tacz:aiming_progress for minecraft:living_entity
[30Jul2026 00:21:32.040] [main/INFO] [tacz/SYNCED_ENTITY_DATA_TAC_COPY]: Registered synced data key tacz:draw_cool_down for minecraft:living_entity
[30Jul2026 00:21:32.040] [main/INFO] [tacz/SYNCED_ENTITY_DATA_TAC_COPY]: Registered synced data key tacz:is_aiming for minecraft:living_entity
[30Jul2026 00:21:32.040] [main/INFO] [tacz/SYNCED_ENTITY_DATA_TAC_COPY]: Registered synced data key tacz:sprint_time for minecraft:living_entity
[30Jul2026 00:21:32.041] [main/INFO] [tacz/SYNCED_ENTITY_DATA_TAC_COPY]: Registered synced data key tacz:is_bolting for minecraft:living_entity
[30Jul2026 00:21:32.041] [main/INFO] [tacz/SYNCED_ENTITY_DATA_TAC_COPY]: Registered synced data key tacz:throwable_using for minecraft:living_entity
[30Jul2026 00:21:32.041] [main/DEBUG] [ModernFix/]: Removed 0 redundant object holders
[30Jul2026 00:21:32.048] [main/DEBUG] [net.minecraftforge.fml.DeferredWorkQueue/LOADING]: Synchronous work queue completed in 80.08 ms
[30Jul2026 00:21:32.049] [Forge Version Check/INFO] [net.minecraftforge.fml.VersionChecker/]: [forge] Starting version check at https://files.minecraftforge.net/net/minecraftforge/forge/promotions_slim.json
[30Jul2026 00:21:32.278] [main/DEBUG] [net.minecraftforge.fml.DeferredWorkQueue/LOADING]: Dispatching synchronous work for work queue ENQUEUE_IMC: 6 jobs
[30Jul2026 00:21:32.283] [main/DEBUG] [net.minecraftforge.fml.DeferredWorkQueue/LOADING]: Synchronous work queue completed in 4.518 ms
[30Jul2026 00:21:32.441] [Forge Version Check/DEBUG] [net.minecraftforge.fml.VersionChecker/]: [forge] Received version check data:
{
  "homepage": "https://files.minecraftforge.net/net/minecraftforge/forge/",
  "promos": {
    "1.1-latest": "1.3.4.29",
    "1.2.3-latest": "1.4.1.64",
    "1.2.4-latest": "2.0.0.68",
    "1.2.5-latest": "3.4.9.171",
    "1.3.2-latest": "4.3.5.318",
    "1.4.0-latest": "5.0.0.326",
    "1.4.1-latest": "6.0.0.329",
    "1.4.2-latest": "6.0.1.355",
    "1.4.3-latest": "6.2.1.358",
    "1.4.4-latest": "6.3.0.378",
    "1.4.5-latest": "6.4.2.448",
    "1.4.6-latest": "6.5.0.489",
    "1.4.7-latest": "6.6.2.534",
    "1.5-latest": "7.7.0.598",
    "1.5.1-latest": "7.7.2.682",
    "1.5.2-latest": "7.8.1.738",
    "1.5.2-recommended": "7.8.1.738",
    "1.6.1-latest": "8.9.0.775",
    "1.6.2-latest": "9.10.1.871",
    "1.6.2-recommended": "9.10.1.871",
    "1.6.3-latest": "9.11.0.878",
    "1.6.4-latest": "9.11.1.1345",
    "1.6.4-recommended": "9.11.1.1345",
    "1.7.2-latest": "10.12.2.1161",
    "1.7.2-recommended": "10.12.2.1161",
    "1.7.10-latest": "10.13.4.1614",
    "1.7.10-recommended": "10.13.4.1614",
    "1.8-latest": "11.14.4.1577",
    "1.8-recommended": "11.14.4.1563",
    "1.8.8-latest": "11.15.0.1655",
    "1.8.9-latest": "11.15.1.2318",
    "1.8.9-recommended": "11.15.1.2318",
    "1.9-latest": "12.16.1.1938",
    "1.9-recommended": "12.16.1.1887",
    "1.9.4-latest": "12.17.0.2317",
    "1.9.4-recommended": "12.17.0.2317",
    "1.10-latest": "12.18.0.2000",
    "1.10.2-latest": "12.18.3.2511",
    "1.10.2-recommended": "12.18.3.2511",
    "1.11-latest": "13.19.1.2199",
    "1.11-recommended": "13.19.1.2189",
    "1.11.2-latest": "13.20.1.2588",
    "1.11.2-recommended": "13.20.1.2588",
    "1.12-latest": "14.21.1.2443",
    "1.12-recommended": "14.21.1.2387",
    "1.12.1-latest": "14.22.1.2485",
    "1.12.1-recommended": "14.22.1.2478",
    "1.12.2-latest": "14.23.5.2864",
    "1.12.2-recommended": "14.23.5.2859",
    "1.13.2-latest": "25.0.223",
    "1.14.2-latest": "26.0.63",
    "1.14.3-latest": "27.0.60",
    "1.14.4-latest": "28.2.30",
    "1.14.4-recommended": "28.2.26",
    "1.15-latest": "29.0.4",
    "1.15.1-latest": "30.0.51",
    "1.15.2-latest": "31.2.62",
    "1.15.2-recommended": "31.2.57",
    "1.16.1-latest": "32.0.108",
    "1.16.2-latest": "33.0.61",
    "1.16.3-latest": "34.1.42",
    "1.16.3-recommended": "34.1.0",
    "1.16.4-latest": "35.1.37",
    "1.16.4-recommended": "35.1.4",
    "1.16.5-latest": "36.2.42",
    "1.16.5-recommended": "36.2.34",
    "1.17.1-latest": "37.1.1",
    "1.17.1-recommended": "37.1.1",
    "1.18-latest": "38.0.17",
    "1.18.1-latest": "39.1.2",
    "1.18.1-recommended": "39.1.0",
    "1.18.2-recommended": "40.3.0",
    "1.18.2-latest": "40.3.12",
    "1.19-latest": "41.1.0",
    "1.19-recommended": "41.1.0",
    "1.19.1-latest": "42.0.9",
    "1.19.2-recommended": "43.5.0",
    "1.19.2-latest": "43.5.2",
    "1.19.3-latest": "44.1.23",
    "1.19.3-recommended": "44.1.0",
    "1.19.4-recommended": "45.4.0",
    "1.19.4-latest": "45.4.3",
    "1.20-latest": "46.0.14",
    "1.20.1-recommended": "47.4.10",
    "1.20.1-latest": "47.4.22",
    "1.20.2-latest": "48.1.0",
    "1.20.2-recommended": "48.1.0",
    "1.20.3-latest": "49.0.2",
    "1.20.4-latest": "49.2.8",
    "1.20.4-recommended": "49.2.0",
    "1.20.6-latest": "50.2.10",
    "1.20.6-recommended": "50.2.0",
    "1.21-latest": "51.0.33",
    "1.21.1-latest": "52.1.16",
    "1.21.1-recommended": "52.1.0",
    "1.21.3-latest": "53.1.11",
    "1.21.3-recommended": "53.1.0",
    "1.21.4-latest": "54.1.17",
    "1.21.4-recommended": "54.1.14",
    "1.21.5-latest": "55.1.11",
    "1.21.5-recommended": "55.1.0",
    "1.21.6-latest": "56.0.9",
    "1.21.7-latest": "57.0.3",
    "1.21.8-latest": "58.1.20",
    "1.21.8-recommended": "58.1.0",
    "1.21.9-latest": "59.0.5",
    "1.21.10-latest": "60.1.13",
    "1.21.10-recommended": "60.1.0",
    "1.21.11-latest": "61.1.14",
    "1.21.11-recommended": "61.1.0",
    "26.1-latest": "62.0.9",
    "26.1.1-latest": "63.0.2",
    "26.1.2-latest": "64.1.0",
    "26.1.2-recommended": "64.1.0",
    "26.2-latest": "65.1.0",
    "26.2-recommended": "65.1.0"
  }
}
[30Jul2026 00:21:32.442] [Forge Version Check/INFO] [net.minecraftforge.fml.VersionChecker/]: [forge] Found status: OUTDATED Current: 47.3.7 Target: 47.4.10
[30Jul2026 00:21:32.442] [Forge Version Check/INFO] [net.minecraftforge.fml.VersionChecker/]: [ksyxis] Starting version check at https://raw.githubusercontent.com/VidTu/Ksyxis/main/updater_ksyxis_forge.json
[30Jul2026 00:21:32.580] [Forge Version Check/DEBUG] [net.minecraftforge.fml.VersionChecker/]: [ksyxis] Received version check data:
{
  "homepage": "https://modrinth.com/mod/ksyxis",
  "promos": {
    "26.1.2-latest": "1.4.3",
    "26.1.2-recommended": "1.4.3",
    "26.1.1-latest": "1.4.3",
    "26.1.1-recommended": "1.4.3",
    "26.1-latest": "1.4.3",
    "26.1-recommended": "1.4.3",
    "1.21.11-latest": "1.4.3",
    "1.21.11-recommended": "1.4.3",
    "1.21.10-latest": "1.4.3",
    "1.21.10-recommended": "1.4.3",
    "1.21.9-latest": "1.4.3",
    "1.21.9-recommended": "1.4.3",
    "1.21.8-latest": "1.4.3",
    "1.21.8-recommended": "1.4.3",
    "1.21.7-latest": "1.4.3",
    "1.21.7-recommended": "1.4.3",
    "1.21.6-latest": "1.4.3",
    "1.21.6-recommended": "1.4.3",
    "1.21.5-latest": "1.4.3",
    "1.21.5-recommended": "1.4.3",
    "1.21.4-latest": "1.4.3",
    "1.21.4-recommended": "1.4.3",
    "1.21.3-latest": "1.4.3",
    "1.21.3-recommended": "1.4.3",
    "1.21.2-latest": "1.4.3",
    "1.21.2-recommended": "1.4.3",
    "1.21.1-latest": "1.4.3",
    "1.21.1-recommended": "1.4.3",
    "1.21-latest": "1.4.3",
    "1.21-recommended": "1.4.3",
    "1.20.6-latest": "1.4.3",
    "1.20.6-recommended": "1.4.3",
    "1.20.5-latest": "1.4.3",
    "1.20.5-recommended": "1.4.3",
    "1.20.4-latest": "1.4.3",
    "1.20.4-recommended": "1.4.3",
    "1.20.3-latest": "1.4.3",
    "1.20.3-recommended": "1.4.3",
    "1.20.2-latest": "1.4.3",
    "1.20.2-recommended": "1.4.3",
    "1.20.1-latest": "1.4.3",
    "1.20.1-recommended": "1.4.3",
    "1.20-latest": "1.4.3",
    "1.20-recommended": "1.4.3",
    "1.19.4-latest": "1.4.3",
    "1.19.4-recommended": "1.4.3",
    "1.19.3-latest": "1.4.3",
    "1.19.3-recommended": "1.4.3",
    "1.19.2-latest": "1.4.3",
    "1.19.2-recommended": "1.4.3",
    "1.19.1-latest": "1.4.3",
    "1.19.1-recommended": "1.4.3",
    "1.19-latest": "1.4.3",
    "1.19-recommended": "1.4.3",
    "1.18.2-latest": "1.4.3",
    "1.18.2-recommended": "1.4.3",
    "1.18.1-latest": "1.4.3",
    "1.18.1-recommended": "1.4.3",
    "1.18-latest": "1.4.3",
    "1.18-recommended": "1.4.3",
    "1.17.1-latest": "1.4.3",
    "1.17.1-recommended": "1.4.3",
    "1.17-latest": "1.4.3",
    "1.17-recommended": "1.4.3",
    "1.16.5-latest": "1.4.3",
    "1.16.5-recommended": "1.4.3",
    "1.16.4-latest": "1.4.3",
    "1.16.4-recommended": "1.4.3",
    "1.16.3-latest": "1.4.3",
    "1.16.3-recommended": "1.4.3",
    "1.16.2-latest": "1.4.3",
    "1.16.2-recommended": "1.4.3",
    "1.16.1-latest": "1.4.3",
    "1.16.1-recommended": "1.4.3",
    "1.16-latest": "1.4.3",
    "1.16-recommended": "1.4.3",
    "1.15.2-latest": "1.4.3",
    "1.15.2-recommended": "1.4.3",
    "1.15.1-latest": "1.4.3",
    "1.15.1-recommended": "1.4.3",
    "1.15-latest": "1.4.3",
    "1.15-recommended": "1.4.3",
    "1.14.4-latest": "1.4.3",
    "1.14.4-recommended": "1.4.3",
    "1.14.3-latest": "1.4.3",
    "1.14.3-recommended": "1.4.3",
    "1.14.2-latest": "1.4.3",
    "1.14.2-recommended": "1.4.3",
    "1.14.1-latest": "1.4.3",
    "1.14.1-recommended": "1.4.3",
    "1.14-latest": "1.4.3",
    "1.14-recommended": "1.4.3",
    "1.13.2-latest": "1.4.3",
    "1.13.2-recommended": "1.4.3",
    "1.13.1-latest": "1.4.3",
    "1.13.1-recommended": "1.4.3",
    "1.13-latest": "1.4.3",
    "1.13-recommended": "1.4.3",
    "1.12.2-latest": "1.4.3",
    "1.12.2-recommended": "1.4.3",
    "1.12.1-latest": "1.4.3",
    "1.12.1-recommended": "1.4.3",
    "1.12-latest": "1.4.3",
    "1.12-recommended": "1.4.3",
    "1.11.2-latest": "1.4.3",
    "1.11.2-recommended": "1.4.3",
    "1.11.1-latest": "1.4.3",
    "1.11.1-recommended": "1.4.3",
    "1.11-latest": "1.4.3",
    "1.11-recommended": "1.4.3",
    "1.10.2-latest": "1.4.3",
    "1.10.2-recommended": "1.4.3",
    "1.10.1-latest": "1.4.3",
    "1.10.1-recommended": "1.4.3",
    "1.10-latest": "1.4.3",
    "1.10-recommended": "1.4.3",
    "1.9.4-latest": "1.4.3",
    "1.9.4-recommended": "1.4.3",
    "1.9.3-latest": "1.4.3",
    "1.9.3-recommended": "1.4.3",
    "1.9.2-latest": "1.4.3",
    "1.9.2-recommended": "1.4.3",
    "1.9.1-latest": "1.4.3",
    "1.9.1-recommended": "1.4.3",
    "1.9-latest": "1.4.3",
    "1.9-recommended": "1.4.3",
    "1.8.9-latest": "1.4.3",
    "1.8.9-recommended": "1.4.3",
    "1.8.8-latest": "1.4.3",
    "1.8.8-recommended": "1.4.3",
    "1.8.7-latest": "1.4.3",
    "1.8.7-recommended": "1.4.3",
    "1.8.6-latest": "1.4.3",
    "1.8.6-recommended": "1.4.3",
    "1.8.5-latest": "1.4.3",
    "1.8.5-recommended": "1.4.3",
    "1.8.4-latest": "1.4.3",
    "1.8.4-recommended": "1.4.3",
    "1.8.3-latest": "1.4.3",
    "1.8.3-recommended": "1.4.3",
    "1.8.2-latest": "1.4.3",
    "1.8.2-recommended": "1.4.3",
    "1.8.1-latest": "1.4.3",
    "1.8.1-recommended": "1.4.3",
    "1.8-latest": "1.4.3",
    "1.8-recommended": "1.4.3"
  }
}
[30Jul2026 00:21:32.581] [Forge Version Check/INFO] [net.minecraftforge.fml.VersionChecker/]: [ksyxis] Found status: UP_TO_DATE Current: 1.4.3 Target: null
[30Jul2026 00:21:32.581] [Forge Version Check/INFO] [net.minecraftforge.fml.VersionChecker/]: [unilib] Starting version check at https://raw.githubusercontent.com/CDAGaming/VersionLibrary/master/UniLib/update.json
[30Jul2026 00:21:32.587] [Forge Version Check/DEBUG] [net.minecraftforge.fml.VersionChecker/]: [unilib] Received version check data:
{
  "homepage": "https://www.curseforge.com/minecraft/mc-mods/unilib/files",
  "promos": {
    "26.2-latest": "v1.2.1",
    "26.2-recommended": "v1.2.1",
    "26.1.2-latest": "v1.2.1",
    "26.1.2-recommended": "v1.2.1",
    "26.1.1-latest": "v1.2.1",
    "26.1.1-recommended": "v1.2.1",
    "26.1-latest": "v1.2.1",
    "26.1-recommended": "v1.2.1",
    "1.21.11-latest": "v1.2.1",
    "1.21.11-recommended": "v1.2.1",
    "1.21.10-latest": "v1.2.1",
    "1.21.10-recommended": "v1.2.1",
    "1.21.9-latest": "v1.2.1",
    "1.21.9-recommended": "v1.2.1",
    "1.21.8-latest": "v1.2.1",
    "1.21.8-recommended": "v1.2.1",
    "1.21.7-latest": "v1.2.1",
    "1.21.7-recommended": "v1.2.1",
    "1.21.6-latest": "v1.2.1",
    "1.21.6-recommended": "v1.2.1",
    "1.21.5-latest": "v1.2.1",
    "1.21.5-recommended": "v1.2.1",
    "1.21.4-latest": "v1.2.1",
    "1.21.4-recommended": "v1.2.1",
    "1.21.3-latest": "v1.2.1",
    "1.21.3-recommended": "v1.2.1",
    "1.21.2-latest": "v1.2.1",
    "1.21.2-recommended": "v1.2.1",
    "1.21.1-latest": "v1.2.1",
    "1.21.1-recommended": "v1.2.1",
    "1.21-latest": "v1.2.1",
    "1.21-recommended": "v1.2.1",
    "1.20.6-latest": "v1.2.1",
    "1.20.6-recommended": "v1.2.1",
    "1.20.5-latest": "v1.2.1",
    "1.20.5-recommended": "v1.2.1",
    "1.20.4-latest": "v1.2.1",
    "1.20.4-recommended": "v1.2.1",
    "1.20.3-latest": "v1.2.1",
    "1.20.3-recommended": "v1.2.1",
    "1.20.2-latest": "v1.2.1",
    "1.20.2-recommended": "v1.2.1",
    "1.20.1-latest": "v1.2.1",
    "1.20.1-recommended": "v1.2.1",
    "1.20-latest": "v1.2.1",
    "1.20-recommended": "v1.2.1",
    "1.19.4-latest": "v1.2.1",
    "1.19.4-recommended": "v1.2.1",
    "1.19.3-latest": "v1.2.1",
    "1.19.3-recommended": "v1.2.1",
    "1.19.2-latest": "v1.2.1",
    "1.19.2-recommended": "v1.2.1",
    "1.19.1-latest": "v1.2.1",
    "1.19.1-recommended": "v1.2.1",
    "1.19-latest": "v1.2.1",
    "1.19-recommended": "v1.2.1",
    "1.18.2-latest": "v1.2.1",
    "1.18.2-recommended": "v1.2.1",
    "1.18.1-latest": "v1.2.1",
    "1.18.1-recommended": "v1.2.1",
    "1.18-latest": "v1.2.1",
    "1.18-recommended": "v1.2.1",
    "1.17.1-latest": "v1.2.1",
    "1.17.1-recommended": "v1.2.1",
    "1.17-latest": "v1.2.1",
    "1.17-recommended": "v1.2.1",
    "1.16.5-latest": "v1.2.1",
    "1.16.5-recommended": "v1.2.1",
    "1.16.4-latest": "v1.2.1",
    "1.16.4-recommended": "v1.2.1",
    "1.16.3-latest": "v1.2.1",
    "1.16.3-recommended": "v1.2.1",
    "1.16.2-latest": "v1.2.1",
    "1.16.2-recommended": "v1.2.1",
    "1.16.1-latest": "v1.2.1",
    "1.16.1-recommended": "v1.2.1",
    "1.16-latest": "v1.2.1",
    "1.16-recommended": "v1.2.1",
    "1.15.2-latest": "v1.2.1",
    "1.15.2-recommended": "v1.2.1",
    "1.15.1-latest": "v1.2.1",
    "1.15.1-recommended": "v1.2.1",
    "1.15-latest": "v1.2.1",
    "1.15-recommended": "v1.2.1",
    "1.14.4-latest": "v1.2.1",
    "1.14.4-recommended": "v1.2.1",
    "1.14.3-latest": "v1.2.1",
    "1.14.3-recommended": "v1.2.1",
    "1.14.2-latest": "v1.2.1",
    "1.14.2-recommended": "v1.2.1",
    "1.14.1-latest": "v1.2.1",
    "1.14.1-recommended": "v1.2.1",
    "1.14-latest": "v1.2.1",
    "1.14-recommended": "v1.2.1",
    "1.13.2-latest": "v1.2.1",
    "1.13.2-recommended": "v1.2.1",
    "1.12.2-latest": "v1.2.1",
    "1.12.2-recommended": "v1.2.1",
    "1.11.2-latest": "v1.2.1",
    "1.11.2-recommended": "v1.2.1",
    "1.10.2-latest": "v1.2.1",
    "1.10.2-recommended": "v1.2.1",
    "1.9.4-latest": "v1.2.1",
    "1.9.4-recommended": "v1.2.1",
    "1.8.9-latest": "v1.2.1",
    "1.8.9-recommended": "v1.2.1",
    "1.7.10-latest": "v1.2.1",
    "1.7.10-recommended": "v1.2.1",
    "1.6.4-latest": "v1.2.1",
    "1.6.4-recommended": "v1.2.1",
    "1.5.2-latest": "v1.2.1",
    "1.5.2-recommended": "v1.2.1",
    "1.4.7-latest": "v1.2.1",
    "1.4.7-recommended": "v1.2.1",
    "1.3.2-latest": "v1.2.1",
    "1.3.2-recommended": "v1.2.1",
    "1.2.5-latest": "v1.2.1",
    "1.2.5-recommended": "v1.2.1",
    "1.1-latest": "v1.2.1",
    "1.1-recommended": "v1.2.1",
    "1.0-latest": "v1.2.1",
    "1.0-recommended": "v1.2.1",
    "b1.8.1-latest": "v1.2.1",
    "b1.8.1-recommended": "v1.2.1",
    "b1.7.3-latest": "v1.2.1",
    "b1.7.3-recommended": "v1.2.1",
    "b1.6.6-latest": "v1.2.1",
    "b1.6.6-recommended": "v1.2.1",
    "b1.5_01-latest": "v1.2.1",
    "b1.5_01-recommended": "v1.2.1",
    "b1.4_01-latest": "v1.2.1",
    "b1.4_01-recommended": "v1.2.1",
    "b1.3_01-latest": "v1.2.1",
    "b1.3_01-recommended": "v1.2.1",
    "b1.2_02-latest": "v1.2.1",
    "b1.2_02-recommended": "v1.2.1",
    "b1.1_02-latest": "v1.2.1",
    "b1.1_02-recommended": "v1.2.1",
    "a1.2.6-latest": "v1.2.1",
    "a1.2.6-recommended": "v1.2.1",
    "a1.1.2_01-latest": "v1.2.1",
    "a1.1.2_01-recommended": "v1.2.1"
  },
  "26.2": {
    "v1.2.1": "Maintainer Update for v1.2.x users, featuring dependency updates"
  },
  "26.1.2": {
    "v1.2.1": "Maintainer Update for v1.2.x users, featuring dependency updates"
  },
  "26.1.1": {
    "v1.2.1": "Maintainer Update for v1.2.x users, featuring dependency updates"
  },
  "26.1": {
    "v1.2.1": "Maintainer Update for v1.2.x users, featuring dependency updates"
  },
  "1.21.11": {
    "v1.2.1": "Maintainer Update for v1.2.x users, featuring dependency updates",
    "v1.2.0": "Major Feature Update for v1.x users, featuring dependency updates and various API/UI patches from modern versions of Minecraft"
  },
  "1.21.10": {
    "v1.2.1": "Maintainer Update for v1.2.x users, featuring dependency updates",
    "v1.2.0": "Major Feature Update for v1.x users, featuring dependency updates and various API/UI patches from modern versions of Minecraft",
    "v1.1.1": "Maintainer Update for v1.1.x users, featuring dependency updates, bug-fixes for Neoforge 1.21.6+ and ReIndev, as well as the removal of native FlintMC support and merging Quilt ports with Fabric"
  },
  "1.21.9": {
    "v1.2.1": "Maintainer Update for v1.2.x users, featuring dependency updates",
    "v1.2.0": "Major Feature Update for v1.x users, featuring dependency updates and various API/UI patches from modern versions of Minecraft",
    "v1.1.1": "Maintainer Update for v1.1.x users, featuring dependency updates, bug-fixes for Neoforge 1.21.6+ and ReIndev, as well as the removal of native FlintMC support and merging Quilt ports with Fabric"
  },
  "1.21.8": {
    "v1.2.1": "Maintainer Update for v1.2.x users, featuring dependency updates",
    "v1.2.0": "Major Feature Update for v1.x users, featuring dependency updates and various API/UI patches from modern versions of Minecraft",
    "v1.1.1": "Maintainer Update for v1.1.x users, featuring dependency updates, bug-fixes for Neoforge 1.21.6+ and ReIndev, as well as the removal of native FlintMC support and merging Quilt ports with Fabric",
    "v1.1.0": "Major Feature Update for v1.x users, featuring dependency updates, API changes for Selector GUIs, and fixes several crashes related to early-loading and NeoForge API changes"
  },
  "1.21.7": {
    "v1.2.1": "Maintainer Update for v1.2.x users, featuring dependency updates",
    "v1.2.0": "Major Feature Update for v1.x users, featuring dependency updates and various API/UI patches from modern versions of Minecraft",
    "v1.1.1": "Maintainer Update for v1.1.x users, featuring dependency updates, bug-fixes for Neoforge 1.21.6+ and ReIndev, as well as the removal of native FlintMC support and merging Quilt ports with Fabric",
    "v1.1.0": "Major Feature Update for v1.x users, featuring dependency updates, API changes for Selector GUIs, and fixes several crashes related to early-loading and NeoForge API changes"
  },
  "1.21.6": {
    "v1.2.1": "Maintainer Update for v1.2.x users, featuring dependency updates",
    "v1.2.0": "Major Feature Update for v1.x users, featuring dependency updates and various API/UI patches from modern versions of Minecraft",
    "v1.1.1": "Maintainer Update for v1.1.x users, featuring dependency updates, bug-fixes for Neoforge 1.21.6+ and ReIndev, as well as the removal of native FlintMC support and merging Quilt ports with Fabric",
    "v1.1.0": "Major Feature Update for v1.x users, featuring dependency updates, API changes for Selector GUIs, and fixes several crashes related to early-loading and NeoForge API changes"
  },
  "1.21.5": {
    "v1.2.1": "Maintainer Update for v1.2.x users, featuring dependency updates",
    "v1.2.0": "Major Feature Update for v1.x users, featuring dependency updates and various API/UI patches from modern versions of Minecraft",
    "v1.1.1": "Maintainer Update for v1.1.x users, featuring dependency updates, bug-fixes for Neoforge 1.21.6+ and ReIndev, as well as the removal of native FlintMC support and merging Quilt ports with Fabric",
    "v1.1.0": "Major Feature Update for v1.x users, featuring dependency updates, API changes for Selector GUIs, and fixes several crashes related to early-loading and NeoForge API changes",
    "v1.0.6": "Minor Feature Update for v1.0.x users, featuring dependency updates, API fixes for Screen and Rendering utilities, and WebP support for ImageUtils APIs",
    "v1.0.5": "Minor Feature and Maintainer Updates for v1.0.x users, featuring dependency updates, as well as fixes for non-applet and Legacy Fabric users"
  },
  "1.21.4": {
    "v1.2.1": "Maintainer Update for v1.2.x users, featuring dependency updates",
    "v1.2.0": "Major Feature Update for v1.x users, featuring dependency updates and various API/UI patches from modern versions of Minecraft",
    "v1.1.1": "Maintainer Update for v1.1.x users, featuring dependency updates, bug-fixes for Neoforge 1.21.6+ and ReIndev, as well as the removal of native FlintMC support and merging Quilt ports with Fabric",
    "v1.1.0": "Major Feature Update for v1.x users, featuring dependency updates, API changes for Selector GUIs, and fixes several crashes related to early-loading and NeoForge API changes",
    "v1.0.6": "Minor Feature Update for v1.0.x users, featuring dependency updates, API fixes for Screen and Rendering utilities, and WebP support for ImageUtils APIs",
    "v1.0.5": "Minor Feature and Maintainer Updates for v1.0.x users, featuring dependency updates, as well as fixes for non-applet and Legacy Fabric users",
    "v1.0.4": "Minor Feature Updates for v1.0.x users, featuring dependency updates, and minor fixes for MC 1.14+"
  },
  "1.21.3": {
    "v1.2.1": "Maintainer Update for v1.2.x users, featuring dependency updates",
    "v1.2.0": "Major Feature Update for v1.x users, featuring dependency updates and various API/UI patches from modern versions of Minecraft",
    "v1.1.1": "Maintainer Update for v1.1.x users, featuring dependency updates, bug-fixes for Neoforge 1.21.6+ and ReIndev, as well as the removal of native FlintMC support and merging Quilt ports with Fabric",
    "v1.1.0": "Major Feature Update for v1.x users, featuring dependency updates, API changes for Selector GUIs, and fixes several crashes related to early-loading and NeoForge API changes",
    "v1.0.6": "Minor Feature Update for v1.0.x users, featuring dependency updates, API fixes for Screen and Rendering utilities, and WebP support for ImageUtils APIs",
    "v1.0.5": "Minor Feature and Maintainer Updates for v1.0.x users, featuring dependency updates, as well as fixes for non-applet and Legacy Fabric users",
    "v1.0.4": "Minor Feature Updates for v1.0.x users, featuring dependency updates, and minor fixes for MC 1.14+",
    "v1.0.3": "Minor Feature Updates for v1.0.x users, featuring dependency updates, and support for deprecated.json Translation APIs",
    "v1.0.2": "Quality-Of-Live Updates for v1.0.x users, featuring dependency updates, packaging improvements, and UI API refinements"
  },
  "1.21.2": {
    "v1.2.1": "Maintainer Update for v1.2.x users, featuring dependency updates",
    "v1.2.0": "Major Feature Update for v1.x users, featuring dependency updates and various API/UI patches from modern versions of Minecraft",
    "v1.1.1": "Maintainer Update for v1.1.x users, featuring dependency updates, bug-fixes for Neoforge 1.21.6+ and ReIndev, as well as the removal of native FlintMC support and merging Quilt ports with Fabric",
    "v1.1.0": "Major Feature Update for v1.x users, featuring dependency updates, API changes for Selector GUIs, and fixes several crashes related to early-loading and NeoForge API changes",
    "v1.0.6": "Minor Feature Update for v1.0.x users, featuring dependency updates, API fixes for Screen and Rendering utilities, and WebP support for ImageUtils APIs",
    "v1.0.5": "Minor Feature and Maintainer Updates for v1.0.x users, featuring dependency updates, as well as fixes for non-applet and Legacy Fabric users",
    "v1.0.4": "Minor Feature Updates for v1.0.x users, featuring dependency updates, and minor fixes for MC 1.14+",
    "v1.0.3": "Minor Feature Updates for v1.0.x users, featuring dependency updates, and support for deprecated.json Translation APIs",
    "v1.0.2": "Quality-Of-Live Updates for v1.0.x users, featuring dependency updates, packaging improvements, and UI API refinements"
  },
  "1.21.1": {
    "v1.2.1": "Maintainer Update for v1.2.x users, featuring dependency updates",
    "v1.2.0": "Major Feature Update for v1.x users, featuring dependency updates and various API/UI patches from modern versions of Minecraft",
    "v1.1.1": "Maintainer Update for v1.1.x users, featuring dependency updates, bug-fixes for Neoforge 1.21.6+ and ReIndev, as well as the removal of native FlintMC support and merging Quilt ports with Fabric",
    "v1.1.0": "Major Feature Update for v1.x users, featuring dependency updates, API changes for Selector GUIs, and fixes several crashes related to early-loading and NeoForge API changes",
    "v1.0.6": "Minor Feature Update for v1.0.x users, featuring dependency updates, API fixes for Screen and Rendering utilities, and WebP support for ImageUtils APIs",
    "v1.0.5": "Minor Feature and Maintainer Updates for v1.0.x users, featuring dependency updates, as well as fixes for non-applet and Legacy Fabric users",
    "v1.0.4": "Minor Feature Updates for v1.0.x users, featuring dependency updates, and minor fixes for MC 1.14+",
    "v1.0.3": "Minor Feature Updates for v1.0.x users, featuring dependency updates, and support for deprecated.json Translation APIs",
    "v1.0.2": "Quality-Of-Live Updates for v1.0.x users, featuring dependency updates, packaging improvements, and UI API refinements",
    "v1.0.1": "Day-One Hotfix release, addressing issues related to mod conflicts from shadowed dependencies",
    "v1.0.0": "Initial Release"
  },
  "1.21": {
    "v1.2.1": "Maintainer Update for v1.2.x users, featuring dependency updates",
    "v1.2.0": "Major Feature Update for v1.x users, featuring dependency updates and various API/UI patches from modern versions of Minecraft",
    "v1.1.1": "Maintainer Update for v1.1.x users, featuring dependency updates, bug-fixes for Neoforge 1.21.6+ and ReIndev, as well as the removal of native FlintMC support and merging Quilt ports with Fabric",
    "v1.1.0": "Major Feature Update for v1.x users, featuring dependency updates, API changes for Selector GUIs, and fixes several crashes related to early-loading and NeoForge API changes",
    "v1.0.6": "Minor Feature Update for v1.0.x users, featuring dependency updates, API fixes for Screen and Rendering utilities, and WebP support for ImageUtils APIs",
    "v1.0.5": "Minor Feature and Maintainer Updates for v1.0.x users, featuring dependency updates, as well as fixes for non-applet and Legacy Fabric users",
    "v1.0.4": "Minor Feature Updates for v1.0.x users, featuring dependency updates, and minor fixes for MC 1.14+",
    "v1.0.3": "Minor Feature Updates for v1.0.x users, featuring dependency updates, and support for deprecated.json Translation APIs",
    "v1.0.2": "Quality-Of-Live Updates for v1.0.x users, featuring dependency updates, packaging improvements, and UI API refinements",
    "v1.0.1": "Day-One Hotfix release, addressing issues related to mod conflicts from shadowed dependencies",
    "v1.0.0": "Initial Release"
  },
  "1.20.6": {
    "v1.2.1": "Maintainer Update for v1.2.x users, featuring dependency updates",
    "v1.2.0": "Major Feature Update for v1.x users, featuring dependency updates and various API/UI patches from modern versions of Minecraft",
    "v1.1.1": "Maintainer Update for v1.1.x users, featuring dependency updates, bug-fixes for Neoforge 1.21.6+ and ReIndev, as well as the removal of native FlintMC support and merging Quilt ports with Fabric",
    "v1.1.0": "Major Feature Update for v1.x users, featuring dependency updates, API changes for Selector GUIs, and fixes several crashes related to early-loading and NeoForge API changes",
    "v1.0.6": "Minor Feature Update for v1.0.x users, featuring dependency updates, API fixes for Screen and Rendering utilities, and WebP support for ImageUtils APIs",
    "v1.0.5": "Minor Feature and Maintainer Updates for v1.0.x users, featuring dependency updates, as well as fixes for non-applet and Legacy Fabric users",
    "v1.0.4": "Minor Feature Updates for v1.0.x users, featuring dependency updates, and minor fixes for MC 1.14+",
    "v1.0.3": "Minor Feature Updates for v1.0.x users, featuring dependency updates, and support for deprecated.json Translation APIs",
    "v1.0.2": "Quality-Of-Live Updates for v1.0.x users, featuring dependency updates, packaging improvements, and UI API refinements",
    "v1.0.1": "Day-One Hotfix release, addressing issues related to mod conflicts from shadowed dependencies",
    "v1.0.0": "Initial Release"
  },
  "1.20.5": {
    "v1.2.1": "Maintainer Update for v1.2.x users, featuring dependency updates",
    "v1.2.0": "Major Feature Update for v1.x users, featuring dependency updates and various API/UI patches from modern versions of Minecraft",
    "v1.1.1": "Maintainer Update for v1.1.x users, featuring dependency updates, bug-fixes for Neoforge 1.21.6+ and ReIndev, as well as the removal of native FlintMC support and merging Quilt ports with Fabric",
    "v1.1.0": "Major Feature Update for v1.x users, featuring dependency updates, API changes for Selector GUIs, and fixes several crashes related to early-loading and NeoForge API changes",
    "v1.0.6": "Minor Feature Update for v1.0.x users, featuring dependency updates, API fixes for Screen and Rendering utilities, and WebP support for ImageUtils APIs",
    "v1.0.5": "Minor Feature and Maintainer Updates for v1.0.x users, featuring dependency updates, as well as fixes for non-applet and Legacy Fabric users",
    "v1.0.4": "Minor Feature Updates for v1.0.x users, featuring dependency updates, and minor fixes for MC 1.14+",
    "v1.0.3": "Minor Feature Updates for v1.0.x users, featuring dependency updates, and support for deprecated.json Translation APIs",
    "v1.0.2": "Quality-Of-Live Updates for v1.0.x users, featuring dependency updates, packaging improvements, and UI API refinements",
    "v1.0.1": "Day-One Hotfix release, addressing issues related to mod conflicts from shadowed dependencies",
    "v1.0.0": "Initial Release"
  },
  "1.20.4": {
    "v1.2.1": "Maintainer Update for v1.2.x users, featuring dependency updates",
    "v1.2.0": "Major Feature Update for v1.x users, featuring dependency updates and various API/UI patches from modern versions of Minecraft",
    "v1.1.1": "Maintainer Update for v1.1.x users, featuring dependency updates, bug-fixes for Neoforge 1.21.6+ and ReIndev, as well as the removal of native FlintMC support and merging Quilt ports with Fabric",
    "v1.1.0": "Major Feature Update for v1.x users, featuring dependency updates, API changes for Selector GUIs, and fixes several crashes related to early-loading and NeoForge API changes",
    "v1.0.6": "Minor Feature Update for v1.0.x users, featuring dependency updates, API fixes for Screen and Rendering utilities, and WebP support for ImageUtils APIs",
    "v1.0.5": "Minor Feature and Maintainer Updates for v1.0.x users, featuring dependency updates, as well as fixes for non-applet and Legacy Fabric users",
    "v1.0.4": "Minor Feature Updates for v1.0.x users, featuring dependency updates, and minor fixes for MC 1.14+",
    "v1.0.3": "Minor Feature Updates for v1.0.x users, featuring dependency updates, and support for deprecated.json Translation APIs",
    "v1.0.2": "Quality-Of-Live Updates for v1.0.x users, featuring dependency updates, packaging improvements, and UI API refinements",
    "v1.0.1": "Day-One Hotfix release, addressing issues related to mod conflicts from shadowed dependencies",
    "v1.0.0": "Initial Release"
  },
  "1.20.3": {
    "v1.2.1": "Maintainer Update for v1.2.x users, featuring dependency updates",
    "v1.2.0": "Major Feature Update for v1.x users, featuring dependency updates and various API/UI patches from modern versions of Minecraft",
    "v1.1.1": "Maintainer Update for v1.1.x users, featuring dependency updates, bug-fixes for Neoforge 1.21.6+ and ReIndev, as well as the removal of native FlintMC support and merging Quilt ports with Fabric",
    "v1.1.0": "Major Feature Update for v1.x users, featuring dependency updates, API changes for Selector GUIs, and fixes several crashes related to early-loading and NeoForge API changes",
    "v1.0.6": "Minor Feature Update for v1.0.x users, featuring dependency updates, API fixes for Screen and Rendering utilities, and WebP support for ImageUtils APIs",
    "v1.0.5": "Minor Feature and Maintainer Updates for v1.0.x users, featuring dependency updates, as well as fixes for non-applet and Legacy Fabric users",
    "v1.0.4": "Minor Feature Updates for v1.0.x users, featuring dependency updates, and minor fixes for MC 1.14+",
    "v1.0.3": "Minor Feature Updates for v1.0.x users, featuring dependency updates, and support for deprecated.json Translation APIs",
    "v1.0.2": "Quality-Of-Live Updates for v1.0.x users, featuring dependency updates, packaging improvements, and UI API refinements",
    "v1.0.1": "Day-One Hotfix release, addressing issues related to mod conflicts from shadowed dependencies",
    "v1.0.0": "Initial Release"
  },
  "1.20.2": {
    "v1.2.1": "Maintainer Update for v1.2.x users, featuring dependency updates",
    "v1.2.0": "Major Feature Update for v1.x users, featuring dependency updates and various API/UI patches from modern versions of Minecraft",
    "v1.1.1": "Maintainer Update for v1.1.x users, featuring dependency updates, bug-fixes for Neoforge 1.21.6+ and ReIndev, as well as the removal of native FlintMC support and merging Quilt ports with Fabric",
    "v1.1.0": "Major Feature Update for v1.x users, featuring dependency updates, API changes for Selector GUIs, and fixes several crashes related to early-loading and NeoForge API changes",
    "v1.0.6": "Minor Feature Update for v1.0.x users, featuring dependency updates, API fixes for Screen and Rendering utilities, and WebP support for ImageUtils APIs",
    "v1.0.5": "Minor Feature and Maintainer Updates for v1.0.x users, featuring dependency updates, as well as fixes for non-applet and Legacy Fabric users",
    "v1.0.4": "Minor Feature Updates for v1.0.x users, featuring dependency updates, and minor fixes for MC 1.14+",
    "v1.0.3": "Minor Feature Updates for v1.0.x users, featuring dependency updates, and support for deprecated.json Translation APIs",
    "v1.0.2": "Quality-Of-Live Updates for v1.0.x users, featuring dependency updates, packaging improvements, and UI API refinements",
    "v1.0.1": "Day-One Hotfix release, addressing issues related to mod conflicts from shadowed dependencies",
    "v1.0.0": "Initial Release"
  },
  "1.20.1": {
    "v1.2.1": "Maintainer Update for v1.2.x users, featuring dependency updates",
    "v1.2.0": "Major Feature Update for v1.x users, featuring dependency updates and various API/UI patches from modern versions of Minecraft",
    "v1.1.1": "Maintainer Update for v1.1.x users, featuring dependency updates, bug-fixes for Neoforge 1.21.6+ and ReIndev, as well as the removal of native FlintMC support and merging Quilt ports with Fabric",
    "v1.1.0": "Major Feature Update for v1.x users, featuring dependency updates, API changes for Selector GUIs, and fixes several crashes related to early-loading and NeoForge API changes",
    "v1.0.6": "Minor Feature Update for v1.0.x users, featuring dependency updates, API fixes for Screen and Rendering utilities, and WebP support for ImageUtils APIs",
    "v1.0.5": "Minor Feature and Maintainer Updates for v1.0.x users, featuring dependency updates, as well as fixes for non-applet and Legacy Fabric users",
    "v1.0.4": "Minor Feature Updates for v1.0.x users, featuring dependency updates, and minor fixes for MC 1.14+",
    "v1.0.3": "Minor Feature Updates for v1.0.x users, featuring dependency updates, and support for deprecated.json Translation APIs",
    "v1.0.2": "Quality-Of-Live Updates for v1.0.x users, featuring dependency updates, packaging improvements, and UI API refinements",
    "v1.0.1": "Day-One Hotfix release, addressing issues related to mod conflicts from shadowed dependencies",
    "v1.0.0": "Initial Release"
  },
  "1.20": {
    "v1.2.1": "Maintainer Update for v1.2.x users, featuring dependency updates",
    "v1.2.0": "Major Feature Update for v1.x users, featuring dependency updates and various API/UI patches from modern versions of Minecraft",
    "v1.1.1": "Maintainer Update for v1.1.x users, featuring dependency updates, bug-fixes for Neoforge 1.21.6+ and ReIndev, as well as the removal of native FlintMC support and merging Quilt ports with Fabric",
    "v1.1.0": "Major Feature Update for v1.x users, featuring dependency updates, API changes for Selector GUIs, and fixes several crashes related to early-loading and NeoForge API changes",
    "v1.0.6": "Minor Feature Update for v1.0.x users, featuring dependency updates, API fixes for Screen and Rendering utilities, and WebP support for ImageUtils APIs",
    "v1.0.5": "Minor Feature and Maintainer Updates for v1.0.x users, featuring dependency updates, as well as fixes for non-applet and Legacy Fabric users",
    "v1.0.4": "Minor Feature Updates for v1.0.x users, featuring dependency updates, and minor fixes for MC 1.14+",
    "v1.0.3": "Minor Feature Updates for v1.0.x users, featuring dependency updates, and support for deprecated.json Translation APIs",
    "v1.0.2": "Quality-Of-Live Updates for v1.0.x users, featuring dependency updates, packaging improvements, and UI API refinements",
    "v1.0.1": "Day-One Hotfix release, addressing issues related to mod conflicts from shadowed dependencies",
    "v1.0.0": "Initial Release"
  },
  "1.19.4": {
    "v1.2.1": "Maintainer Update for v1.2.x users, featuring dependency updates",
    "v1.2.0": "Major Feature Update for v1.x users, featuring dependency updates and various API/UI patches from modern versions of Minecraft",
    "v1.1.1": "Maintainer Update for v1.1.x users, featuring dependency updates, bug-fixes for Neoforge 1.21.6+ and ReIndev, as well as the removal of native FlintMC support and merging Quilt ports with Fabric",
    "v1.1.0": "Major Feature Update for v1.x users, featuring dependency updates, API changes for Selector GUIs, and fixes several crashes related to early-loading and NeoForge API changes",
    "v1.0.6": "Minor Feature Update for v1.0.x users, featuring dependency updates, API fixes for Screen and Rendering utilities, and WebP support for ImageUtils APIs",
    "v1.0.5": "Minor Feature and Maintainer Updates for v1.0.x users, featuring dependency updates, as well as fixes for non-applet and Legacy Fabric users",
    "v1.0.4": "Minor Feature Updates for v1.0.x users, featuring dependency updates, and minor fixes for MC 1.14+",
    "v1.0.3": "Minor Feature Updates for v1.0.x users, featuring dependency updates, and support for deprecated.json Translation APIs",
    "v1.0.2": "Quality-Of-Live Updates for v1.0.x users, featuring dependency updates, packaging improvements, and UI API refinements",
    "v1.0.1": "Day-One Hotfix release, addressing issues related to mod conflicts from shadowed dependencies",
    "v1.0.0": "Initial Release"
  },
  "1.19.3": {
    "v1.2.1": "Maintainer Update for v1.2.x users, featuring dependency updates",
    "v1.2.0": "Major Feature Update for v1.x users, featuring dependency updates and various API/UI patches from modern versions of Minecraft",
    "v1.1.1": "Maintainer Update for v1.1.x users, featuring dependency updates, bug-fixes for Neoforge 1.21.6+ and ReIndev, as well as the removal of native FlintMC support and merging Quilt ports with Fabric",
    "v1.1.0": "Major Feature Update for v1.x users, featuring dependency updates, API changes for Selector GUIs, and fixes several crashes related to early-loading and NeoForge API changes",
    "v1.0.6": "Minor Feature Update for v1.0.x users, featuring dependency updates, API fixes for Screen and Rendering utilities, and WebP support for ImageUtils APIs",
    "v1.0.5": "Minor Feature and Maintainer Updates for v1.0.x users, featuring dependency updates, as well as fixes for non-applet and Legacy Fabric users",
    "v1.0.4": "Minor Feature Updates for v1.0.x users, featuring dependency updates, and minor fixes for MC 1.14+",
    "v1.0.3": "Minor Feature Updates for v1.0.x users, featuring dependency updates, and support for deprecated.json Translation APIs",
    "v1.0.2": "Quality-Of-Live Updates for v1.0.x users, featuring dependency updates, packaging improvements, and UI API refinements",
    "v1.0.1": "Day-One Hotfix release, addressing issues related to mod conflicts from shadowed dependencies",
    "v1.0.0": "Initial Release"
  },
  "1.19.2": {
    "v1.2.1": "Maintainer Update for v1.2.x users, featuring dependency updates",
    "v1.2.0": "Major Feature Update for v1.x users, featuring dependency updates and various API/UI patches from modern versions of Minecraft",
    "v1.1.1": "Maintainer Update for v1.1.x users, featuring dependency updates, bug-fixes for Neoforge 1.21.6+ and ReIndev, as well as the removal of native FlintMC support and merging Quilt ports with Fabric",
    "v1.1.0": "Major Feature Update for v1.x users, featuring dependency updates, API changes for Selector GUIs, and fixes several crashes related to early-loading and NeoForge API changes",
    "v1.0.6": "Minor Feature Update for v1.0.x users, featuring dependency updates, API fixes for Screen and Rendering utilities, and WebP support for ImageUtils APIs",
    "v1.0.5": "Minor Feature and Maintainer Updates for v1.0.x users, featuring dependency updates, as well as fixes for non-applet and Legacy Fabric users",
    "v1.0.4": "Minor Feature Updates for v1.0.x users, featuring dependency updates, and minor fixes for MC 1.14+",
    "v1.0.3": "Minor Feature Updates for v1.0.x users, featuring dependency updates, and support for deprecated.json Translation APIs",
    "v1.0.2": "Quality-Of-Live Updates for v1.0.x users, featuring dependency updates, packaging improvements, and UI API refinements",
    "v1.0.1": "Day-One Hotfix release, addressing issues related to mod conflicts from shadowed dependencies",
    "v1.0.0": "Initial Release"
  },
  "1.19.1": {
    "v1.2.1": "Maintainer Update for v1.2.x users, featuring dependency updates",
    "v1.2.0": "Major Feature Update for v1.x users, featuring dependency updates and various API/UI patches from modern versions of Minecraft",
    "v1.1.1": "Maintainer Update for v1.1.x users, featuring dependency updates, bug-fixes for Neoforge 1.21.6+ and ReIndev, as well as the removal of native FlintMC support and merging Quilt ports with Fabric",
    "v1.1.0": "Major Feature Update for v1.x users, featuring dependency updates, API changes for Selector GUIs, and fixes several crashes related to early-loading and NeoForge API changes",
    "v1.0.6": "Minor Feature Update for v1.0.x users, featuring dependency updates, API fixes for Screen and Rendering utilities, and WebP support for ImageUtils APIs",
    "v1.0.5": "Minor Feature and Maintainer Updates for v1.0.x users, featuring dependency updates, as well as fixes for non-applet and Legacy Fabric users",
    "v1.0.4": "Minor Feature Updates for v1.0.x users, featuring dependency updates, and minor fixes for MC 1.14+",
    "v1.0.3": "Minor Feature Updates for v1.0.x users, featuring dependency updates, and support for deprecated.json Translation APIs",
    "v1.0.2": "Quality-Of-Live Updates for v1.0.x users, featuring dependency updates, packaging improvements, and UI API refinements",
    "v1.0.1": "Day-One Hotfix release, addressing issues related to mod conflicts from shadowed dependencies",
    "v1.0.0": "Initial Release"
  },
  "1.19": {
    "v1.2.1": "Maintainer Update for v1.2.x users, featuring dependency updates",
    "v1.2.0": "Major Feature Update for v1.x users, featuring dependency updates and various API/UI patches from modern versions of Minecraft",
    "v1.1.1": "Maintainer Update for v1.1.x users, featuring dependency updates, bug-fixes for Neoforge 1.21.6+ and ReIndev, as well as the removal of native FlintMC support and merging Quilt ports with Fabric",
    "v1.1.0": "Major Feature Update for v1.x users, featuring dependency updates, API changes for Selector GUIs, and fixes several crashes related to early-loading and NeoForge API changes",
    "v1.0.6": "Minor Feature Update for v1.0.x users, featuring dependency updates, API fixes for Screen and Rendering utilities, and WebP support for ImageUtils APIs",
    "v1.0.5": "Minor Feature and Maintainer Updates for v1.0.x users, featuring dependency updates, as well as fixes for non-applet and Legacy Fabric users",
    "v1.0.4": "Minor Feature Updates for v1.0.x users, featuring dependency updates, and minor fixes for MC 1.14+",
    "v1.0.3": "Minor Feature Updates for v1.0.x users, featuring dependency updates, and support for deprecated.json Translation APIs",
    "v1.0.2": "Quality-Of-Live Updates for v1.0.x users, featuring dependency updates, packaging improvements, and UI API refinements",
    "v1.0.1": "Day-One Hotfix release, addressing issues related to mod conflicts from shadowed dependencies",
    "v1.0.0": "Initial Release"
  },
  "1.18.2": {
    "v1.2.1": "Maintainer Update for v1.2.x users, featuring dependency updates",
    "v1.2.0": "Major Feature Update for v1.x users, featuring dependency updates and various API/UI patches from modern versions of Minecraft",
    "v1.1.1": "Maintainer Update for v1.1.x users, featuring dependency updates, bug-fixes for Neoforge 1.21.6+ and ReIndev, as well as the removal of native FlintMC support and merging Quilt ports with Fabric",
    "v1.1.0": "Major Feature Update for v1.x users, featuring dependency updates, API changes for Selector GUIs, and fixes several crashes related to early-loading and NeoForge API changes",
    "v1.0.6": "Minor Feature Update for v1.0.x users, featuring dependency updates, API fixes for Screen and Rendering utilities, and WebP support for ImageUtils APIs",
    "v1.0.5": "Minor Feature and Maintainer Updates for v1.0.x users, featuring dependency updates, as well as fixes for non-applet and Legacy Fabric users",
    "v1.0.4": "Minor Feature Updates for v1.0.x users, featuring dependency updates, and minor fixes for MC 1.14+",
    "v1.0.3": "Minor Feature Updates for v1.0.x users, featuring dependency updates, and support for deprecated.json Translation APIs",
    "v1.0.2": "Quality-Of-Live Updates for v1.0.x users, featuring dependency updates, packaging improvements, and UI API refinements",
    "v1.0.1": "Day-One Hotfix release, addressing issues related to mod conflicts from shadowed dependencies",
    "v1.0.0": "Initial Release"
  },
  "1.18.1": {
    "v1.2.1": "Maintainer Update for v1.2.x users, featuring dependency updates",
    "v1.2.0": "Major Feature Update for v1.x users, featuring dependency updates and various API/UI patches from modern versions of Minecraft",
    "v1.1.1": "Maintainer Update for v1.1.x users, featuring dependency updates, bug-fixes for Neoforge 1.21.6+ and ReIndev, as well as the removal of native FlintMC support and merging Quilt ports with Fabric",
    "v1.1.0": "Major Feature Update for v1.x users, featuring dependency updates, API changes for Selector GUIs, and fixes several crashes related to early-loading and NeoForge API changes",
    "v1.0.6": "Minor Feature Update for v1.0.x users, featuring dependency updates, API fixes for Screen and Rendering utilities, and WebP support for ImageUtils APIs",
    "v1.0.5": "Minor Feature and Maintainer Updates for v1.0.x users, featuring dependency updates, as well as fixes for non-applet and Legacy Fabric users",
    "v1.0.4": "Minor Feature Updates for v1.0.x users, featuring dependency updates, and minor fixes for MC 1.14+",
    "v1.0.3": "Minor Feature Updates for v1.0.x users, featuring dependency updates, and support for deprecated.json Translation APIs",
    "v1.0.2": "Quality-Of-Live Updates for v1.0.x users, featuring dependency updates, packaging improvements, and UI API refinements",
    "v1.0.1": "Day-One Hotfix release, addressing issues related to mod conflicts from shadowed dependencies",
    "v1.0.0": "Initial Release"
  },
  "1.18": {
    "v1.2.1": "Maintainer Update for v1.2.x users, featuring dependency updates",
    "v1.2.0": "Major Feature Update for v1.x users, featuring dependency updates and various API/UI patches from modern versions of Minecraft",
    "v1.1.1": "Maintainer Update for v1.1.x users, featuring dependency updates, bug-fixes for Neoforge 1.21.6+ and ReIndev, as well as the removal of native FlintMC support and merging Quilt ports with Fabric",
    "v1.1.0": "Major Feature Update for v1.x users, featuring dependency updates, API changes for Selector GUIs, and fixes several crashes related to early-loading and NeoForge API changes",
    "v1.0.6": "Minor Feature Update for v1.0.x users, featuring dependency updates, API fixes for Screen and Rendering utilities, and WebP support for ImageUtils APIs",
    "v1.0.5": "Minor Feature and Maintainer Updates for v1.0.x users, featuring dependency updates, as well as fixes for non-applet and Legacy Fabric users",
    "v1.0.4": "Minor Feature Updates for v1.0.x users, featuring dependency updates, and minor fixes for MC 1.14+",
    "v1.0.3": "Minor Feature Updates for v1.0.x users, featuring dependency updates, and support for deprecated.json Translation APIs",
    "v1.0.2": "Quality-Of-Live Updates for v1.0.x users, featuring dependency updates, packaging improvements, and UI API refinements",
    "v1.0.1": "Day-One Hotfix release, addressing issues related to mod conflicts from shadowed dependencies",
    "v1.0.0": "Initial Release"
  },
  "1.17.1": {
    "v1.2.1": "Maintainer Update for v1.2.x users, featuring dependency updates",
    "v1.2.0": "Major Feature Update for v1.x users, featuring dependency updates and various API/UI patches from modern versions of Minecraft",
    "v1.1.1": "Maintainer Update for v1.1.x users, featuring dependency updates, bug-fixes for Neoforge 1.21.6+ and ReIndev, as well as the removal of native FlintMC support and merging Quilt ports with Fabric",
    "v1.1.0": "Major Feature Update for v1.x users, featuring dependency updates, API changes for Selector GUIs, and fixes several crashes related to early-loading and NeoForge API changes",
    "v1.0.6": "Minor Feature Update for v1.0.x users, featuring dependency updates, API fixes for Screen and Rendering utilities, and WebP support for ImageUtils APIs",
    "v1.0.5": "Minor Feature and Maintainer Updates for v1.0.x users, featuring dependency updates, as well as fixes for non-applet and Legacy Fabric users",
    "v1.0.4": "Minor Feature Updates for v1.0.x users, featuring dependency updates, and minor fixes for MC 1.14+",
    "v1.0.3": "Minor Feature Updates for v1.0.x users, featuring dependency updates, and support for deprecated.json Translation APIs",
    "v1.0.2": "Quality-Of-Live Updates for v1.0.x users, featuring dependency updates, packaging improvements, and UI API refinements",
    "v1.0.1": "Day-One Hotfix release, addressing issues related to mod conflicts from shadowed dependencies",
    "v1.0.0": "Initial Release"
  },
  "1.17": {
    "v1.2.1": "Maintainer Update for v1.2.x users, featuring dependency updates",
    "v1.2.0": "Major Feature Update for v1.x users, featuring dependency updates and various API/UI patches from modern versions of Minecraft",
    "v1.1.1": "Maintainer Update for v1.1.x users, featuring dependency updates, bug-fixes for Neoforge 1.21.6+ and ReIndev, as well as the removal of native FlintMC support and merging Quilt ports with Fabric",
    "v1.1.0": "Major Feature Update for v1.x users, featuring dependency updates, API changes for Selector GUIs, and fixes several crashes related to early-loading and NeoForge API changes",
    "v1.0.6": "Minor Feature Update for v1.0.x users, featuring dependency updates, API fixes for Screen and Rendering utilities, and WebP support for ImageUtils APIs",
    "v1.0.5": "Minor Feature and Maintainer Updates for v1.0.x users, featuring dependency updates, as well as fixes for non-applet and Legacy Fabric users",
    "v1.0.4": "Minor Feature Updates for v1.0.x users, featuring dependency updates, and minor fixes for MC 1.14+",
    "v1.0.3": "Minor Feature Updates for v1.0.x users, featuring dependency updates, and support for deprecated.json Translation APIs",
    "v1.0.2": "Quality-Of-Live Updates for v1.0.x users, featuring dependency updates, packaging improvements, and UI API refinements",
    "v1.0.1": "Day-One Hotfix release, addressing issues related to mod conflicts from shadowed dependencies",
    "v1.0.0": "Initial Release"
  },
  "1.16.5": {
    "v1.2.1": "Maintainer Update for v1.2.x users, featuring dependency updates",
    "v1.2.0": "Major Feature Update for v1.x users, featuring dependency updates and various API/UI patches from modern versions of Minecraft",
    "v1.1.1": "Maintainer Update for v1.1.x users, featuring dependency updates, bug-fixes for Neoforge 1.21.6+ and ReIndev, as well as the removal of native FlintMC support and merging Quilt ports with Fabric",
    "v1.1.0": "Major Feature Update for v1.x users, featuring dependency updates, API changes for Selector GUIs, and fixes several crashes related to early-loading and NeoForge API changes",
    "v1.0.6": "Minor Feature Update for v1.0.x users, featuring dependency updates, API fixes for Screen and Rendering utilities, and WebP support for ImageUtils APIs",
    "v1.0.5": "Minor Feature and Maintainer Updates for v1.0.x users, featuring dependency updates, as well as fixes for non-applet and Legacy Fabric users",
    "v1.0.4": "Minor Feature Updates for v1.0.x users, featuring dependency updates, and minor fixes for MC 1.14+",
    "v1.0.3": "Minor Feature Updates for v1.0.x users, featuring dependency updates, and support for deprecated.json Translation APIs",
    "v1.0.2": "Quality-Of-Live Updates for v1.0.x users, featuring dependency updates, packaging improvements, and UI API refinements",
    "v1.0.1": "Day-One Hotfix release, addressing issues related to mod conflicts from shadowed dependencies",
    "v1.0.0": "Initial Release"
  },
  "1.16.4": {
    "v1.2.1": "Maintainer Update for v1.2.x users, featuring dependency updates",
    "v1.2.0": "Major Feature Update for v1.x users, featuring dependency updates and various API/UI patches from modern versions of Minecraft",
    "v1.1.1": "Maintainer Update for v1.1.x users, featuring dependency updates, bug-fixes for Neoforge 1.21.6+ and ReIndev, as well as the removal of native FlintMC support and merging Quilt ports with Fabric",
    "v1.1.0": "Major Feature Update for v1.x users, featuring dependency updates, API changes for Selector GUIs, and fixes several crashes related to early-loading and NeoForge API changes",
    "v1.0.6": "Minor Feature Update for v1.0.x users, featuring dependency updates, API fixes for Screen and Rendering utilities, and WebP support for ImageUtils APIs",
    "v1.0.5": "Minor Feature and Maintainer Updates for v1.0.x users, featuring dependency updates, as well as fixes for non-applet and Legacy Fabric users",
    "v1.0.4": "Minor Feature Updates for v1.0.x users, featuring dependency updates, and minor fixes for MC 1.14+",
    "v1.0.3": "Minor Feature Updates for v1.0.x users, featuring dependency updates, and support for deprecated.json Translation APIs",
    "v1.0.2": "Quality-Of-Live Updates for v1.0.x users, featuring dependency updates, packaging improvements, and UI API refinements",
    "v1.0.1": "Day-One Hotfix release, addressing issues related to mod conflicts from shadowed dependencies",
    "v1.0.0": "Initial Release"
  },
  "1.16.3": {
    "v1.2.1": "Maintainer Update for v1.2.x users, featuring dependency updates",
    "v1.2.0": "Major Feature Update for v1.x users, featuring dependency updates and various API/UI patches from modern versions of Minecraft",
    "v1.1.1": "Maintainer Update for v1.1.x users, featuring dependency updates, bug-fixes for Neoforge 1.21.6+ and ReIndev, as well as the removal of native FlintMC support and merging Quilt ports with Fabric",
    "v1.1.0": "Major Feature Update for v1.x users, featuring dependency updates, API changes for Selector GUIs, and fixes several crashes related to early-loading and NeoForge API changes",
    "v1.0.6": "Minor Feature Update for v1.0.x users, featuring dependency updates, API fixes for Screen and Rendering utilities, and WebP support for ImageUtils APIs",
    "v1.0.5": "Minor Feature and Maintainer Updates for v1.0.x users, featuring dependency updates, as well as fixes for non-applet and Legacy Fabric users",
    "v1.0.4": "Minor Feature Updates for v1.0.x users, featuring dependency updates, and minor fixes for MC 1.14+",
    "v1.0.3": "Minor Feature Updates for v1.0.x users, featuring dependency updates, and support for deprecated.json Translation APIs",
    "v1.0.2": "Quality-Of-Live Updates for v1.0.x users, featuring dependency updates, packaging improvements, and UI API refinements",
    "v1.0.1": "Day-One Hotfix release, addressing issues related to mod conflicts from shadowed dependencies",
    "v1.0.0": "Initial Release"
  },
  "1.16.2": {
    "v1.2.1": "Maintainer Update for v1.2.x users, featuring dependency updates",
    "v1.2.0": "Major Feature Update for v1.x users, featuring dependency updates and various API/UI patches from modern versions of Minecraft",
    "v1.1.1": "Maintainer Update for v1.1.x users, featuring dependency updates, bug-fixes for Neoforge 1.21.6+ and ReIndev, as well as the removal of native FlintMC support and merging Quilt ports with Fabric",
    "v1.1.0": "Major Feature Update for v1.x users, featuring dependency updates, API changes for Selector GUIs, and fixes several crashes related to early-loading and NeoForge API changes",
    "v1.0.6": "Minor Feature Update for v1.0.x users, featuring dependency updates, API fixes for Screen and Rendering utilities, and WebP support for ImageUtils APIs",
    "v1.0.5": "Minor Feature and Maintainer Updates for v1.0.x users, featuring dependency updates, as well as fixes for non-applet and Legacy Fabric users",
    "v1.0.4": "Minor Feature Updates for v1.0.x users, featuring dependency updates, and minor fixes for MC 1.14+",
    "v1.0.3": "Minor Feature Updates for v1.0.x users, featuring dependency updates, and support for deprecated.json Translation APIs",
    "v1.0.2": "Quality-Of-Live Updates for v1.0.x users, featuring dependency updates, packaging improvements, and UI API refinements",
    "v1.0.1": "Day-One Hotfix release, addressing issues related to mod conflicts from shadowed dependencies",
    "v1.0.0": "Initial Release"
  },
  "1.16.1": {
    "v1.2.1": "Maintainer Update for v1.2.x users, featuring dependency updates",
    "v1.2.0": "Major Feature Update for v1.x users, featuring dependency updates and various API/UI patches from modern versions of Minecraft",
    "v1.1.1": "Maintainer Update for v1.1.x users, featuring dependency updates, bug-fixes for Neoforge 1.21.6+ and ReIndev, as well as the removal of native FlintMC support and merging Quilt ports with Fabric",
    "v1.1.0": "Major Feature Update for v1.x users, featuring dependency updates, API changes for Selector GUIs, and fixes several crashes related to early-loading and NeoForge API changes",
    "v1.0.6": "Minor Feature Update for v1.0.x users, featuring dependency updates, API fixes for Screen and Rendering utilities, and WebP support for ImageUtils APIs",
    "v1.0.5": "Minor Feature and Maintainer Updates for v1.0.x users, featuring dependency updates, as well as fixes for non-applet and Legacy Fabric users",
    "v1.0.4": "Minor Feature Updates for v1.0.x users, featuring dependency updates, and minor fixes for MC 1.14+",
    "v1.0.3": "Minor Feature Updates for v1.0.x users, featuring dependency updates, and support for deprecated.json Translation APIs",
    "v1.0.2": "Quality-Of-Live Updates for v1.0.x users, featuring dependency updates, packaging improvements, and UI API refinements",
    "v1.0.1": "Day-One Hotfix release, addressing issues related to mod conflicts from shadowed dependencies",
    "v1.0.0": "Initial Release"
  },
  "1.16": {
    "v1.2.1": "Maintainer Update for v1.2.x users, featuring dependency updates",
    "v1.2.0": "Major Feature Update for v1.x users, featuring dependency updates and various API/UI patches from modern versions of Minecraft",
    "v1.1.1": "Maintainer Update for v1.1.x users, featuring dependency updates, bug-fixes for Neoforge 1.21.6+ and ReIndev, as well as the removal of native FlintMC support and merging Quilt ports with Fabric",
    "v1.1.0": "Major Feature Update for v1.x users, featuring dependency updates, API changes for Selector GUIs, and fixes several crashes related to early-loading and NeoForge API changes",
    "v1.0.6": "Minor Feature Update for v1.0.x users, featuring dependency updates, API fixes for Screen and Rendering utilities, and WebP support for ImageUtils APIs",
    "v1.0.5": "Minor Feature and Maintainer Updates for v1.0.x users, featuring dependency updates, as well as fixes for non-applet and Legacy Fabric users",
    "v1.0.4": "Minor Feature Updates for v1.0.x users, featuring dependency updates, and minor fixes for MC 1.14+",
    "v1.0.3": "Minor Feature Updates for v1.0.x users, featuring dependency updates, and support for deprecated.json Translation APIs",
    "v1.0.2": "Quality-Of-Live Updates for v1.0.x users, featuring dependency updates, packaging improvements, and UI API refinements",
    "v1.0.1": "Day-One Hotfix release, addressing issues related to mod conflicts from shadowed dependencies",
    "v1.0.0": "Initial Release"
  },
  "1.15.2": {
    "v1.2.1": "Maintainer Update for v1.2.x users, featuring dependency updates",
    "v1.2.0": "Major Feature Update for v1.x users, featuring dependency updates and various API/UI patches from modern versions of Minecraft",
    "v1.1.1": "Maintainer Update for v1.1.x users, featuring dependency updates, bug-fixes for Neoforge 1.21.6+ and ReIndev, as well as the removal of native FlintMC support and merging Quilt ports with Fabric",
    "v1.1.0": "Major Feature Update for v1.x users, featuring dependency updates, API changes for Selector GUIs, and fixes several crashes related to early-loading and NeoForge API changes",
    "v1.0.6": "Minor Feature Update for v1.0.x users, featuring dependency updates, API fixes for Screen and Rendering utilities, and WebP support for ImageUtils APIs",
    "v1.0.5": "Minor Feature and Maintainer Updates for v1.0.x users, featuring dependency updates, as well as fixes for non-applet and Legacy Fabric users",
    "v1.0.4": "Minor Feature Updates for v1.0.x users, featuring dependency updates, and minor fixes for MC 1.14+",
    "v1.0.3": "Minor Feature Updates for v1.0.x users, featuring dependency updates, and support for deprecated.json Translation APIs",
    "v1.0.2": "Quality-Of-Live Updates for v1.0.x users, featuring dependency updates, packaging improvements, and UI API refinements",
    "v1.0.1": "Day-One Hotfix release, addressing issues related to mod conflicts from shadowed dependencies",
    "v1.0.0": "Initial Release"
  },
  "1.15.1": {
    "v1.2.1": "Maintainer Update for v1.2.x users, featuring dependency updates",
    "v1.2.0": "Major Feature Update for v1.x users, featuring dependency updates and various API/UI patches from modern versions of Minecraft",
    "v1.1.1": "Maintainer Update for v1.1.x users, featuring dependency updates, bug-fixes for Neoforge 1.21.6+ and ReIndev, as well as the removal of native FlintMC support and merging Quilt ports with Fabric",
    "v1.1.0": "Major Feature Update for v1.x users, featuring dependency updates, API changes for Selector GUIs, and fixes several crashes related to early-loading and NeoForge API changes",
    "v1.0.6": "Minor Feature Update for v1.0.x users, featuring dependency updates, API fixes for Screen and Rendering utilities, and WebP support for ImageUtils APIs",
    "v1.0.5": "Minor Feature and Maintainer Updates for v1.0.x users, featuring dependency updates, as well as fixes for non-applet and Legacy Fabric users",
    "v1.0.4": "Minor Feature Updates for v1.0.x users, featuring dependency updates, and minor fixes for MC 1.14+",
    "v1.0.3": "Minor Feature Updates for v1.0.x users, featuring dependency updates, and support for deprecated.json Translation APIs",
    "v1.0.2": "Quality-Of-Live Updates for v1.0.x users, featuring dependency updates, packaging improvements, and UI API refinements",
    "v1.0.1": "Day-One Hotfix release, addressing issues related to mod conflicts from shadowed dependencies",
    "v1.0.0": "Initial Release"
  },
  "1.15": {
    "v1.2.1": "Maintainer Update for v1.2.x users, featuring dependency updates",
    "v1.2.0": "Major Feature Update for v1.x users, featuring dependency updates and various API/UI patches from modern versions of Minecraft",
    "v1.1.1": "Maintainer Update for v1.1.x users, featuring dependency updates, bug-fixes for Neoforge 1.21.6+ and ReIndev, as well as the removal of native FlintMC support and merging Quilt ports with Fabric",
    "v1.1.0": "Major Feature Update for v1.x users, featuring dependency updates, API changes for Selector GUIs, and fixes several crashes related to early-loading and NeoForge API changes",
    "v1.0.6": "Minor Feature Update for v1.0.x users, featuring dependency updates, API fixes for Screen and Rendering utilities, and WebP support for ImageUtils APIs",
    "v1.0.5": "Minor Feature and Maintainer Updates for v1.0.x users, featuring dependency updates, as well as fixes for non-applet and Legacy Fabric users",
    "v1.0.4": "Minor Feature Updates for v1.0.x users, featuring dependency updates, and minor fixes for MC 1.14+",
    "v1.0.3": "Minor Feature Updates for v1.0.x users, featuring dependency updates, and support for deprecated.json Translation APIs",
    "v1.0.2": "Quality-Of-Live Updates for v1.0.x users, featuring dependency updates, packaging improvements, and UI API refinements",
    "v1.0.1": "Day-One Hotfix release, addressing issues related to mod conflicts from shadowed dependencies",
    "v1.0.0": "Initial Release"
  },
  "1.14.4": {
    "v1.2.1": "Maintainer Update for v1.2.x users, featuring dependency updates",
    "v1.2.0": "Major Feature Update for v1.x users, featuring dependency updates and various API/UI patches from modern versions of Minecraft",
    "v1.1.1": "Maintainer Update for v1.1.x users, featuring dependency updates, bug-fixes for Neoforge 1.21.6+ and ReIndev, as well as the removal of native FlintMC support and merging Quilt ports with Fabric",
    "v1.1.0": "Major Feature Update for v1.x users, featuring dependency updates, API changes for Selector GUIs, and fixes several crashes related to early-loading and NeoForge API changes",
    "v1.0.6": "Minor Feature Update for v1.0.x users, featuring dependency updates, API fixes for Screen and Rendering utilities, and WebP support for ImageUtils APIs",
    "v1.0.5": "Minor Feature and Maintainer Updates for v1.0.x users, featuring dependency updates, as well as fixes for non-applet and Legacy Fabric users",
    "v1.0.4": "Minor Feature Updates for v1.0.x users, featuring dependency updates, and minor fixes for MC 1.14+",
    "v1.0.3": "Minor Feature Updates for v1.0.x users, featuring dependency updates, and support for deprecated.json Translation APIs",
    "v1.0.2": "Quality-Of-Live Updates for v1.0.x users, featuring dependency updates, packaging improvements, and UI API refinements",
    "v1.0.1": "Day-One Hotfix release, addressing issues related to mod conflicts from shadowed dependencies",
    "v1.0.0": "Initial Release"
  },
  "1.14.3": {
    "v1.2.1": "Maintainer Update for v1.2.x users, featuring dependency updates",
    "v1.2.0": "Major Feature Update for v1.x users, featuring dependency updates and various API/UI patches from modern versions of Minecraft",
    "v1.1.1": "Maintainer Update for v1.1.x users, featuring dependency updates, bug-fixes for Neoforge 1.21.6+ and ReIndev, as well as the removal of native FlintMC support and merging Quilt ports with Fabric",
    "v1.1.0": "Major Feature Update for v1.x users, featuring dependency updates, API changes for Selector GUIs, and fixes several crashes related to early-loading and NeoForge API changes",
    "v1.0.6": "Minor Feature Update for v1.0.x users, featuring dependency updates, API fixes for Screen and Rendering utilities, and WebP support for ImageUtils APIs",
    "v1.0.5": "Minor Feature and Maintainer Updates for v1.0.x users, featuring dependency updates, as well as fixes for non-applet and Legacy Fabric users",
    "v1.0.4": "Minor Feature Updates for v1.0.x users, featuring dependency updates, and minor fixes for MC 1.14+",
    "v1.0.3": "Minor Feature Updates for v1.0.x users, featuring dependency updates, and support for deprecated.json Translation APIs",
    "v1.0.2": "Quality-Of-Live Updates for v1.0.x users, featuring dependency updates, packaging improvements, and UI API refinements",
    "v1.0.1": "Day-One Hotfix release, addressing issues related to mod conflicts from shadowed dependencies",
    "v1.0.0": "Initial Release"
  },
  "1.14.2": {
    "v1.2.1": "Maintainer Update for v1.2.x users, featuring dependency updates",
    "v1.2.0": "Major Feature Update for v1.x users, featuring dependency updates and various API/UI patches from modern versions of Minecraft",
    "v1.1.1": "Maintainer Update for v1.1.x users, featuring dependency updates, bug-fixes for Neoforge 1.21.6+ and ReIndev, as well as the removal of native FlintMC support and merging Quilt ports with Fabric",
    "v1.1.0": "Major Feature Update for v1.x users, featuring dependency updates, API changes for Selector GUIs, and fixes several crashes related to early-loading and NeoForge API changes",
    "v1.0.6": "Minor Feature Update for v1.0.x users, featuring dependency updates, API fixes for Screen and Rendering utilities, and WebP support for ImageUtils APIs",
    "v1.0.5": "Minor Feature and Maintainer Updates for v1.0.x users, featuring dependency updates, as well as fixes for non-applet and Legacy Fabric users",
    "v1.0.4": "Minor Feature Updates for v1.0.x users, featuring dependency updates, and minor fixes for MC 1.14+",
    "v1.0.3": "Minor Feature Updates for v1.0.x users, featuring dependency updates, and support for deprecated.json Translation APIs",
    "v1.0.2": "Quality-Of-Live Updates for v1.0.x users, featuring dependency updates, packaging improvements, and UI API refinements",
    "v1.0.1": "Day-One Hotfix release, addressing issues related to mod conflicts from shadowed dependencies",
    "v1.0.0": "Initial Release"
  },
  "1.14.1": {
    "v1.2.1": "Maintainer Update for v1.2.x users, featuring dependency updates",
    "v1.2.0": "Major Feature Update for v1.x users, featuring dependency updates and various API/UI patches from modern versions of Minecraft",
    "v1.1.1": "Maintainer Update for v1.1.x users, featuring dependency updates, bug-fixes for Neoforge 1.21.6+ and ReIndev, as well as the removal of native FlintMC support and merging Quilt ports with Fabric",
    "v1.1.0": "Major Feature Update for v1.x users, featuring dependency updates, API changes for Selector GUIs, and fixes several crashes related to early-loading and NeoForge API changes",
    "v1.0.6": "Minor Feature Update for v1.0.x users, featuring dependency updates, API fixes for Screen and Rendering utilities, and WebP support for ImageUtils APIs",
    "v1.0.5": "Minor Feature and Maintainer Updates for v1.0.x users, featuring dependency updates, as well as fixes for non-applet and Legacy Fabric users",
    "v1.0.4": "Minor Feature Updates for v1.0.x users, featuring dependency updates, and minor fixes for MC 1.14+",
    "v1.0.3": "Minor Feature Updates for v1.0.x users, featuring dependency updates, and support for deprecated.json Translation APIs",
    "v1.0.2": "Quality-Of-Live Updates for v1.0.x users, featuring dependency updates, packaging improvements, and UI API refinements",
    "v1.0.1": "Day-One Hotfix release, addressing issues related to mod conflicts from shadowed dependencies",
    "v1.0.0": "Initial Release"
  },
  "1.14": {
    "v1.2.1": "Maintainer Update for v1.2.x users, featuring dependency updates",
    "v1.2.0": "Major Feature Update for v1.x users, featuring dependency updates and various API/UI patches from modern versions of Minecraft",
    "v1.1.1": "Maintainer Update for v1.1.x users, featuring dependency updates, bug-fixes for Neoforge 1.21.6+ and ReIndev, as well as the removal of native FlintMC support and merging Quilt ports with Fabric",
    "v1.1.0": "Major Feature Update for v1.x users, featuring dependency updates, API changes for Selector GUIs, and fixes several crashes related to early-loading and NeoForge API changes",
    "v1.0.6": "Minor Feature Update for v1.0.x users, featuring dependency updates, API fixes for Screen and Rendering utilities, and WebP support for ImageUtils APIs",
    "v1.0.5": "Minor Feature and Maintainer Updates for v1.0.x users, featuring dependency updates, as well as fixes for non-applet and Legacy Fabric users",
    "v1.0.4": "Minor Feature Updates for v1.0.x users, featuring dependency updates, and minor fixes for MC 1.14+",
    "v1.0.3": "Minor Feature Updates for v1.0.x users, featuring dependency updates, and support for deprecated.json Translation APIs",
    "v1.0.2": "Quality-Of-Live Updates for v1.0.x users, featuring dependency updates, packaging improvements, and UI API refinements",
    "v1.0.1": "Day-One Hotfix release, addressing issues related to mod conflicts from shadowed dependencies",
    "v1.0.0": "Initial Release"
  },
  "1.13.2": {
    "v1.2.1": "Maintainer Update for v1.2.x users, featuring dependency updates",
    "v1.2.0": "Major Feature Update for v1.x users, featuring dependency updates and various API/UI patches from modern versions of Minecraft",
    "v1.1.1": "Maintainer Update for v1.1.x users, featuring dependency updates, bug-fixes for Neoforge 1.21.6+ and ReIndev, as well as the removal of native FlintMC support and merging Quilt ports with Fabric",
    "v1.1.0": "Major Feature Update for v1.x users, featuring dependency updates, API changes for Selector GUIs, and fixes several crashes related to early-loading and NeoForge API changes",
    "v1.0.6": "Minor Feature Update for v1.0.x users, featuring dependency updates, API fixes for Screen and Rendering utilities, and WebP support for ImageUtils APIs",
    "v1.0.5": "Minor Feature and Maintainer Updates for v1.0.x users, featuring dependency updates, as well as fixes for non-applet and Legacy Fabric users",
    "v1.0.4": "Minor Feature Updates for v1.0.x users, featuring dependency updates, and minor fixes for MC 1.14+",
    "v1.0.3": "Minor Feature Updates for v1.0.x users, featuring dependency updates, and support for deprecated.json Translation APIs",
    "v1.0.2": "Quality-Of-Live Updates for v1.0.x users, featuring dependency updates, packaging improvements, and UI API refinements",
    "v1.0.1": "Day-One Hotfix release, addressing issues related to mod conflicts from shadowed dependencies",
    "v1.0.0": "Initial Release"
  },
  "1.12.2": {
    "v1.2.1": "Maintainer Update for v1.2.x users, featuring dependency updates",
    "v1.2.0": "Major Feature Update for v1.x users, featuring dependency updates and various API/UI patches from modern versions of Minecraft",
    "v1.1.1": "Maintainer Update for v1.1.x users, featuring dependency updates, bug-fixes for Neoforge 1.21.6+ and ReIndev, as well as the removal of native FlintMC support and merging Quilt ports with Fabric",
    "v1.1.0": "Major Feature Update for v1.x users, featuring dependency updates, API changes for Selector GUIs, and fixes several crashes related to early-loading and NeoForge API changes",
    "v1.0.6": "Minor Feature Update for v1.0.x users, featuring dependency updates, API fixes for Screen and Rendering utilities, and WebP support for ImageUtils APIs",
    "v1.0.5": "Minor Feature and Maintainer Updates for v1.0.x users, featuring dependency updates, as well as fixes for non-applet and Legacy Fabric users",
    "v1.0.4": "Minor Feature Updates for v1.0.x users, featuring dependency updates, and minor fixes for MC 1.14+",
    "v1.0.3": "Minor Feature Updates for v1.0.x users, featuring dependency updates, and support for deprecated.json Translation APIs",
    "v1.0.2": "Quality-Of-Live Updates for v1.0.x users, featuring dependency updates, packaging improvements, and UI API refinements",
    "v1.0.1": "Day-One Hotfix release, addressing issues related to mod conflicts from shadowed dependencies",
    "v1.0.0": "Initial Release"
  },
  "1.11.2": {
    "v1.2.1": "Maintainer Update for v1.2.x users, featuring dependency updates",
    "v1.2.0": "Major Feature Update for v1.x users, featuring dependency updates and various API/UI patches from modern versions of Minecraft",
    "v1.1.1": "Maintainer Update for v1.1.x users, featuring dependency updates, bug-fixes for Neoforge 1.21.6+ and ReIndev, as well as the removal of native FlintMC support and merging Quilt ports with Fabric",
    "v1.1.0": "Major Feature Update for v1.x users, featuring dependency updates, API changes for Selector GUIs, and fixes several crashes related to early-loading and NeoForge API changes",
    "v1.0.6": "Minor Feature Update for v1.0.x users, featuring dependency updates, API fixes for Screen and Rendering utilities, and WebP support for ImageUtils APIs",
    "v1.0.5": "Minor Feature and Maintainer Updates for v1.0.x users, featuring dependency updates, as well as fixes for non-applet and Legacy Fabric users",
    "v1.0.4": "Minor Feature Updates for v1.0.x users, featuring dependency updates, and minor fixes for MC 1.14+",
    "v1.0.3": "Minor Feature Updates for v1.0.x users, featuring dependency updates, and support for deprecated.json Translation APIs",
    "v1.0.2": "Quality-Of-Live Updates for v1.0.x users, featuring dependency updates, packaging improvements, and UI API refinements",
    "v1.0.1": "Day-One Hotfix release, addressing issues related to mod conflicts from shadowed dependencies",
    "v1.0.0": "Initial Release"
  },
  "1.10.2": {
    "v1.2.1": "Maintainer Update for v1.2.x users, featuring dependency updates",
    "v1.2.0": "Major Feature Update for v1.x users, featuring dependency updates and various API/UI patches from modern versions of Minecraft",
    "v1.1.1": "Maintainer Update for v1.1.x users, featuring dependency updates, bug-fixes for Neoforge 1.21.6+ and ReIndev, as well as the removal of native FlintMC support and merging Quilt ports with Fabric",
    "v1.1.0": "Major Feature Update for v1.x users, featuring dependency updates, API changes for Selector GUIs, and fixes several crashes related to early-loading and NeoForge API changes",
    "v1.0.6": "Minor Feature Update for v1.0.x users, featuring dependency updates, API fixes for Screen and Rendering utilities, and WebP support for ImageUtils APIs",
    "v1.0.5": "Minor Feature and Maintainer Updates for v1.0.x users, featuring dependency updates, as well as fixes for non-applet and Legacy Fabric users",
    "v1.0.4": "Minor Feature Updates for v1.0.x users, featuring dependency updates, and minor fixes for MC 1.14+",
    "v1.0.3": "Minor Feature Updates for v1.0.x users, featuring dependency updates, and support for deprecated.json Translation APIs",
    "v1.0.2": "Quality-Of-Live Updates for v1.0.x users, featuring dependency updates, packaging improvements, and UI API refinements",
    "v1.0.1": "Day-One Hotfix release, addressing issues related to mod conflicts from shadowed dependencies",
    "v1.0.0": "Initial Release"
  },
  "1.9.4": {
    "v1.2.1": "Maintainer Update for v1.2.x users, featuring dependency updates",
    "v1.2.0": "Major Feature Update for v1.x users, featuring dependency updates and various API/UI patches from modern versions of Minecraft",
    "v1.1.1": "Maintainer Update for v1.1.x users, featuring dependency updates, bug-fixes for Neoforge 1.21.6+ and ReIndev, as well as the removal of native FlintMC support and merging Quilt ports with Fabric",
    "v1.1.0": "Major Feature Update for v1.x users, featuring dependency updates, API changes for Selector GUIs, and fixes several crashes related to early-loading and NeoForge API changes",
    "v1.0.6": "Minor Feature Update for v1.0.x users, featuring dependency updates, API fixes for Screen and Rendering utilities, and WebP support for ImageUtils APIs",
    "v1.0.5": "Minor Feature and Maintainer Updates for v1.0.x users, featuring dependency updates, as well as fixes for non-applet and Legacy Fabric users",
    "v1.0.4": "Minor Feature Updates for v1.0.x users, featuring dependency updates, and minor fixes for MC 1.14+",
    "v1.0.3": "Minor Feature Updates for v1.0.x users, featuring dependency updates, and support for deprecated.json Translation APIs",
    "v1.0.2": "Quality-Of-Live Updates for v1.0.x users, featuring dependency updates, packaging improvements, and UI API refinements",
    "v1.0.1": "Day-One Hotfix release, addressing issues related to mod conflicts from shadowed dependencies",
    "v1.0.0": "Initial Release"
  },
  "1.8.9": {
    "v1.2.1": "Maintainer Update for v1.2.x users, featuring dependency updates",
    "v1.2.0": "Major Feature Update for v1.x users, featuring dependency updates and various API/UI patches from modern versions of Minecraft",
    "v1.1.1": "Maintainer Update for v1.1.x users, featuring dependency updates, bug-fixes for Neoforge 1.21.6+ and ReIndev, as well as the removal of native FlintMC support and merging Quilt ports with Fabric",
    "v1.1.0": "Major Feature Update for v1.x users, featuring dependency updates, API changes for Selector GUIs, and fixes several crashes related to early-loading and NeoForge API changes",
    "v1.0.6": "Minor Feature Update for v1.0.x users, featuring dependency updates, API fixes for Screen and Rendering utilities, and WebP support for ImageUtils APIs",
    "v1.0.5": "Minor Feature and Maintainer Updates for v1.0.x users, featuring dependency updates, as well as fixes for non-applet and Legacy Fabric users",
    "v1.0.4": "Minor Feature Updates for v1.0.x users, featuring dependency updates, and minor fixes for MC 1.14+",
    "v1.0.3": "Minor Feature Updates for v1.0.x users, featuring dependency updates, and support for deprecated.json Translation APIs",
    "v1.0.2": "Quality-Of-Live Updates for v1.0.x users, featuring dependency updates, packaging improvements, and UI API refinements",
    "v1.0.1": "Day-One Hotfix release, addressing issues related to mod conflicts from shadowed dependencies",
    "v1.0.0": "Initial Release"
  },
  "1.7.10": {
    "v1.2.1": "Maintainer Update for v1.2.x users, featuring dependency updates",
    "v1.2.0": "Major Feature Update for v1.x users, featuring dependency updates and various API/UI patches from modern versions of Minecraft",
    "v1.1.1": "Maintainer Update for v1.1.x users, featuring dependency updates, bug-fixes for Neoforge 1.21.6+ and ReIndev, as well as the removal of native FlintMC support and merging Quilt ports with Fabric",
    "v1.1.0": "Major Feature Update for v1.x users, featuring dependency updates, API changes for Selector GUIs, and fixes several crashes related to early-loading and NeoForge API changes",
    "v1.0.6": "Minor Feature Update for v1.0.x users, featuring dependency updates, API fixes for Screen and Rendering utilities, and WebP support for ImageUtils APIs",
    "v1.0.5": "Minor Feature and Maintainer Updates for v1.0.x users, featuring dependency updates, as well as fixes for non-applet and Legacy Fabric users",
    "v1.0.4": "Minor Feature Updates for v1.0.x users, featuring dependency updates, and minor fixes for MC 1.14+",
    "v1.0.3": "Minor Feature Updates for v1.0.x users, featuring dependency updates, and support for deprecated.json Translation APIs",
    "v1.0.2": "Quality-Of-Live Updates for v1.0.x users, featuring dependency updates, packaging improvements, and UI API refinements",
    "v1.0.1": "Day-One Hotfix release, addressing issues related to mod conflicts from shadowed dependencies",
    "v1.0.0": "Initial Release"
  },
  "1.6.4": {
    "v1.2.1": "Maintainer Update for v1.2.x users, featuring dependency updates",
    "v1.2.0": "Major Feature Update for v1.x users, featuring dependency updates and various API/UI patches from modern versions of Minecraft",
    "v1.1.1": "Maintainer Update for v1.1.x users, featuring dependency updates, bug-fixes for Neoforge 1.21.6+ and ReIndev, as well as the removal of native FlintMC support and merging Quilt ports with Fabric",
    "v1.1.0": "Major Feature Update for v1.x users, featuring dependency updates, API changes for Selector GUIs, and fixes several crashes related to early-loading and NeoForge API changes",
    "v1.0.6": "Minor Feature Update for v1.0.x users, featuring dependency updates, API fixes for Screen and Rendering utilities, and WebP support for ImageUtils APIs",
    "v1.0.5": "Minor Feature and Maintainer Updates for v1.0.x users, featuring dependency updates, as well as fixes for non-applet and Legacy Fabric users",
    "v1.0.4": "Minor Feature Updates for v1.0.x users, featuring dependency updates, and minor fixes for MC 1.14+",
    "v1.0.3": "Minor Feature Updates for v1.0.x users, featuring dependency updates, and support for deprecated.json Translation APIs",
    "v1.0.2": "Quality-Of-Live Updates for v1.0.x users, featuring dependency updates, packaging improvements, and UI API refinements",
    "v1.0.1": "Day-One Hotfix release, addressing issues related to mod conflicts from shadowed dependencies",
    "v1.0.0": "Initial Release"
  },
  "1.5.2": {
    "v1.2.1": "Maintainer Update for v1.2.x users, featuring dependency updates",
    "v1.2.0": "Major Feature Update for v1.x users, featuring dependency updates and various API/UI patches from modern versions of Minecraft",
    "v1.1.1": "Maintainer Update for v1.1.x users, featuring dependency updates, bug-fixes for Neoforge 1.21.6+ and ReIndev, as well as the removal of native FlintMC support and merging Quilt ports with Fabric",
    "v1.1.0": "Major Feature Update for v1.x users, featuring dependency updates, API changes for Selector GUIs, and fixes several crashes related to early-loading and NeoForge API changes",
    "v1.0.6": "Minor Feature Update for v1.0.x users, featuring dependency updates, API fixes for Screen and Rendering utilities, and WebP support for ImageUtils APIs",
    "v1.0.5": "Minor Feature and Maintainer Updates for v1.0.x users, featuring dependency updates, as well as fixes for non-applet and Legacy Fabric users",
    "v1.0.4": "Minor Feature Updates for v1.0.x users, featuring dependency updates, and minor fixes for MC 1.14+",
    "v1.0.3": "Minor Feature Updates for v1.0.x users, featuring dependency updates, and support for deprecated.json Translation APIs",
    "v1.0.2": "Quality-Of-Live Updates for v1.0.x users, featuring dependency updates, packaging improvements, and UI API refinements",
    "v1.0.1": "Day-One Hotfix release, addressing issues related to mod conflicts from shadowed dependencies",
    "v1.0.0": "Initial Release"
  },
  "1.4.7": {
    "v1.2.1": "Maintainer Update for v1.2.x users, featuring dependency updates",
    "v1.2.0": "Major Feature Update for v1.x users, featuring dependency updates and various API/UI patches from modern versions of Minecraft",
    "v1.1.1": "Maintainer Update for v1.1.x users, featuring dependency updates, bug-fixes for Neoforge 1.21.6+ and ReIndev, as well as the removal of native FlintMC support and merging Quilt ports with Fabric",
    "v1.1.0": "Major Feature Update for v1.x users, featuring dependency updates, API changes for Selector GUIs, and fixes several crashes related to early-loading and NeoForge API changes",
    "v1.0.6": "Minor Feature Update for v1.0.x users, featuring dependency updates, API fixes for Screen and Rendering utilities, and WebP support for ImageUtils APIs",
    "v1.0.5": "Minor Feature and Maintainer Updates for v1.0.x users, featuring dependency updates, as well as fixes for non-applet and Legacy Fabric users",
    "v1.0.4": "Minor Feature Updates for v1.0.x users, featuring dependency updates, and minor fixes for MC 1.14+",
    "v1.0.3": "Minor Feature Updates for v1.0.x users, featuring dependency updates, and support for deprecated.json Translation APIs",
    "v1.0.2": "Quality-Of-Live Updates for v1.0.x users, featuring dependency updates, packaging improvements, and UI API refinements",
    "v1.0.1": "Day-One Hotfix release, addressing issues related to mod conflicts from shadowed dependencies",
    "v1.0.0": "Initial Release"
  },
  "1.3.2": {
    "v1.2.1": "Maintainer Update for v1.2.x users, featuring dependency updates",
    "v1.2.0": "Major Feature Update for v1.x users, featuring dependency updates and various API/UI patches from modern versions of Minecraft",
    "v1.1.1": "Maintainer Update for v1.1.x users, featuring dependency updates, bug-fixes for Neoforge 1.21.6+ and ReIndev, as well as the removal of native FlintMC support and merging Quilt ports with Fabric",
    "v1.1.0": "Major Feature Update for v1.x users, featuring dependency updates, API changes for Selector GUIs, and fixes several crashes related to early-loading and NeoForge API changes",
    "v1.0.6": "Minor Feature Update for v1.0.x users, featuring dependency updates, API fixes for Screen and Rendering utilities, and WebP support for ImageUtils APIs",
    "v1.0.5": "Minor Feature and Maintainer Updates for v1.0.x users, featuring dependency updates, as well as fixes for non-applet and Legacy Fabric users",
    "v1.0.4": "Minor Feature Updates for v1.0.x users, featuring dependency updates, and minor fixes for MC 1.14+",
    "v1.0.3": "Minor Feature Updates for v1.0.x users, featuring dependency updates, and support for deprecated.json Translation APIs",
    "v1.0.2": "Quality-Of-Live Updates for v1.0.x users, featuring dependency updates, packaging improvements, and UI API refinements",
    "v1.0.1": "Day-One Hotfix release, addressing issues related to mod conflicts from shadowed dependencies",
    "v1.0.0": "Initial Release"
  },
  "1.2.5": {
    "v1.2.1": "Maintainer Update for v1.2.x users, featuring dependency updates",
    "v1.2.0": "Major Feature Update for v1.x users, featuring dependency updates and various API/UI patches from modern versions of Minecraft",
    "v1.1.1": "Maintainer Update for v1.1.x users, featuring dependency updates, bug-fixes for Neoforge 1.21.6+ and ReIndev, as well as the removal of native FlintMC support and merging Quilt ports with Fabric",
    "v1.1.0": "Major Feature Update for v1.x users, featuring dependency updates, API changes for Selector GUIs, and fixes several crashes related to early-loading and NeoForge API changes",
    "v1.0.6": "Minor Feature Update for v1.0.x users, featuring dependency updates, API fixes for Screen and Rendering utilities, and WebP support for ImageUtils APIs",
    "v1.0.5": "Minor Feature and Maintainer Updates for v1.0.x users, featuring dependency updates, as well as fixes for non-applet and Legacy Fabric users",
    "v1.0.4": "Minor Feature Updates for v1.0.x users, featuring dependency updates, and minor fixes for MC 1.14+",
    "v1.0.3": "Minor Feature Updates for v1.0.x users, featuring dependency updates, and support for deprecated.json Translation APIs",
    "v1.0.2": "Quality-Of-Live Updates for v1.0.x users, featuring dependency updates, packaging improvements, and UI API refinements",
    "v1.0.1": "Day-One Hotfix release, addressing issues related to mod conflicts from shadowed dependencies",
    "v1.0.0": "Initial Release"
  },
  "1.1": {
    "v1.2.1": "Maintainer Update for v1.2.x users, featuring dependency updates",
    "v1.2.0": "Major Feature Update for v1.x users, featuring dependency updates and various API/UI patches from modern versions of Minecraft",
    "v1.1.1": "Maintainer Update for v1.1.x users, featuring dependency updates, bug-fixes for Neoforge 1.21.6+ and ReIndev, as well as the removal of native FlintMC support and merging Quilt ports with Fabric",
    "v1.1.0": "Major Feature Update for v1.x users, featuring dependency updates, API changes for Selector GUIs, and fixes several crashes related to early-loading and NeoForge API changes",
    "v1.0.6": "Minor Feature Update for v1.0.x users, featuring dependency updates, API fixes for Screen and Rendering utilities, and WebP support for ImageUtils APIs",
    "v1.0.5": "Minor Feature and Maintainer Updates for v1.0.x users, featuring dependency updates, as well as fixes for non-applet and Legacy Fabric users",
    "v1.0.4": "Minor Feature Updates for v1.0.x users, featuring dependency updates, and minor fixes for MC 1.14+",
    "v1.0.3": "Minor Feature Updates for v1.0.x users, featuring dependency updates, and support for deprecated.json Translation APIs",
    "v1.0.2": "Quality-Of-Live Updates for v1.0.x users, featuring dependency updates, packaging improvements, and UI API refinements",
    "v1.0.1": "Day-One Hotfix release, addressing issues related to mod conflicts from shadowed dependencies",
    "v1.0.0": "Initial Release"
  },
  "1.0": {
    "v1.2.1": "Maintainer Update for v1.2.x users, featuring dependency updates",
    "v1.2.0": "Major Feature Update for v1.x users, featuring dependency updates and various API/UI patches from modern versions of Minecraft",
    "v1.1.1": "Maintainer Update for v1.1.x users, featuring dependency updates, bug-fixes for Neoforge 1.21.6+ and ReIndev, as well as the removal of native FlintMC support and merging Quilt ports with Fabric",
    "v1.1.0": "Major Feature Update for v1.x users, featuring dependency updates, API changes for Selector GUIs, and fixes several crashes related to early-loading and NeoForge API changes",
    "v1.0.6": "Minor Feature Update for v1.0.x users, featuring dependency updates, API fixes for Screen and Rendering utilities, and WebP support for ImageUtils APIs",
    "v1.0.5": "Minor Feature and Maintainer Updates for v1.0.x users, featuring dependency updates, as well as fixes for non-applet and Legacy Fabric users",
    "v1.0.4": "Minor Feature Updates for v1.0.x users, featuring dependency updates, and minor fixes for MC 1.14+",
    "v1.0.3": "Minor Feature Updates for v1.0.x users, featuring dependency updates, and support for deprecated.json Translation APIs",
    "v1.0.2": "Quality-Of-Live Updates for v1.0.x users, featuring dependency updates, packaging improvements, and UI API refinements",
    "v1.0.1": "Day-One Hotfix release, addressing issues related to mod conflicts from shadowed dependencies",
    "v1.0.0": "Initial Release"
  },
  "b1.8.1": {
    "v1.2.1": "Maintainer Update for v1.2.x users, featuring dependency updates",
    "v1.2.0": "Major Feature Update for v1.x users, featuring dependency updates and various API/UI patches from modern versions of Minecraft",
    "v1.1.1": "Maintainer Update for v1.1.x users, featuring dependency updates, bug-fixes for Neoforge 1.21.6+ and ReIndev, as well as the removal of native FlintMC support and merging Quilt ports with Fabric",
    "v1.1.0": "Major Feature Update for v1.x users, featuring dependency updates, API changes for Selector GUIs, and fixes several crashes related to early-loading and NeoForge API changes",
    "v1.0.6": "Minor Feature Update for v1.0.x users, featuring dependency updates, API fixes for Screen and Rendering utilities, and WebP support for ImageUtils APIs",
    "v1.0.5": "Minor Feature and Maintainer Updates for v1.0.x users, featuring dependency updates, as well as fixes for non-applet and Legacy Fabric users",
    "v1.0.4": "Minor Feature Updates for v1.0.x users, featuring dependency updates, and minor fixes for MC 1.14+",
    "v1.0.3": "Minor Feature Updates for v1.0.x users, featuring dependency updates, and support for deprecated.json Translation APIs",
    "v1.0.2": "Quality-Of-Live Updates for v1.0.x users, featuring dependency updates, packaging improvements, and UI API refinements",
    "v1.0.1": "Day-One Hotfix release, addressing issues related to mod conflicts from shadowed dependencies",
    "v1.0.0": "Initial Release"
  },
  "b1.7.3": {
    "v1.2.1": "Maintainer Update for v1.2.x users, featuring dependency updates",
    "v1.2.0": "Major Feature Update for v1.x users, featuring dependency updates and various API/UI patches from modern versions of Minecraft",
    "v1.1.1": "Maintainer Update for v1.1.x users, featuring dependency updates, bug-fixes for Neoforge 1.21.6+ and ReIndev, as well as the removal of native FlintMC support and merging Quilt ports with Fabric",
    "v1.1.0": "Major Feature Update for v1.x users, featuring dependency updates, API changes for Selector GUIs, and fixes several crashes related to early-loading and NeoForge API changes",
    "v1.0.6": "Minor Feature Update for v1.0.x users, featuring dependency updates, API fixes for Screen and Rendering utilities, and WebP support for ImageUtils APIs",
    "v1.0.5": "Minor Feature and Maintainer Updates for v1.0.x users, featuring dependency updates, as well as fixes for non-applet and Legacy Fabric users",
    "v1.0.4": "Minor Feature Updates for v1.0.x users, featuring dependency updates, and minor fixes for MC 1.14+",
    "v1.0.3": "Minor Feature Updates for v1.0.x users, featuring dependency updates, and support for deprecated.json Translation APIs",
    "v1.0.2": "Quality-Of-Live Updates for v1.0.x users, featuring dependency updates, packaging improvements, and UI API refinements",
    "v1.0.1": "Day-One Hotfix release, addressing issues related to mod conflicts from shadowed dependencies",
    "v1.0.0": "Initial Release"
  },
  "b1.6.6": {
    "v1.2.1": "Maintainer Update for v1.2.x users, featuring dependency updates",
    "v1.2.0": "Major Feature Update for v1.x users, featuring dependency updates and various API/UI patches from modern versions of Minecraft",
    "v1.1.1": "Maintainer Update for v1.1.x users, featuring dependency updates, bug-fixes for Neoforge 1.21.6+ and ReIndev, as well as the removal of native FlintMC support and merging Quilt ports with Fabric",
    "v1.1.0": "Major Feature Update for v1.x users, featuring dependency updates, API changes for Selector GUIs, and fixes several crashes related to early-loading and NeoForge API changes",
    "v1.0.6": "Minor Feature Update for v1.0.x users, featuring dependency updates, API fixes for Screen and Rendering utilities, and WebP support for ImageUtils APIs",
    "v1.0.5": "Minor Feature and Maintainer Updates for v1.0.x users, featuring dependency updates, as well as fixes for non-applet and Legacy Fabric users",
    "v1.0.4": "Minor Feature Updates for v1.0.x users, featuring dependency updates, and minor fixes for MC 1.14+",
    "v1.0.3": "Minor Feature Updates for v1.0.x users, featuring dependency updates, and support for deprecated.json Translation APIs",
    "v1.0.2": "Quality-Of-Live Updates for v1.0.x users, featuring dependency updates, packaging improvements, and UI API refinements",
    "v1.0.1": "Day-One Hotfix release, addressing issues related to mod conflicts from shadowed dependencies",
    "v1.0.0": "Initial Release"
  },
  "b1.5_01": {
    "v1.2.1": "Maintainer Update for v1.2.x users, featuring dependency updates",
    "v1.2.0": "Major Feature Update for v1.x users, featuring dependency updates and various API/UI patches from modern versions of Minecraft",
    "v1.1.1": "Maintainer Update for v1.1.x users, featuring dependency updates, bug-fixes for Neoforge 1.21.6+ and ReIndev, as well as the removal of native FlintMC support and merging Quilt ports with Fabric",
    "v1.1.0": "Major Feature Update for v1.x users, featuring dependency updates, API changes for Selector GUIs, and fixes several crashes related to early-loading and NeoForge API changes",
    "v1.0.6": "Minor Feature Update for v1.0.x users, featuring dependency updates, API fixes for Screen and Rendering utilities, and WebP support for ImageUtils APIs",
    "v1.0.5": "Minor Feature and Maintainer Updates for v1.0.x users, featuring dependency updates, as well as fixes for non-applet and Legacy Fabric users",
    "v1.0.4": "Minor Feature Updates for v1.0.x users, featuring dependency updates, and minor fixes for MC 1.14+",
    "v1.0.3": "Minor Feature Updates for v1.0.x users, featuring dependency updates, and support for deprecated.json Translation APIs",
    "v1.0.2": "Quality-Of-Live Updates for v1.0.x users, featuring dependency updates, packaging improvements, and UI API refinements",
    "v1.0.1": "Day-One Hotfix release, addressing issues related to mod conflicts from shadowed dependencies",
    "v1.0.0": "Initial Release"
  },
  "b1.4_01": {
    "v1.2.1": "Maintainer Update for v1.2.x users, featuring dependency updates",
    "v1.2.0": "Major Feature Update for v1.x users, featuring dependency updates and various API/UI patches from modern versions of Minecraft",
    "v1.1.1": "Maintainer Update for v1.1.x users, featuring dependency updates, bug-fixes for Neoforge 1.21.6+ and ReIndev, as well as the removal of native FlintMC support and merging Quilt ports with Fabric",
    "v1.1.0": "Major Feature Update for v1.x users, featuring dependency updates, API changes for Selector GUIs, and fixes several crashes related to early-loading and NeoForge API changes",
    "v1.0.6": "Minor Feature Update for v1.0.x users, featuring dependency updates, API fixes for Screen and Rendering utilities, and WebP support for ImageUtils APIs",
    "v1.0.5": "Minor Feature and Maintainer Updates for v1.0.x users, featuring dependency updates, as well as fixes for non-applet and Legacy Fabric users",
    "v1.0.4": "Minor Feature Updates for v1.0.x users, featuring dependency updates, and minor fixes for MC 1.14+",
    "v1.0.3": "Minor Feature Updates for v1.0.x users, featuring dependency updates, and support for deprecated.json Translation APIs",
    "v1.0.2": "Quality-Of-Live Updates for v1.0.x users, featuring dependency updates, packaging improvements, and UI API refinements",
    "v1.0.1": "Day-One Hotfix release, addressing issues related to mod conflicts from shadowed dependencies",
    "v1.0.0": "Initial Release"
  },
  "b1.3_01": {
    "v1.2.1": "Maintainer Update for v1.2.x users, featuring dependency updates",
    "v1.2.0": "Major Feature Update for v1.x users, featuring dependency updates and various API/UI patches from modern versions of Minecraft",
    "v1.1.1": "Maintainer Update for v1.1.x users, featuring dependency updates, bug-fixes for Neoforge 1.21.6+ and ReIndev, as well as the removal of native FlintMC support and merging Quilt ports with Fabric",
    "v1.1.0": "Major Feature Update for v1.x users, featuring dependency updates, API changes for Selector GUIs, and fixes several crashes related to early-loading and NeoForge API changes",
    "v1.0.6": "Minor Feature Update for v1.0.x users, featuring dependency updates, API fixes for Screen and Rendering utilities, and WebP support for ImageUtils APIs",
    "v1.0.5": "Minor Feature and Maintainer Updates for v1.0.x users, featuring dependency updates, as well as fixes for non-applet and Legacy Fabric users",
    "v1.0.4": "Minor Feature Updates for v1.0.x users, featuring dependency updates, and minor fixes for MC 1.14+",
    "v1.0.3": "Minor Feature Updates for v1.0.x users, featuring dependency updates, and support for deprecated.json Translation APIs",
    "v1.0.2": "Quality-Of-Live Updates for v1.0.x users, featuring dependency updates, packaging improvements, and UI API refinements",
    "v1.0.1": "Day-One Hotfix release, addressing issues related to mod conflicts from shadowed dependencies",
    "v1.0.0": "Initial Release"
  },
  "b1.2_02": {
    "v1.2.1": "Maintainer Update for v1.2.x users, featuring dependency updates",
    "v1.2.0": "Major Feature Update for v1.x users, featuring dependency updates and various API/UI patches from modern versions of Minecraft",
    "v1.1.1": "Maintainer Update for v1.1.x users, featuring dependency updates, bug-fixes for Neoforge 1.21.6+ and ReIndev, as well as the removal of native FlintMC support and merging Quilt ports with Fabric",
    "v1.1.0": "Major Feature Update for v1.x users, featuring dependency updates, API changes for Selector GUIs, and fixes several crashes related to early-loading and NeoForge API changes",
    "v1.0.6": "Minor Feature Update for v1.0.x users, featuring dependency updates, API fixes for Screen and Rendering utilities, and WebP support for ImageUtils APIs",
    "v1.0.5": "Minor Feature and Maintainer Updates for v1.0.x users, featuring dependency updates, as well as fixes for non-applet and Legacy Fabric users",
    "v1.0.4": "Minor Feature Updates for v1.0.x users, featuring dependency updates, and minor fixes for MC 1.14+",
    "v1.0.3": "Minor Feature Updates for v1.0.x users, featuring dependency updates, and support for deprecated.json Translation APIs",
    "v1.0.2": "Quality-Of-Live Updates for v1.0.x users, featuring dependency updates, packaging improvements, and UI API refinements",
    "v1.0.1": "Day-One Hotfix release, addressing issues related to mod conflicts from shadowed dependencies",
    "v1.0.0": "Initial Release"
  },
  "b1.1_02": {
    "v1.2.1": "Maintainer Update for v1.2.x users, featuring dependency updates",
    "v1.2.0": "Major Feature Update for v1.x users, featuring dependency updates and various API/UI patches from modern versions of Minecraft",
    "v1.1.1": "Maintainer Update for v1.1.x users, featuring dependency updates, bug-fixes for Neoforge 1.21.6+ and ReIndev, as well as the removal of native FlintMC support and merging Quilt ports with Fabric",
    "v1.1.0": "Major Feature Update for v1.x users, featuring dependency updates, API changes for Selector GUIs, and fixes several crashes related to early-loading and NeoForge API changes",
    "v1.0.6": "Minor Feature Update for v1.0.x users, featuring dependency updates, API fixes for Screen and Rendering utilities, and WebP support for ImageUtils APIs",
    "v1.0.5": "Minor Feature and Maintainer Updates for v1.0.x users, featuring dependency updates, as well as fixes for non-applet and Legacy Fabric users",
    "v1.0.4": "Minor Feature Updates for v1.0.x users, featuring dependency updates, and minor fixes for MC 1.14+",
    "v1.0.3": "Minor Feature Updates for v1.0.x users, featuring dependency updates, and support for deprecated.json Translation APIs",
    "v1.0.2": "Quality-Of-Live Updates for v1.0.x users, featuring dependency updates, packaging improvements, and UI API refinements",
    "v1.0.1": "Day-One Hotfix release, addressing issues related to mod conflicts from shadowed dependencies",
    "v1.0.0": "Initial Release"
  },
  "a1.2.6": {
    "v1.2.1": "Maintainer Update for v1.2.x users, featuring dependency updates",
    "v1.2.0": "Major Feature Update for v1.x users, featuring dependency updates and various API/UI patches from modern versions of Minecraft",
    "v1.1.1": "Maintainer Update for v1.1.x users, featuring dependency updates, bug-fixes for Neoforge 1.21.6+ and ReIndev, as well as the removal of native FlintMC support and merging Quilt ports with Fabric",
    "v1.1.0": "Major Feature Update for v1.x users, featuring dependency updates, API changes for Selector GUIs, and fixes several crashes related to early-loading and NeoForge API changes",
    "v1.0.6": "Minor Feature Update for v1.0.x users, featuring dependency updates, API fixes for Screen and Rendering utilities, and WebP support for ImageUtils APIs",
    "v1.0.5": "Minor Feature and Maintainer Updates for v1.0.x users, featuring dependency updates, as well as fixes for non-applet and Legacy Fabric users",
    "v1.0.4": "Minor Feature Updates for v1.0.x users, featuring dependency updates, and minor fixes for MC 1.14+",
    "v1.0.3": "Minor Feature Updates for v1.0.x users, featuring dependency updates, and support for deprecated.json Translation APIs",
    "v1.0.2": "Quality-Of-Live Updates for v1.0.x users, featuring dependency updates, packaging improvements, and UI API refinements",
    "v1.0.1": "Day-One Hotfix release, addressing issues related to mod conflicts from shadowed dependencies",
    "v1.0.0": "Initial Release"
  },
  "a1.1.2_01": {
    "v1.2.1": "Maintainer Update for v1.2.x users, featuring dependency updates",
    "v1.2.0": "Major Feature Update for v1.x users, featuring dependency updates and various API/UI patches from modern versions of Minecraft",
    "v1.1.1": "Maintainer Update for v1.1.x users, featuring dependency updates, bug-fixes for Neoforge 1.21.6+ and ReIndev, as well as the removal of native FlintMC support and merging Quilt ports with Fabric",
    "v1.1.0": "Major Feature Update for v1.x users, featuring dependency updates, API changes for Selector GUIs, and fixes several crashes related to early-loading and NeoForge API changes",
    "v1.0.6": "Minor Feature Update for v1.0.x users, featuring dependency updates, API fixes for Screen and Rendering utilities, and WebP support for ImageUtils APIs",
    "v1.0.5": "Minor Feature and Maintainer Updates for v1.0.x users, featuring dependency updates, as well as fixes for non-applet and Legacy Fabric users",
    "v1.0.4": "Minor Feature Updates for v1.0.x users, featuring dependency updates, and minor fixes for MC 1.14+",
    "v1.0.3": "Minor Feature Updates for v1.0.x users, featuring dependency updates, and support for deprecated.json Translation APIs",
    "v1.0.2": "Quality-Of-Live Updates for v1.0.x users, featuring dependency updates, packaging improvements, and UI API refinements",
    "v1.0.1": "Day-One Hotfix release, addressing issues related to mod conflicts from shadowed dependencies",
    "v1.0.0": "Initial Release"
  }
}
[30Jul2026 00:21:32.589] [Forge Version Check/INFO] [net.minecraftforge.fml.VersionChecker/]: [unilib] Found status: AHEAD Current: 1.2.1 Target: null
[30Jul2026 00:21:32.675] [main/DEBUG] [mixin/]: Generating mapped inner class net/minecraft/world/level/levelgen/DebugLevelSource$Anonymous$46228cfd92f142c0b8b10fea2e19c7cd (originally org/embeddedt/modernfix/common/mixin/perf/forge_registry_alloc/DebugLevelSourceMixin$1)
[30Jul2026 00:21:33.023] [main/INFO] [com.mojang.authlib.yggdrasil.YggdrasilAuthenticationService/]: Environment: authHost='https://authserver.mojang.com', accountsHost='https://api.mojang.com', sessionHost='https://sessionserver.mojang.com', servicesHost='https://api.minecraftservices.com', name='PROD'
[30Jul2026 00:21:33.044] [main/DEBUG] [mixin/]: Mixing bugfix.removed_dimensions.LevelStorageSourceMixin from modernfix-modernfix.mixins.json into net.minecraft.world.level.storage.LevelStorageSource
[30Jul2026 00:21:33.053] [main/DEBUG] [mixin/]: Mixing perf.dynamic_dfu.DataFixersMixin from modernfix-modernfix.mixins.json into net.minecraft.util.datafix.DataFixers
[30Jul2026 00:21:33.053] [main/DEBUG] [mixin/]: Renaming synthetic method lambda$createLazyFixerUpper$0(Ljava/util/Set;)Lcom/mojang/datafixers/DataFixer; to mdda8f76$modernfix$lambda$createLazyFixerUpper$0$0 in modernfix-modernfix.mixins.json:perf.dynamic_dfu.DataFixersMixin from mod modernfix
[30Jul2026 00:21:33.055] [main/DEBUG] [mixin/]: modernfix-modernfix.mixins.json:perf.dynamic_dfu.DataFixersMixin from mod modernfix->@Inject::createLazyFixerUpper(Ljava/util/Set;Lorg/spongepowered/asm/mixin/injection/callback/CallbackInfoReturnable;)V does use it's CallbackInfoReturnable
[30Jul2026 00:21:33.150] [main/INFO] [ModernFix/]: Bypassed Mojang DFU
[30Jul2026 00:21:33.154] [main/DEBUG] [mixin/]: Mixing LevelStorageSessionMixin from fabric-registry-sync-v0.mixins.json into net.minecraft.world.level.storage.LevelStorageSource$LevelStorageAccess
[30Jul2026 00:21:33.154] [main/DEBUG] [mixin/]: fabric-registry-sync-v0.mixins.json:LevelStorageSessionMixin from mod fabric_registry_sync_v0: Class version 61 required is higher than the class version supported by the current version of Mixin (JAVA_16 supports class version 60)
[30Jul2026 00:21:33.160] [main/DEBUG] [mixin/]: fabric-registry-sync-v0.mixins.json:LevelStorageSessionMixin from mod fabric_registry_sync_v0->@Inject::saveWorld(Lnet/minecraft/core/RegistryAccess;Lnet/minecraft/world/level/storage/WorldData;Lnet/minecraft/nbt/CompoundTag;Lorg/spongepowered/asm/mixin/injection/callback/CallbackInfo;)V doesn't use it's CallbackInfo
[30Jul2026 00:21:33.160] [main/DEBUG] [mixin/]: fabric-registry-sync-v0.mixins.json:LevelStorageSessionMixin from mod fabric_registry_sync_v0->@Inject::saveWorld(Lnet/minecraft/core/RegistryAccess;Lnet/minecraft/world/level/storage/WorldData;Lnet/minecraft/nbt/CompoundTag;Lorg/spongepowered/asm/mixin/injection/callback/CallbackInfo;)V has 0 override(s) in child classes
[30Jul2026 00:21:33.160] [main/DEBUG] [mixin/]: fabric-registry-sync-v0.mixins.json:LevelStorageSessionMixin from mod fabric_registry_sync_v0->@Inject::saveWorld(Lnet/minecraft/core/RegistryAccess;Lnet/minecraft/world/level/storage/WorldData;Lnet/minecraft/nbt/CompoundTag;Lorg/spongepowered/asm/mixin/injection/callback/CallbackInfo;)V won't be passed a CallbackInfo as a result
[30Jul2026 00:21:33.160] [main/DEBUG] [mixin/]: fabric-registry-sync-v0.mixins.json:LevelStorageSessionMixin from mod fabric_registry_sync_v0->@Inject::readWorldProperties(Lorg/spongepowered/asm/mixin/injection/callback/CallbackInfoReturnable;)V doesn't use it's CallbackInfoReturnable
[30Jul2026 00:21:33.160] [main/DEBUG] [mixin/]: fabric-registry-sync-v0.mixins.json:LevelStorageSessionMixin from mod fabric_registry_sync_v0->@Inject::readWorldProperties(Lorg/spongepowered/asm/mixin/injection/callback/CallbackInfoReturnable;)V has 0 override(s) in child classes
[30Jul2026 00:21:33.160] [main/DEBUG] [mixin/]: fabric-registry-sync-v0.mixins.json:LevelStorageSessionMixin from mod fabric_registry_sync_v0->@Inject::readWorldProperties(Lorg/spongepowered/asm/mixin/injection/callback/CallbackInfoReturnable;)V won't be passed a CallbackInfoReturnable as a result
[30Jul2026 00:21:33.198] [main/DEBUG] [mixin/]: Mixing perf.dynamic_dfu.DataFixTypesMixin from modernfix-modernfix.mixins.json into net.minecraft.util.datafix.DataFixTypes
[30Jul2026 00:21:33.200] [main/DEBUG] [mixin/]: modernfix-modernfix.mixins.json:perf.dynamic_dfu.DataFixTypesMixin from mod modernfix->@Inject::kickOnUpdate(Lcom/mojang/datafixers/DataFixer;Lcom/mojang/serialization/Dynamic;IILorg/spongepowered/asm/mixin/injection/callback/CallbackInfoReturnable;)V doesn't use it's CallbackInfoReturnable
[30Jul2026 00:21:33.215] [main/DEBUG] [mixin/]: Mixing VanillaPackResourcesAccessor from creativecore.mixins.json into net.minecraft.server.packs.VanillaPackResources
[30Jul2026 00:21:33.217] [main/WARN] [net.minecraft.server.packs.VanillaPackResourcesBuilder/]: Assets URL 'union:/workspaces/XDDDDDDD/servidor_minecraft/libraries/net/minecraft/server/1.20.1-20230612.114412/server-1.20.1-20230612.114412-srg.jar%23143!/assets/.mcassetsroot' uses unexpected schema
[30Jul2026 00:21:33.217] [main/WARN] [net.minecraft.server.packs.VanillaPackResourcesBuilder/]: Assets URL 'union:/workspaces/XDDDDDDD/servidor_minecraft/libraries/net/minecraft/server/1.20.1-20230612.114412/server-1.20.1-20230612.114412-srg.jar%23143!/data/.mcassetsroot' uses unexpected schema
[30Jul2026 00:21:33.226] [main/DEBUG] [mixin/]: Mixing core.WorldLoaderMixin from modernfix-modernfix.mixins.json into net.minecraft.server.WorldLoader
[30Jul2026 00:21:33.226] [main/DEBUG] [mixin/]: Renaming synthetic method lambda$trackEndReload$0(Ljava/lang/Object;)Ljava/lang/Object; to mdda8f76$modernfix$lambda$trackEndReload$0$0 in modernfix-modernfix.mixins.json:core.WorldLoaderMixin from mod modernfix
[30Jul2026 00:21:33.226] [main/DEBUG] [mixin/]: Mixing feature.measure_time.WorldLoaderMixin from modernfix-modernfix.mixins.json into net.minecraft.server.WorldLoader
[30Jul2026 00:21:33.226] [main/DEBUG] [mixin/]: Renaming synthetic method lambda$finishStopwatch$0(Lcom/google/common/base/Stopwatch;Ljava/lang/Object;Ljava/lang/Throwable;)V to mdda8f76$modernfix$lambda$finishStopwatch$0$1 in modernfix-modernfix.mixins.json:feature.measure_time.WorldLoaderMixin from mod modernfix
[30Jul2026 00:21:33.228] [main/DEBUG] [mixin/]: modernfix-modernfix.mixins.json:core.WorldLoaderMixin from mod modernfix->@Inject::trackStartReload(Lorg/spongepowered/asm/mixin/injection/callback/CallbackInfoReturnable;)V doesn't use it's CallbackInfoReturnable
[30Jul2026 00:21:33.228] [main/DEBUG] [mixin/]: modernfix-modernfix.mixins.json:feature.measure_time.WorldLoaderMixin from mod modernfix->@Inject::startStopwatch(Lorg/spongepowered/asm/mixin/injection/callback/CallbackInfoReturnable;)V doesn't use it's CallbackInfoReturnable
[30Jul2026 00:21:33.232] [main/DEBUG] [mixin/]: Mixing ServerPlayerInteractionManagerMixin from fabric-events-interaction-v0.mixins.json into net.minecraft.server.level.ServerPlayerGameMode
[30Jul2026 00:21:33.232] [main/DEBUG] [mixin/]: fabric-events-interaction-v0.mixins.json:ServerPlayerInteractionManagerMixin from mod fabric_events_interaction_v0: Class version 61 required is higher than the class version supported by the current version of Mixin (JAVA_16 supports class version 60)
[30Jul2026 00:21:33.234] [main/DEBUG] [mixin/]: fabric-events-interaction-v0.mixins.json:ServerPlayerInteractionManagerMixin from mod fabric_events_interaction_v0->@Inject::startBlockBreak(Lnet/minecraft/core/BlockPos;Lnet/minecraft/network/protocol/game/ServerboundPlayerActionPacket$Action;Lnet/minecraft/core/Direction;IILorg/spongepowered/asm/mixin/injection/callback/CallbackInfo;)V does use it's CallbackInfo
[30Jul2026 00:21:33.234] [main/DEBUG] [mixin/]: fabric-events-interaction-v0.mixins.json:ServerPlayerInteractionManagerMixin from mod fabric_events_interaction_v0->@Inject::onBlockBroken(Lnet/minecraft/core/BlockPos;ZLorg/spongepowered/asm/mixin/injection/callback/CallbackInfoReturnable;Lnet/minecraft/world/level/block/state/BlockState;)V doesn't use it's CallbackInfoReturnable
[30Jul2026 00:21:33.234] [main/DEBUG] [mixin/]: fabric-events-interaction-v0.mixins.json:ServerPlayerInteractionManagerMixin from mod fabric_events_interaction_v0->@Inject::onBlockBroken(Lnet/minecraft/core/BlockPos;ZLorg/spongepowered/asm/mixin/injection/callback/CallbackInfoReturnable;Lnet/minecraft/world/level/block/state/BlockState;)V has 0 override(s) in child classes
[30Jul2026 00:21:33.234] [main/DEBUG] [mixin/]: fabric-events-interaction-v0.mixins.json:ServerPlayerInteractionManagerMixin from mod fabric_events_interaction_v0->@Inject::onBlockBroken(Lnet/minecraft/core/BlockPos;ZLorg/spongepowered/asm/mixin/injection/callback/CallbackInfoReturnable;Lnet/minecraft/world/level/block/state/BlockState;)V won't be passed a CallbackInfoReturnable as a result
[30Jul2026 00:21:33.237] [main/INFO] [Ksyxis/MOD_KSYXIS]: Ksyxis: Enabled compatibility hack with ModernFix. (removeSpawnChunks: false)
[30Jul2026 00:21:33.238] [main/DEBUG] [mixin/]: Mixing ResourcePackLoaderAccessor from fabric-loot-api-v2.mixins.json into net.minecraftforge.resource.ResourcePackLoader
[30Jul2026 00:21:33.238] [main/DEBUG] [mixin/]: fabric-loot-api-v2.mixins.json:ResourcePackLoaderAccessor from mod fabric_loot_api_v2: Class version 61 required is higher than the class version supported by the current version of Mixin (JAVA_8 supports class version 52)
[30Jul2026 00:21:33.238] [main/DEBUG] [mixin/]: Renaming @Accessor method getModResourcePacks()Ljava/util/Map; to getModResourcePacks$fabric_loot_api_v2_$md$da8f76$0 in fabric-loot-api-v2.mixins.json:ResourcePackLoaderAccessor from mod fabric_loot_api_v2
[30Jul2026 00:21:33.239] [main/DEBUG] [mixin/]: Mixing lang.PathPackResourcesMixin from connectormod.mixins.json into net.minecraftforge.resource.PathPackResources
[30Jul2026 00:21:33.240] [main/DEBUG] [mixin/]: Mixing perf.resourcepacks.ForgePathPackResourcesMixin from modernfix-modernfix.mixins.json into net.minecraftforge.resource.PathPackResources
[30Jul2026 00:21:33.241] [main/DEBUG] [mixin/]: Renaming synthetic method lambda$generateResourceCache$0(Lnet/minecraft/server/packs/PackType;)Ljava/nio/file/Path; to mdda8f76$modernfix$lambda$generateResourceCache$0$0 in modernfix-modernfix.mixins.json:perf.resourcepacks.ForgePathPackResourcesMixin from mod modernfix
[30Jul2026 00:21:33.244] [main/DEBUG] [mixin/]: connectormod.mixins.json:lang.PathPackResourcesMixin from mod connectormod->@Inject::getFabricLangResources(Lnet/minecraft/server/packs/PackType;Lnet/minecraft/resources/ResourceLocation;Lorg/spongepowered/asm/mixin/injection/callback/CallbackInfoReturnable;)V does use it's CallbackInfoReturnable
[30Jul2026 00:21:33.244] [main/DEBUG] [mixin/]: modernfix-modernfix.mixins.json:perf.resourcepacks.ForgePathPackResourcesMixin from mod modernfix->@Inject::cacheResources(Ljava/lang/String;ZLjava/nio/file/Path;Lorg/spongepowered/asm/mixin/injection/callback/CallbackInfo;)V doesn't use it's CallbackInfo
[30Jul2026 00:21:33.244] [main/DEBUG] [mixin/]: modernfix-modernfix.mixins.json:perf.resourcepacks.ForgePathPackResourcesMixin from mod modernfix->@Inject::cacheResources(Ljava/lang/String;ZLjava/nio/file/Path;Lorg/spongepowered/asm/mixin/injection/callback/CallbackInfo;)V has 0 override(s) in child classes
[30Jul2026 00:21:33.244] [main/DEBUG] [mixin/]: modernfix-modernfix.mixins.json:perf.resourcepacks.ForgePathPackResourcesMixin from mod modernfix->@Inject::cacheResources(Ljava/lang/String;ZLjava/nio/file/Path;Lorg/spongepowered/asm/mixin/injection/callback/CallbackInfo;)V won't be passed a CallbackInfo as a result
[30Jul2026 00:21:33.244] [main/DEBUG] [mixin/]: modernfix-modernfix.mixins.json:perf.resourcepacks.ForgePathPackResourcesMixin from mod modernfix->@Inject::resolveViaModFile([Ljava/lang/String;Lorg/spongepowered/asm/mixin/injection/callback/CallbackInfoReturnable;)V does use it's CallbackInfoReturnable
[30Jul2026 00:21:33.244] [main/DEBUG] [mixin/]: modernfix-modernfix.mixins.json:perf.resourcepacks.ForgePathPackResourcesMixin from mod modernfix->@Inject::fastGetResources(Lnet/minecraft/server/packs/PackType;Ljava/lang/String;Ljava/lang/String;Lnet/minecraft/server/packs/PackResources$ResourceOutput;Lorg/spongepowered/asm/mixin/injection/callback/CallbackInfo;)V does use it's CallbackInfo
[30Jul2026 00:21:33.246] [main/DEBUG] [mixin/]: Mixing lang.PathPackResourcesAnonMixin from connectormod.mixins.json into net.minecraftforge.resource.ResourcePackLoader$1
[30Jul2026 00:21:33.247] [main/DEBUG] [mixin/]: connectormod.mixins.json:lang.PathPackResourcesAnonMixin from mod connectormod->@Inject::onInit(Ljava/lang/String;ZLjava/nio/file/Path;Lnet/minecraftforge/forgespi/language/IModFileInfo;Lorg/spongepowered/asm/mixin/injection/callback/CallbackInfo;)V doesn't use it's CallbackInfo
[30Jul2026 00:21:33.247] [main/DEBUG] [mixin/]: connectormod.mixins.json:lang.PathPackResourcesAnonMixin from mod connectormod->@Inject::onInit(Ljava/lang/String;ZLjava/nio/file/Path;Lnet/minecraftforge/forgespi/language/IModFileInfo;Lorg/spongepowered/asm/mixin/injection/callback/CallbackInfo;)V has 0 override(s) in child classes
[30Jul2026 00:21:33.247] [main/DEBUG] [mixin/]: connectormod.mixins.json:lang.PathPackResourcesAnonMixin from mod connectormod->@Inject::onInit(Ljava/lang/String;ZLjava/nio/file/Path;Lnet/minecraftforge/forgespi/language/IModFileInfo;Lorg/spongepowered/asm/mixin/injection/callback/CallbackInfo;)V won't be passed a CallbackInfo as a result
[30Jul2026 00:21:33.254] [main/DEBUG] [mixin/]: Mixing PathPackResourcesAccessor from creativecore.mixins.json into net.minecraft.server.packs.PathPackResources
[30Jul2026 00:21:33.258] [main/DEBUG] [net.minecraftforge.fml.config.ConfigTracker/CONFIG]: Config file tacz-pre.toml for minecraft tracking
[30Jul2026 00:21:33.258] [main/DEBUG] [net.minecraftforge.fml.config.ConfigFileTypeHandler/CONFIG]: Built TOML config for /workspaces/XDDDDDDD/servidor_minecraft/tacz/tacz-pre.toml
[30Jul2026 00:21:33.259] [main/DEBUG] [net.minecraftforge.fml.config.ConfigFileTypeHandler/CONFIG]: Loaded TOML config file /workspaces/XDDDDDDD/servidor_minecraft/tacz/tacz-pre.toml
[30Jul2026 00:21:33.259] [main/DEBUG] [net.minecraftforge.fml.config.ConfigFileTypeHandler/CONFIG]: Watching TOML config file /workspaces/XDDDDDDD/servidor_minecraft/tacz/tacz-pre.toml for changes
[30Jul2026 00:21:33.301] [main/DEBUG] [tacz/]: Skipping unchanged exported resource /workspaces/XDDDDDDD/servidor_minecraft/tacz/tacz_default_gun
[30Jul2026 00:21:33.301] [main/INFO] [tacz/GunPackFinder]: Start scanning for gun packs in /workspaces/XDDDDDDD/servidor_minecraft/tacz
[30Jul2026 00:21:33.304] [main/INFO] [tacz/GunPackFinder]: - tacz_default_gun, Main namespace: tacz
[30Jul2026 00:21:33.304] [main/INFO] [tacz/GunPackFinder]: Found 1 possible gunpack(s) and added them to resource set.
[30Jul2026 00:21:33.393] [main/DEBUG] [mixin/]: Mixing DelegatingPackResourcesAccessor from creativecore.forge.mixins.json into net.minecraftforge.resource.DelegatingPackResources
[30Jul2026 00:21:33.397] [main/DEBUG] [net.minecraftforge.server.ServerLifecycleHooks/CORE]: Generating PackInfo named mod:fabric_dimensions_v1 for mod file 
[30Jul2026 00:21:33.398] [main/DEBUG] [net.minecraftforge.server.ServerLifecycleHooks/CORE]: Generating PackInfo named mod:fabric_transfer_api_v1 for mod file 
[30Jul2026 00:21:33.398] [main/DEBUG] [net.minecraftforge.server.ServerLifecycleHooks/CORE]: Generating PackInfo named mod:fabric_renderer_api_v1 for mod file 
[30Jul2026 00:21:33.398] [main/DEBUG] [net.minecraftforge.server.ServerLifecycleHooks/CORE]: Generating PackInfo named mod:fabric_item_api_v1 for mod file 
[30Jul2026 00:21:33.398] [main/DEBUG] [net.minecraftforge.server.ServerLifecycleHooks/CORE]: Generating PackInfo named mod:fabric_model_loading_api_v1 for mod file 
[30Jul2026 00:21:33.398] [main/DEBUG] [net.minecraftforge.server.ServerLifecycleHooks/CORE]: Generating PackInfo named mod:jei for mod file /workspaces/XDDDDDDD/servidor_minecraft/mods/jei-1.20.1-forge-15.21.0.148.jar
[30Jul2026 00:21:33.398] [main/DEBUG] [net.minecraftforge.server.ServerLifecycleHooks/CORE]: Generating PackInfo named mod:fabric_rendering_fluids_v1 for mod file 
[30Jul2026 00:21:33.399] [main/DEBUG] [net.minecraftforge.server.ServerLifecycleHooks/CORE]: Generating PackInfo named mod:tacz for mod file /workspaces/XDDDDDDD/servidor_minecraft/mods/tacz-1.20.1-1.1.8-hotfix.jar
[30Jul2026 00:21:33.399] [main/DEBUG] [net.minecraftforge.server.ServerLifecycleHooks/CORE]: Generating PackInfo named mod:fabric_screen_handler_api_v1 for mod file 
[30Jul2026 00:21:33.399] [main/DEBUG] [net.minecraftforge.server.ServerLifecycleHooks/CORE]: Generating PackInfo named mod:fabric_models_v0 for mod file 
[30Jul2026 00:21:33.399] [main/DEBUG] [net.minecraftforge.server.ServerLifecycleHooks/CORE]: Generating PackInfo named mod:fabric_resource_loader_v0 for mod file 
[30Jul2026 00:21:33.399] [main/DEBUG] [net.minecraftforge.server.ServerLifecycleHooks/CORE]: Generating PackInfo named mod:fabric_rendering_v1 for mod file 
[30Jul2026 00:21:33.399] [main/DEBUG] [net.minecraftforge.server.ServerLifecycleHooks/CORE]: Generating PackInfo named mod:fabric_renderer_indigo for mod file 
[30Jul2026 00:21:33.400] [main/DEBUG] [net.minecraftforge.server.ServerLifecycleHooks/CORE]: Generating PackInfo named mod:fabric_convention_tags_v1 for mod file 
[30Jul2026 00:21:33.400] [main/DEBUG] [net.minecraftforge.server.ServerLifecycleHooks/CORE]: Generating PackInfo named mod:modernfix for mod file /workspaces/XDDDDDDD/servidor_minecraft/mods/modernfix-forge-5.27.40+mc1.20.1.jar
[30Jul2026 00:21:33.400] [main/DEBUG] [net.minecraftforge.server.ServerLifecycleHooks/CORE]: Generating PackInfo named mod:fabric_mining_level_api_v1 for mod file 
[30Jul2026 00:21:33.400] [main/DEBUG] [net.minecraftforge.server.ServerLifecycleHooks/CORE]: Generating PackInfo named mod:fabric_command_api_v1 for mod file 
[30Jul2026 00:21:33.400] [main/DEBUG] [net.minecraftforge.server.ServerLifecycleHooks/CORE]: Generating PackInfo named mod:fabric_block_view_api_v2 for mod file 
[30Jul2026 00:21:33.400] [main/DEBUG] [net.minecraftforge.server.ServerLifecycleHooks/CORE]: Generating PackInfo named mod:fabric_command_api_v2 for mod file 
[30Jul2026 00:21:33.401] [main/DEBUG] [net.minecraftforge.server.ServerLifecycleHooks/CORE]: Generating PackInfo named mod:fabric_data_attachment_api_v1 for mod file 
[30Jul2026 00:21:33.401] [main/DEBUG] [net.minecraftforge.server.ServerLifecycleHooks/CORE]: Generating PackInfo named mod:mixinextras for mod file 
[30Jul2026 00:21:33.401] [main/DEBUG] [net.minecraftforge.server.ServerLifecycleHooks/CORE]: Generating PackInfo named mod:midnightlib for mod file /workspaces/XDDDDDDD/servidor_minecraft/mods/midnightlib-forge-1.9.2+1.20.1.jar
[30Jul2026 00:21:33.401] [main/DEBUG] [net.minecraftforge.server.ServerLifecycleHooks/CORE]: Generating PackInfo named mod:starlight for mod file /workspaces/XDDDDDDD/servidor_minecraft/mods/starlight-1.1.2+forge.1cda73c.jar
[30Jul2026 00:21:33.401] [main/DEBUG] [net.minecraftforge.server.ServerLifecycleHooks/CORE]: Generating PackInfo named mod:mts for mod file /workspaces/XDDDDDDD/servidor_minecraft/mods/Immersive Vehicles-1.20.1-24.0.0.jar
[30Jul2026 00:21:33.401] [main/DEBUG] [net.minecraftforge.server.ServerLifecycleHooks/CORE]: Generating PackInfo named mod:fabric_screen_api_v1 for mod file 
[30Jul2026 00:21:33.402] [main/DEBUG] [net.minecraftforge.server.ServerLifecycleHooks/CORE]: Generating PackInfo named mod:memoryleakfix for mod file /workspaces/XDDDDDDD/servidor_minecraft/mods/memoryleakfix-forge-1.17+-1.1.5.jar
[30Jul2026 00:21:33.402] [main/DEBUG] [net.minecraftforge.server.ServerLifecycleHooks/CORE]: Generating PackInfo named mod:fabric_particles_v1 for mod file 
[30Jul2026 00:21:33.402] [main/DEBUG] [net.minecraftforge.server.ServerLifecycleHooks/CORE]: Generating PackInfo named mod:cloth_config for mod file /workspaces/XDDDDDDD/servidor_minecraft/mods/cloth-config-11.1.136-forge.jar
[30Jul2026 00:21:33.402] [main/DEBUG] [net.minecraftforge.server.ServerLifecycleHooks/CORE]: Generating PackInfo named mod:forge for mod file /workspaces/XDDDDDDD/servidor_minecraft/libraries/net/minecraftforge/forge/1.20.1-47.3.7/forge-1.20.1-47.3.7-universal.jar
[30Jul2026 00:21:33.402] [main/DEBUG] [net.minecraftforge.server.ServerLifecycleHooks/CORE]: Generating PackInfo named mod:fabric_api for mod file /workspaces/XDDDDDDD/servidor_minecraft/mods/fabric-api-0.92.6+1.11.14+1.20.1.jar
[30Jul2026 00:21:33.403] [main/DEBUG] [net.minecraftforge.server.ServerLifecycleHooks/CORE]: Generating PackInfo named mod:fabric_content_registries_v0 for mod file 
[30Jul2026 00:21:33.403] [main/DEBUG] [net.minecraftforge.server.ServerLifecycleHooks/CORE]: Generating PackInfo named mod:fabric_transitive_access_wideners_v1 for mod file 
[30Jul2026 00:21:33.403] [main/DEBUG] [net.minecraftforge.server.ServerLifecycleHooks/CORE]: Generating PackInfo named mod:mtsofficialpack for mod file /workspaces/XDDDDDDD/servidor_minecraft/mods/MTS Official Pack-1.20.1-V29.jar
[30Jul2026 00:21:33.403] [main/DEBUG] [net.minecraftforge.server.ServerLifecycleHooks/CORE]: Generating PackInfo named mod:fabric_game_rule_api_v1 for mod file 
[30Jul2026 00:21:33.403] [main/DEBUG] [net.minecraftforge.server.ServerLifecycleHooks/CORE]: Generating PackInfo named mod:fabric_api_base for mod file 
[30Jul2026 00:21:33.403] [main/DEBUG] [net.minecraftforge.server.ServerLifecycleHooks/CORE]: Generating PackInfo named mod:fabric_api_lookup_api_v1 for mod file 
[30Jul2026 00:21:33.404] [main/DEBUG] [net.minecraftforge.server.ServerLifecycleHooks/CORE]: Generating PackInfo named mod:fabric_blockrenderlayer_v1 for mod file 
[30Jul2026 00:21:33.404] [main/DEBUG] [net.minecraftforge.server.ServerLifecycleHooks/CORE]: Generating PackInfo named mod:creativecore for mod file /workspaces/XDDDDDDD/servidor_minecraft/mods/CreativeCore_FORGE_v2.12.39_mc1.20.1.jar
[30Jul2026 00:21:33.404] [main/DEBUG] [net.minecraftforge.server.ServerLifecycleHooks/CORE]: Generating PackInfo named mod:fabric_block_api_v1 for mod file 
[30Jul2026 00:21:33.404] [main/DEBUG] [net.minecraftforge.server.ServerLifecycleHooks/CORE]: Generating PackInfo named mod:fabric_resource_conditions_api_v1 for mod file 
[30Jul2026 00:21:33.404] [main/DEBUG] [net.minecraftforge.server.ServerLifecycleHooks/CORE]: Generating PackInfo named mod:ksyxis for mod file /workspaces/XDDDDDDD/servidor_minecraft/mods/Ksyxis-1.4.3.jar
[30Jul2026 00:21:33.405] [main/DEBUG] [net.minecraftforge.server.ServerLifecycleHooks/CORE]: Generating PackInfo named mod:lrtactical for mod file /workspaces/XDDDDDDD/servidor_minecraft/mods/lrtactical-1.20.1-0.4.1.jar
[30Jul2026 00:21:33.405] [main/DEBUG] [net.minecraftforge.server.ServerLifecycleHooks/CORE]: Generating PackInfo named mod:kotlinforforge for mod file 
[30Jul2026 00:21:33.405] [main/DEBUG] [net.minecraftforge.server.ServerLifecycleHooks/CORE]: Generating PackInfo named mod:com_moulberry_axiomclientapi for mod file /workspaces/XDDDDDDD/servidor_minecraft/mods/.connector/Axiom-5.1.1-for-MC1.20.1$axiomclientapi_mapped_srg_1.20.1.jar
[30Jul2026 00:21:33.405] [main/DEBUG] [net.minecraftforge.server.ServerLifecycleHooks/CORE]: Generating PackInfo named mod:simplebedrockmodel for mod file 
[30Jul2026 00:21:33.405] [main/DEBUG] [net.minecraftforge.server.ServerLifecycleHooks/CORE]: Generating PackInfo named mod:fabric_item_group_api_v1 for mod file 
[30Jul2026 00:21:33.405] [main/DEBUG] [net.minecraftforge.server.ServerLifecycleHooks/CORE]: Generating PackInfo named mod:com_moulberry_mixinconstraints for mod file /workspaces/XDDDDDDD/servidor_minecraft/mods/.connector/Axiom-5.1.1-for-MC1.20.1$mixinconstraints-1.0.9_mapped_srg_1.20.1.jar
[30Jul2026 00:21:33.405] [main/DEBUG] [net.minecraftforge.server.ServerLifecycleHooks/CORE]: Generating PackInfo named mod:connectormod for mod file 
[30Jul2026 00:21:33.406] [main/DEBUG] [net.minecraftforge.server.ServerLifecycleHooks/CORE]: Generating PackInfo named mod:fabric_biome_api_v1 for mod file 
[30Jul2026 00:21:33.406] [main/DEBUG] [net.minecraftforge.server.ServerLifecycleHooks/CORE]: Generating PackInfo named mod:fabric_entity_events_v1 for mod file 
[30Jul2026 00:21:33.406] [main/DEBUG] [net.minecraftforge.server.ServerLifecycleHooks/CORE]: Generating PackInfo named mod:fabric_registry_sync_v0 for mod file 
[30Jul2026 00:21:33.406] [main/DEBUG] [net.minecraftforge.server.ServerLifecycleHooks/CORE]: Generating PackInfo named mod:architectury for mod file /workspaces/XDDDDDDD/servidor_minecraft/mods/architectury-9.2.14-forge.jar
[30Jul2026 00:21:33.406] [main/DEBUG] [net.minecraftforge.server.ServerLifecycleHooks/CORE]: Generating PackInfo named mod:fabric_recipe_api_v1 for mod file 
[30Jul2026 00:21:33.406] [main/DEBUG] [net.minecraftforge.server.ServerLifecycleHooks/CORE]: Generating PackInfo named mod:ferritecore for mod file /workspaces/XDDDDDDD/servidor_minecraft/mods/ferritecore-6.0.1-forge.jar
[30Jul2026 00:21:33.406] [main/DEBUG] [net.minecraftforge.server.ServerLifecycleHooks/CORE]: Generating PackInfo named mod:fabric_loot_api_v2 for mod file 
[30Jul2026 00:21:33.407] [main/DEBUG] [net.minecraftforge.server.ServerLifecycleHooks/CORE]: Generating PackInfo named mod:fabric_object_builder_api_v1 for mod file 
[30Jul2026 00:21:33.407] [main/DEBUG] [net.minecraftforge.server.ServerLifecycleHooks/CORE]: Generating PackInfo named mod:fabric_rendering_data_attachment_v1 for mod file 
[30Jul2026 00:21:33.407] [main/DEBUG] [net.minecraftforge.server.ServerLifecycleHooks/CORE]: Generating PackInfo named mod:fabric_networking_api_v1 for mod file 
[30Jul2026 00:21:33.407] [main/DEBUG] [net.minecraftforge.server.ServerLifecycleHooks/CORE]: Generating PackInfo named mod:unilib for mod file /workspaces/XDDDDDDD/servidor_minecraft/mods/UniLib-1.2.1+1.20.1-forge.jar
[30Jul2026 00:21:33.407] [main/DEBUG] [net.minecraftforge.server.ServerLifecycleHooks/CORE]: Generating PackInfo named mod:fabric_sound_api_v1 for mod file 
[30Jul2026 00:21:33.407] [main/DEBUG] [net.minecraftforge.server.ServerLifecycleHooks/CORE]: Generating PackInfo named mod:fabric_message_api_v1 for mod file 
[30Jul2026 00:21:33.407] [main/DEBUG] [net.minecraftforge.server.ServerLifecycleHooks/CORE]: Generating PackInfo named mod:lattice for mod file /workspaces/XDDDDDDD/servidor_minecraft/mods/.connector/Axiom-5.1.1-for-MC1.20.1$lattice-1.2.16_mapped_srg_1.20.1.jar
[30Jul2026 00:21:33.408] [main/DEBUG] [net.minecraftforge.server.ServerLifecycleHooks/CORE]: Generating PackInfo named mod:fabric_lifecycle_events_v1 for mod file 
[30Jul2026 00:21:33.408] [main/DEBUG] [net.minecraftforge.server.ServerLifecycleHooks/CORE]: Generating PackInfo named mod:fabric_data_generation_api_v1 for mod file 
[30Jul2026 00:21:33.408] [main/DEBUG] [net.minecraftforge.server.ServerLifecycleHooks/CORE]: Generating PackInfo named mod:fabric_events_interaction_v0 for mod file 
[30Jul2026 00:21:33.408] [main/DEBUG] [net.minecraftforge.server.ServerLifecycleHooks/CORE]: Generating PackInfo named mod:fabric_key_binding_api_v1 for mod file 
[30Jul2026 00:21:33.408] [main/DEBUG] [net.minecraftforge.server.ServerLifecycleHooks/CORE]: Generating PackInfo named mod:fabric_client_tags_api_v1 for mod file 
[30Jul2026 00:21:33.408] [main/DEBUG] [net.minecraftforge.server.ServerLifecycleHooks/CORE]: Generating PackInfo named mod:axiom for mod file /workspaces/XDDDDDDD/servidor_minecraft/mods/.connector/Axiom-5.1.1-for-MC1.20.1_mapped_srg_1.20.1.jar
[30Jul2026 00:21:33.411] [main/INFO] [net.minecraft.server.MinecraftServer/]: Found new data pack fabric, loading it automatically
[30Jul2026 00:21:33.411] [main/INFO] [net.minecraft.server.MinecraftServer/]: Found new data pack tacz_resources, loading it automatically
[30Jul2026 00:21:33.413] [main/DEBUG] [mixin/]: Mixing LifecycledResourceManagerImplMixin from fabric-resource-loader-v0.mixins.json into net.minecraft.server.packs.resources.MultiPackResourceManager
[30Jul2026 00:21:33.413] [main/DEBUG] [mixin/]: fabric-resource-loader-v0.mixins.json:LifecycledResourceManagerImplMixin from mod fabric_resource_loader_v0: Class version 61 required is higher than the class version supported by the current version of Mixin (JAVA_16 supports class version 60)
[30Jul2026 00:21:33.414] [main/DEBUG] [mixin/]: fabric-resource-loader-v0.mixins.json:LifecycledResourceManagerImplMixin from mod fabric_resource_loader_v0->@Inject::init(Lnet/minecraft/server/packs/PackType;Ljava/util/List;Lorg/spongepowered/asm/mixin/injection/callback/CallbackInfo;)V doesn't use it's CallbackInfo
[30Jul2026 00:21:33.414] [main/DEBUG] [mixin/]: fabric-resource-loader-v0.mixins.json:LifecycledResourceManagerImplMixin from mod fabric_resource_loader_v0->@Inject::init(Lnet/minecraft/server/packs/PackType;Ljava/util/List;Lorg/spongepowered/asm/mixin/injection/callback/CallbackInfo;)V has 0 override(s) in child classes
[30Jul2026 00:21:33.414] [main/DEBUG] [mixin/]: fabric-resource-loader-v0.mixins.json:LifecycledResourceManagerImplMixin from mod fabric_resource_loader_v0->@Inject::init(Lnet/minecraft/server/packs/PackType;Ljava/util/List;Lorg/spongepowered/asm/mixin/injection/callback/CallbackInfo;)V won't be passed a CallbackInfo as a result
[30Jul2026 00:21:33.421] [main/DEBUG] [mixin/]: Mixing NamespaceResourceManagerMixin from fabric-resource-loader-v0.mixins.json into net.minecraft.server.packs.resources.FallbackResourceManager
[30Jul2026 00:21:33.422] [main/DEBUG] [mixin/]: fabric-resource-loader-v0.mixins.json:NamespaceResourceManagerMixin from mod fabric_resource_loader_v0: Class version 61 required is higher than the class version supported by the current version of Mixin (JAVA_16 supports class version 60)
[30Jul2026 00:21:33.423] [main/DEBUG] [mixin/]: fabric-resource-loader-v0.mixins.json:NamespaceResourceManagerMixin from mod fabric_resource_loader_v0->@Inject::onGetAllResources(Lnet/minecraft/resources/ResourceLocation;Lorg/spongepowered/asm/mixin/injection/callback/CallbackInfoReturnable;Lnet/minecraft/resources/ResourceLocation;Ljava/util/List;)V doesn't use it's CallbackInfoReturnable
[30Jul2026 00:21:33.423] [main/DEBUG] [mixin/]: fabric-resource-loader-v0.mixins.json:NamespaceResourceManagerMixin from mod fabric_resource_loader_v0->@Inject::onGetAllResources(Lnet/minecraft/resources/ResourceLocation;Lorg/spongepowered/asm/mixin/injection/callback/CallbackInfoReturnable;Lnet/minecraft/resources/ResourceLocation;Ljava/util/List;)V has 0 override(s) in child classes
[30Jul2026 00:21:33.423] [main/DEBUG] [mixin/]: fabric-resource-loader-v0.mixins.json:NamespaceResourceManagerMixin from mod fabric_resource_loader_v0->@Inject::onGetAllResources(Lnet/minecraft/resources/ResourceLocation;Lorg/spongepowered/asm/mixin/injection/callback/CallbackInfoReturnable;Lnet/minecraft/resources/ResourceLocation;Ljava/util/List;)V won't be passed a CallbackInfoReturnable as a result
[30Jul2026 00:21:33.452] [main/DEBUG] [ModernFix/]: Generated cache for /assets in 1.106 ms
[30Jul2026 00:21:33.453] [main/DEBUG] [ModernFix/]: Generated cache for /assets in 135.4 μs
[30Jul2026 00:21:33.456] [main/DEBUG] [ModernFix/]: Generated cache for /assets in 2.732 ms
[30Jul2026 00:21:33.456] [main/DEBUG] [ModernFix/]: Generated cache for /assets in 93.92 μs
[30Jul2026 00:21:33.456] [main/DEBUG] [ModernFix/]: Generated cache for /assets in 106.1 μs
[30Jul2026 00:21:33.533] [main/DEBUG] [ModernFix/]: Generated cache for /assets in 76.13 ms
[30Jul2026 00:21:33.650] [main/DEBUG] [ModernFix/]: Generated cache for /assets in 116.3 ms
[30Jul2026 00:21:33.650] [main/DEBUG] [ModernFix/]: Generated cache for /assets in 175.6 μs
[30Jul2026 00:21:33.650] [main/DEBUG] [ModernFix/]: Generated cache for /assets in 73.60 μs
[30Jul2026 00:21:33.651] [main/DEBUG] [ModernFix/]: Generated cache for /assets in 85.96 μs
[30Jul2026 00:21:33.651] [main/DEBUG] [ModernFix/]: Generated cache for /assets in 82.18 μs
[30Jul2026 00:21:33.651] [main/DEBUG] [ModernFix/]: Generated cache for /assets in 114.6 μs
[30Jul2026 00:21:33.652] [main/DEBUG] [ModernFix/]: Generated cache for /assets in 298.0 μs
[30Jul2026 00:21:33.652] [main/DEBUG] [ModernFix/]: Generated cache for /assets in 82.55 μs
[30Jul2026 00:21:33.652] [main/DEBUG] [ModernFix/]: Generated cache for /assets in 85.01 μs
[30Jul2026 00:21:33.653] [main/DEBUG] [ModernFix/]: Generated cache for /assets in 82.27 μs
[30Jul2026 00:21:33.653] [main/DEBUG] [ModernFix/]: Generated cache for /assets in 401.7 μs
[30Jul2026 00:21:33.654] [main/DEBUG] [ModernFix/]: Generated cache for /assets in 81.26 μs
[30Jul2026 00:21:33.660] [main/DEBUG] [ModernFix/]: Generated cache for /assets in 6.231 ms
[30Jul2026 00:21:33.660] [main/DEBUG] [ModernFix/]: Generated cache for /assets in 64.58 μs
[30Jul2026 00:21:33.660] [main/DEBUG] [ModernFix/]: Generated cache for /assets in 57.26 μs
[30Jul2026 00:21:33.667] [main/DEBUG] [ModernFix/]: Generated cache for /assets in 5.972 ms
[30Jul2026 00:21:33.667] [main/DEBUG] [ModernFix/]: Generated cache for /assets in 126.2 μs
[30Jul2026 00:21:33.667] [main/DEBUG] [ModernFix/]: Generated cache for /assets in 344.0 μs
[30Jul2026 00:21:33.668] [main/DEBUG] [ModernFix/]: Generated cache for /assets in 69.05 μs
[30Jul2026 00:21:33.668] [main/DEBUG] [ModernFix/]: Generated cache for /assets in 77.32 μs
[30Jul2026 00:21:33.668] [main/DEBUG] [ModernFix/]: Generated cache for /assets in 83.93 μs
[30Jul2026 00:21:33.671] [main/DEBUG] [ModernFix/]: Generated cache for /assets in 1.827 ms
[30Jul2026 00:21:33.673] [main/DEBUG] [ModernFix/]: Generated cache for /assets in 70.82 μs
[30Jul2026 00:21:33.796] [main/DEBUG] [ModernFix/]: Generated cache for /assets in 122.1 ms
[30Jul2026 00:21:33.796] [main/DEBUG] [ModernFix/]: Generated cache for /assets in 97.88 μs
[30Jul2026 00:21:33.801] [main/DEBUG] [ModernFix/]: Generated cache for /assets in 4.640 ms
[30Jul2026 00:21:33.801] [main/DEBUG] [ModernFix/]: Generated cache for /assets in 73.34 μs
[30Jul2026 00:21:33.801] [main/DEBUG] [ModernFix/]: Generated cache for /assets in 61.66 μs
[30Jul2026 00:21:33.801] [main/DEBUG] [ModernFix/]: Generated cache for /assets in 60.35 μs
[30Jul2026 00:21:33.802] [main/DEBUG] [ModernFix/]: Generated cache for /assets in 354.5 μs
[30Jul2026 00:21:33.802] [main/DEBUG] [ModernFix/]: Generated cache for /assets in 63.13 μs
[30Jul2026 00:21:33.802] [main/DEBUG] [ModernFix/]: Generated cache for /assets in 100.1 μs
[30Jul2026 00:21:33.802] [main/DEBUG] [ModernFix/]: Generated cache for /assets in 65.41 μs
[30Jul2026 00:21:33.808] [main/DEBUG] [ModernFix/]: Generated cache for /assets in 5.128 ms
[30Jul2026 00:21:33.808] [main/DEBUG] [ModernFix/]: Generated cache for /assets in 75.40 μs
[30Jul2026 00:21:33.808] [main/DEBUG] [ModernFix/]: Generated cache for /assets in 64.20 μs
[30Jul2026 00:21:33.808] [main/DEBUG] [ModernFix/]: Generated cache for /assets in 61.52 μs
[30Jul2026 00:21:33.809] [main/DEBUG] [ModernFix/]: Generated cache for /assets in 60.27 μs
[30Jul2026 00:21:33.809] [main/DEBUG] [ModernFix/]: Generated cache for /assets in 64.96 μs
[30Jul2026 00:21:33.810] [main/DEBUG] [ModernFix/]: Generated cache for /assets in 950.5 μs
[30Jul2026 00:21:33.810] [main/DEBUG] [ModernFix/]: Generated cache for /assets in 131.8 μs
[30Jul2026 00:21:33.810] [main/DEBUG] [ModernFix/]: Generated cache for /assets in 62.65 μs
[30Jul2026 00:21:33.810] [main/DEBUG] [ModernFix/]: Generated cache for /assets in 67.92 μs
[30Jul2026 00:21:33.811] [main/DEBUG] [ModernFix/]: Generated cache for /assets in 69.18 μs
[30Jul2026 00:21:33.811] [main/DEBUG] [ModernFix/]: Generated cache for /assets in 88.38 μs
[30Jul2026 00:21:33.811] [main/DEBUG] [ModernFix/]: Generated cache for /assets in 62.21 μs
[30Jul2026 00:21:33.811] [main/DEBUG] [ModernFix/]: Generated cache for /assets in 93.21 μs
[30Jul2026 00:21:33.811] [main/DEBUG] [ModernFix/]: Generated cache for /assets in 62.05 μs
[30Jul2026 00:21:33.812] [main/DEBUG] [ModernFix/]: Generated cache for /assets in 68.10 μs
[30Jul2026 00:21:33.812] [main/DEBUG] [ModernFix/]: Generated cache for /assets in 62.97 μs
[30Jul2026 00:21:33.812] [main/DEBUG] [ModernFix/]: Generated cache for /assets in 99.71 μs
[30Jul2026 00:21:33.812] [main/DEBUG] [ModernFix/]: Generated cache for /assets in 66.75 μs
[30Jul2026 00:21:33.813] [main/DEBUG] [ModernFix/]: Generated cache for /assets in 463.9 μs
[30Jul2026 00:21:34.399] [main/DEBUG] [mixin/]: Mixing bugfix.registry_ops_cme.RegistryOpsMemoizedMixin from modernfix-modernfix.mixins.json into net.minecraft.resources.RegistryOps$1
[30Jul2026 00:21:34.401] [main/DEBUG] [mixin/]: modernfix-modernfix.mixins.json:bugfix.registry_ops_cme.RegistryOpsMemoizedMixin from mod modernfix->@Inject::useConcurrentMap(Lnet/minecraft/resources/RegistryOps$RegistryInfoLookup;Lorg/spongepowered/asm/mixin/injection/callback/CallbackInfo;)V doesn't use it's CallbackInfo
[30Jul2026 00:21:34.402] [main/DEBUG] [mixin/]: modernfix-modernfix.mixins.json:bugfix.registry_ops_cme.RegistryOpsMemoizedMixin from mod modernfix->@Inject::useConcurrentMap(Lnet/minecraft/resources/RegistryOps$RegistryInfoLookup;Lorg/spongepowered/asm/mixin/injection/callback/CallbackInfo;)V has 0 override(s) in child classes
[30Jul2026 00:21:34.402] [main/DEBUG] [mixin/]: modernfix-modernfix.mixins.json:bugfix.registry_ops_cme.RegistryOpsMemoizedMixin from mod modernfix->@Inject::useConcurrentMap(Lnet/minecraft/resources/RegistryOps$RegistryInfoLookup;Lorg/spongepowered/asm/mixin/injection/callback/CallbackInfo;)V won't be passed a CallbackInfo as a result
[30Jul2026 00:21:34.403] [main/DEBUG] [FabricRegistrySync/]: Reading registry data from ./world/data/fabricRegistry.dat
[30Jul2026 00:21:34.403] [main/DEBUG] [FabricRegistrySync/]: Reading registry data from ./world/data/fabricRegistry.dat.1
[30Jul2026 00:21:34.403] [main/DEBUG] [FabricRegistrySync/]: Reading registry data from ./world/data/fabricRegistry.dat.2
[30Jul2026 00:21:34.403] [main/DEBUG] [FabricRegistrySync/]: Starting registry save
[30Jul2026 00:21:34.403] [main/DEBUG] [FabricRegistrySync/]: Not saving registry: minecraft:command_argument_type
[30Jul2026 00:21:34.403] [main/DEBUG] [FabricRegistrySync/]: Not saving registry: minecraft:item
[30Jul2026 00:21:34.403] [main/DEBUG] [FabricRegistrySync/]: Not saving registry: minecraft:block_entity_type
[30Jul2026 00:21:34.403] [main/DEBUG] [FabricRegistrySync/]: Not saving registry: minecraft:custom_stat
[30Jul2026 00:21:34.403] [main/DEBUG] [FabricRegistrySync/]: Not saving registry: minecraft:worldgen/foliage_placer_type
[30Jul2026 00:21:34.403] [main/DEBUG] [FabricRegistrySync/]: Not saving registry: minecraft:stat_type
[30Jul2026 00:21:34.403] [main/DEBUG] [FabricRegistrySync/]: Not saving registry: minecraft:worldgen/material_rule
[30Jul2026 00:21:34.403] [main/DEBUG] [FabricRegistrySync/]: Not saving registry: minecraft:worldgen/structure_type
[30Jul2026 00:21:34.403] [main/DEBUG] [FabricRegistrySync/]: Not saving registry: minecraft:attribute
[30Jul2026 00:21:34.403] [main/DEBUG] [FabricRegistrySync/]: Not saving registry: minecraft:position_source_type
[30Jul2026 00:21:34.403] [main/DEBUG] [FabricRegistrySync/]: Not saving registry: minecraft:height_provider_type
[30Jul2026 00:21:34.403] [main/DEBUG] [FabricRegistrySync/]: Not saving registry: minecraft:rule_block_entity_modifier
[30Jul2026 00:21:34.403] [main/DEBUG] [FabricRegistrySync/]: Not saving registry: minecraft:worldgen/density_function_type
[30Jul2026 00:21:34.403] [main/DEBUG] [FabricRegistrySync/]: Not saving registry: minecraft:fluid
[30Jul2026 00:21:34.403] [main/DEBUG] [FabricRegistrySync/]: Not saving registry: forge:global_loot_modifier_serializers
[30Jul2026 00:21:34.403] [main/DEBUG] [FabricRegistrySync/]: Not saving registry: minecraft:loot_condition_type
[30Jul2026 00:21:34.403] [main/DEBUG] [FabricRegistrySync/]: Not saving registry: minecraft:worldgen/structure_pool_element
[30Jul2026 00:21:34.403] [main/DEBUG] [FabricRegistrySync/]: Not saving registry: minecraft:activity
[30Jul2026 00:21:34.404] [main/DEBUG] [FabricRegistrySync/]: Not saving registry: minecraft:recipe_serializer
[30Jul2026 00:21:34.404] [main/DEBUG] [FabricRegistrySync/]: Not saving registry: minecraft:frog_variant
[30Jul2026 00:21:34.404] [main/DEBUG] [FabricRegistrySync/]: Not saving registry: minecraft:banner_pattern
[30Jul2026 00:21:34.404] [main/DEBUG] [FabricRegistrySync/]: Not saving registry: minecraft:instrument
[30Jul2026 00:21:34.404] [main/DEBUG] [FabricRegistrySync/]: Not saving registry: minecraft:decorated_pot_patterns
[30Jul2026 00:21:34.404] [main/DEBUG] [FabricRegistrySync/]: Not saving registry: minecraft:worldgen/feature_size_type
[30Jul2026 00:21:34.404] [main/DEBUG] [FabricRegistrySync/]: Not saving registry: minecraft:point_of_interest_type
[30Jul2026 00:21:34.404] [main/DEBUG] [FabricRegistrySync/]: Not saving registry: minecraft:mob_effect
[30Jul2026 00:21:34.404] [main/DEBUG] [FabricRegistrySync/]: Not saving registry: minecraft:loot_pool_entry_type
[30Jul2026 00:21:34.404] [main/DEBUG] [FabricRegistrySync/]: Not saving registry: minecraft:worldgen/block_state_provider_type
[30Jul2026 00:21:34.404] [main/DEBUG] [FabricRegistrySync/]: Not saving registry: minecraft:worldgen/chunk_generator
[30Jul2026 00:21:34.404] [main/DEBUG] [FabricRegistrySync/]: Not saving registry: minecraft:float_provider_type
[30Jul2026 00:21:34.404] [main/DEBUG] [FabricRegistrySync/]: Not saving registry: minecraft:chunk_status
[30Jul2026 00:21:34.404] [main/DEBUG] [FabricRegistrySync/]: Not saving registry: minecraft:enchantment
[30Jul2026 00:21:34.404] [main/DEBUG] [FabricRegistrySync/]: Not saving registry: minecraft:loot_function_type
[30Jul2026 00:21:34.404] [main/DEBUG] [FabricRegistrySync/]: Not saving registry: minecraft:worldgen/structure_processor
[30Jul2026 00:21:34.404] [main/DEBUG] [FabricRegistrySync/]: Not saving registry: minecraft:loot_score_provider_type
[30Jul2026 00:21:34.404] [main/DEBUG] [FabricRegistrySync/]: Not saving registry: minecraft:worldgen/tree_decorator_type
[30Jul2026 00:21:34.404] [main/DEBUG] [FabricRegistrySync/]: Not saving registry: minecraft:schedule
[30Jul2026 00:21:34.404] [main/DEBUG] [FabricRegistrySync/]: Not saving registry: minecraft:worldgen/material_condition
[30Jul2026 00:21:34.404] [main/DEBUG] [FabricRegistrySync/]: Not saving registry: minecraft:entity_type
[30Jul2026 00:21:34.404] [main/DEBUG] [FabricRegistrySync/]: Not saving registry: minecraft:villager_profession
[30Jul2026 00:21:34.404] [main/DEBUG] [FabricRegistrySync/]: Not saving registry: minecraft:potion
[30Jul2026 00:21:34.404] [main/DEBUG] [FabricRegistrySync/]: Not saving registry: minecraft:recipe_type
[30Jul2026 00:21:34.404] [main/DEBUG] [FabricRegistrySync/]: Not saving registry: minecraft:int_provider_type
[30Jul2026 00:21:34.404] [main/DEBUG] [FabricRegistrySync/]: Not saving registry: minecraft:worldgen/feature
[30Jul2026 00:21:34.404] [main/DEBUG] [FabricRegistrySync/]: Not saving registry: minecraft:cat_variant
[30Jul2026 00:21:34.404] [main/DEBUG] [FabricRegistrySync/]: Not saving registry: minecraft:pos_rule_test
[30Jul2026 00:21:34.404] [main/DEBUG] [FabricRegistrySync/]: Not saving registry: minecraft:worldgen/structure_placement
[30Jul2026 00:21:34.404] [main/DEBUG] [FabricRegistrySync/]: Not saving registry: minecraft:loot_nbt_provider_type
[30Jul2026 00:21:34.404] [main/DEBUG] [FabricRegistrySync/]: Not saving registry: minecraft:menu
[30Jul2026 00:21:34.404] [main/DEBUG] [FabricRegistrySync/]: Not saving registry: minecraft:worldgen/trunk_placer_type
[30Jul2026 00:21:34.404] [main/DEBUG] [FabricRegistrySync/]: Not saving registry: minecraft:creative_mode_tab
[30Jul2026 00:21:34.404] [main/DEBUG] [FabricRegistrySync/]: Not saving registry: minecraft:worldgen/placement_modifier_type
[30Jul2026 00:21:34.404] [main/DEBUG] [FabricRegistrySync/]: Not saving registry: minecraft:worldgen/carver
[30Jul2026 00:21:34.404] [main/DEBUG] [FabricRegistrySync/]: Not saving registry: minecraft:loot_number_provider_type
[30Jul2026 00:21:34.404] [main/DEBUG] [FabricRegistrySync/]: Not saving registry: minecraft:worldgen/structure_piece
[30Jul2026 00:21:34.404] [main/DEBUG] [FabricRegistrySync/]: Not saving registry: minecraft:sound_event
[30Jul2026 00:21:34.404] [main/DEBUG] [FabricRegistrySync/]: Not saving registry: minecraft:particle_type
[30Jul2026 00:21:34.404] [main/DEBUG] [FabricRegistrySync/]: Not saving registry: minecraft:game_event
[30Jul2026 00:21:34.404] [main/DEBUG] [FabricRegistrySync/]: Not saving registry: minecraft:worldgen/biome_source
[30Jul2026 00:21:34.404] [main/DEBUG] [FabricRegistrySync/]: Not saving registry: minecraft:worldgen/root_placer_type
[30Jul2026 00:21:34.405] [main/DEBUG] [FabricRegistrySync/]: Not saving registry: minecraft:villager_type
[30Jul2026 00:21:34.405] [main/DEBUG] [FabricRegistrySync/]: Not saving registry: minecraft:painting_variant
[30Jul2026 00:21:34.405] [main/DEBUG] [FabricRegistrySync/]: Not saving registry: forge:fluid_type
[30Jul2026 00:21:34.405] [main/DEBUG] [FabricRegistrySync/]: Not saving registry: minecraft:block_predicate_type
[30Jul2026 00:21:34.405] [main/DEBUG] [FabricRegistrySync/]: Not saving registry: minecraft:block
[30Jul2026 00:21:34.405] [main/DEBUG] [FabricRegistrySync/]: Not saving registry: forge:entity_data_serializers
[30Jul2026 00:21:34.405] [main/DEBUG] [FabricRegistrySync/]: Not saving registry: minecraft:sensor_type
[30Jul2026 00:21:34.405] [main/DEBUG] [FabricRegistrySync/]: Not saving registry: minecraft:rule_test
[30Jul2026 00:21:34.405] [main/DEBUG] [FabricRegistrySync/]: Not saving registry: minecraft:memory_module_type
[30Jul2026 00:21:34.405] [main/DEBUG] [FabricRegistrySync/]: Not saving empty registry data
[30Jul2026 00:21:34.432] [main/DEBUG] [mixin/]: Mixing KeyedResourceReloadListenerMixin from fabric-resource-loader-v0.mixins.json into net.minecraft.world.level.storage.loot.LootDataManager
[30Jul2026 00:21:34.432] [main/DEBUG] [mixin/]: fabric-resource-loader-v0.mixins.json:KeyedResourceReloadListenerMixin from mod fabric_resource_loader_v0: Class version 61 required is higher than the class version supported by the current version of Mixin (JAVA_16 supports class version 60)
[30Jul2026 00:21:34.433] [main/DEBUG] [mixin/]: Mixing LootManagerMixin from fabric-resource-conditions-api-v1.mixins.json into net.minecraft.world.level.storage.loot.LootDataManager
[30Jul2026 00:21:34.433] [main/DEBUG] [mixin/]: fabric-resource-conditions-api-v1.mixins.json:LootManagerMixin from mod fabric_resource_conditions_api_v1: Class version 61 required is higher than the class version supported by the current version of Mixin (JAVA_16 supports class version 60)
[30Jul2026 00:21:34.434] [main/DEBUG] [mixin/]: Mixing MixinLootDataManager from architectury.mixins.json into net.minecraft.world.level.storage.loot.LootDataManager
[30Jul2026 00:21:34.435] [main/DEBUG] [mixin/]: Mixing LootManagerMixin from fabric-loot-api-v2.mixins.json into net.minecraft.world.level.storage.loot.LootDataManager
[30Jul2026 00:21:34.435] [main/DEBUG] [mixin/]: fabric-loot-api-v2.mixins.json:LootManagerMixin from mod fabric_loot_api_v2: Class version 61 required is higher than the class version supported by the current version of Mixin (JAVA_8 supports class version 52)
[30Jul2026 00:21:34.435] [main/DEBUG] [mixin/]: Renaming synthetic method lambda$applyLootTableEvents$1(Lcom/google/common/collect/ImmutableMap$Builder;Lnet/minecraft/server/packs/resources/ResourceManager;Lnet/minecraft/world/level/storage/loot/LootDataManager;Lnet/minecraft/world/level/storage/loot/LootDataId;Ljava/lang/Object;)V to mdda8f76$fabric_loot_api_v2$lambda$applyLootTableEvents$1$0 in fabric-loot-api-v2.mixins.json:LootManagerMixin from mod fabric_loot_api_v2
[30Jul2026 00:21:34.435] [main/DEBUG] [mixin/]: Renaming synthetic method lambda$reload$0(Lnet/minecraft/server/packs/resources/ResourceManager;Lnet/minecraft/world/level/storage/loot/LootDataManager;)V to mdda8f76$fabric_loot_api_v2$lambda$reload$0$1 in fabric-loot-api-v2.mixins.json:LootManagerMixin from mod fabric_loot_api_v2
[30Jul2026 00:21:34.440] [main/DEBUG] [mixin/]: fabric-resource-conditions-api-v1.mixins.json:LootManagerMixin from mod fabric_resource_conditions_api_v1->@Inject::load(Lnet/minecraft/world/level/storage/loot/LootDataType;Lnet/minecraft/server/packs/resources/ResourceManager;Ljava/util/concurrent/Executor;Ljava/util/Map;Lorg/spongepowered/asm/mixin/injection/callback/CallbackInfoReturnable;Ljava/util/Map;)V doesn't use it's CallbackInfoReturnable
[30Jul2026 00:21:34.440] [main/DEBUG] [mixin/]: fabric-resource-conditions-api-v1.mixins.json:LootManagerMixin from mod fabric_resource_conditions_api_v1->@Inject::runAsync(Lnet/minecraft/server/packs/resources/ResourceManager;Lnet/minecraft/world/level/storage/loot/LootDataType;Ljava/util/Map;Lorg/spongepowered/asm/mixin/injection/callback/CallbackInfo;)V doesn't use it's CallbackInfo
[30Jul2026 00:21:34.440] [main/DEBUG] [mixin/]: fabric-resource-conditions-api-v1.mixins.json:LootManagerMixin from mod fabric_resource_conditions_api_v1->@Inject::applyResourceConditions(Lnet/minecraft/world/level/storage/loot/LootDataType;Lnet/minecraft/server/packs/resources/ResourceManager;Ljava/util/Map;Lnet/minecraft/resources/ResourceLocation;Lcom/google/gson/JsonElement;Lorg/spongepowered/asm/mixin/injection/callback/CallbackInfo;)V does use it's CallbackInfo
[30Jul2026 00:21:34.440] [main/DEBUG] [mixin/]: fabric-resource-conditions-api-v1.mixins.json:LootManagerMixin from mod fabric_resource_conditions_api_v1->@Inject::runAsyncEnd(Lnet/minecraft/server/packs/resources/ResourceManager;Lnet/minecraft/world/level/storage/loot/LootDataType;Ljava/util/Map;Lorg/spongepowered/asm/mixin/injection/callback/CallbackInfo;)V doesn't use it's CallbackInfo
[30Jul2026 00:21:34.440] [main/DEBUG] [mixin/]: architectury.mixins.json:MixinLootDataManager from mod architectury->@Inject::reload(Lnet/minecraft/server/packs/resources/PreparableReloadListener$PreparationBarrier;Lnet/minecraft/server/packs/resources/ResourceManager;Lnet/minecraft/util/profiling/ProfilerFiller;Lnet/minecraft/util/profiling/ProfilerFiller;Ljava/util/concurrent/Executor;Ljava/util/concurrent/Executor;Lorg/spongepowered/asm/mixin/injection/callback/CallbackInfoReturnable;)V doesn't use it's CallbackInfoReturnable
[30Jul2026 00:21:34.440] [main/DEBUG] [mixin/]: architectury.mixins.json:MixinLootDataManager from mod architectury->@Inject::reload(Lnet/minecraft/server/packs/resources/PreparableReloadListener$PreparationBarrier;Lnet/minecraft/server/packs/resources/ResourceManager;Lnet/minecraft/util/profiling/ProfilerFiller;Lnet/minecraft/util/profiling/ProfilerFiller;Ljava/util/concurrent/Executor;Ljava/util/concurrent/Executor;Lorg/spongepowered/asm/mixin/injection/callback/CallbackInfoReturnable;)V has 0 override(s) in child classes
[30Jul2026 00:21:34.440] [main/DEBUG] [mixin/]: architectury.mixins.json:MixinLootDataManager from mod architectury->@Inject::reload(Lnet/minecraft/server/packs/resources/PreparableReloadListener$PreparationBarrier;Lnet/minecraft/server/packs/resources/ResourceManager;Lnet/minecraft/util/profiling/ProfilerFiller;Lnet/minecraft/util/profiling/ProfilerFiller;Ljava/util/concurrent/Executor;Ljava/util/concurrent/Executor;Lorg/spongepowered/asm/mixin/injection/callback/CallbackInfoReturnable;)V won't be passed a CallbackInfoReturnable as a result
[30Jul2026 00:21:34.440] [main/DEBUG] [mixin/]: fabric-loot-api-v2.mixins.json:LootManagerMixin from mod fabric_loot_api_v2->@Inject::reload(Lnet/minecraft/server/packs/resources/PreparableReloadListener$PreparationBarrier;Lnet/minecraft/server/packs/resources/ResourceManager;Lnet/minecraft/util/profiling/ProfilerFiller;Lnet/minecraft/util/profiling/ProfilerFiller;Ljava/util/concurrent/Executor;Ljava/util/concurrent/Executor;Lorg/spongepowered/asm/mixin/injection/callback/CallbackInfoReturnable;)V does use it's CallbackInfoReturnable
[30Jul2026 00:21:34.451] [main/DEBUG] [mixin/]: Mixing LootPoolAccessor from fabric-loot-api-v2.mixins.json into net.minecraft.world.level.storage.loot.LootPool
[30Jul2026 00:21:34.451] [main/DEBUG] [mixin/]: fabric-loot-api-v2.mixins.json:LootPoolAccessor from mod fabric_loot_api_v2: Class version 61 required is higher than the class version supported by the current version of Mixin (JAVA_8 supports class version 52)
[30Jul2026 00:21:34.454] [main/DEBUG] [mixin/]: Mixing KeyedResourceReloadListenerMixin from fabric-resource-loader-v0.mixins.json into net.minecraft.tags.TagManager
[30Jul2026 00:21:34.454] [main/DEBUG] [mixin/]: fabric-resource-loader-v0.mixins.json:KeyedResourceReloadListenerMixin from mod fabric_resource_loader_v0: Class version 61 required is higher than the class version supported by the current version of Mixin (JAVA_16 supports class version 60)
[30Jul2026 00:21:34.455] [main/DEBUG] [mixin/]: Mixing TagManagerLoaderMixin from fabric-resource-conditions-api-v1.mixins.json into net.minecraft.tags.TagManager
[30Jul2026 00:21:34.455] [main/DEBUG] [mixin/]: fabric-resource-conditions-api-v1.mixins.json:TagManagerLoaderMixin from mod fabric_resource_conditions_api_v1: Class version 61 required is higher than the class version supported by the current version of Mixin (JAVA_16 supports class version 60)
[30Jul2026 00:21:34.456] [main/DEBUG] [mixin/]: fabric-resource-conditions-api-v1.mixins.json:TagManagerLoaderMixin from mod fabric_resource_conditions_api_v1->@Inject::hookApply(Ljava/util/List;Ljava/lang/Void;Lorg/spongepowered/asm/mixin/injection/callback/CallbackInfo;)V doesn't use it's CallbackInfo
[30Jul2026 00:21:34.456] [main/DEBUG] [mixin/]: fabric-resource-conditions-api-v1.mixins.json:TagManagerLoaderMixin from mod fabric_resource_conditions_api_v1->@Inject::hookApply(Ljava/util/List;Ljava/lang/Void;Lorg/spongepowered/asm/mixin/injection/callback/CallbackInfo;)V has 0 override(s) in child classes
[30Jul2026 00:21:34.456] [main/DEBUG] [mixin/]: fabric-resource-conditions-api-v1.mixins.json:TagManagerLoaderMixin from mod fabric_resource_conditions_api_v1->@Inject::hookApply(Ljava/util/List;Ljava/lang/Void;Lorg/spongepowered/asm/mixin/injection/callback/CallbackInfo;)V won't be passed a CallbackInfo as a result
[30Jul2026 00:21:34.532] [main/DEBUG] [mixin/]: Mixing GameRuleCommandAccessor from fabric-game-rule-api-v1.mixins.json into net.minecraft.server.commands.GameRuleCommand
[30Jul2026 00:21:34.532] [main/DEBUG] [mixin/]: fabric-game-rule-api-v1.mixins.json:GameRuleCommandAccessor from mod fabric_game_rule_api_v1: Class version 61 required is higher than the class version supported by the current version of Mixin (JAVA_16 supports class version 60)
[30Jul2026 00:21:34.533] [main/DEBUG] [mixin/]: Renaming @Invoker method invokeExecuteSet(Lcom/mojang/brigadier/context/CommandContext;Lnet/minecraft/world/level/GameRules$Key;)I to invokeExecuteSet$fabric_game_rule_api_v1_$md$da8f76$0 in fabric-game-rule-api-v1.mixins.json:GameRuleCommandAccessor from mod fabric_game_rule_api_v1
[30Jul2026 00:21:34.533] [main/DEBUG] [mixin/]: Renaming @Invoker method invokeExecuteQuery(Lnet/minecraft/commands/CommandSourceStack;Lnet/minecraft/world/level/GameRules$Key;)I to invokeExecuteQuery$fabric_game_rule_api_v1_$md$da8f76$1 in fabric-game-rule-api-v1.mixins.json:GameRuleCommandAccessor from mod fabric_game_rule_api_v1
[30Jul2026 00:21:34.534] [main/DEBUG] [mixin/]: Mixing GameRuleCommandVisitorMixin from fabric-game-rule-api-v1.mixins.json into net.minecraft.server.commands.GameRuleCommand$1
[30Jul2026 00:21:34.534] [main/DEBUG] [mixin/]: fabric-game-rule-api-v1.mixins.json:GameRuleCommandVisitorMixin from mod fabric_game_rule_api_v1: Class version 61 required is higher than the class version supported by the current version of Mixin (JAVA_16 supports class version 60)
[30Jul2026 00:21:34.535] [main/DEBUG] [mixin/]: fabric-game-rule-api-v1.mixins.json:GameRuleCommandVisitorMixin from mod fabric_game_rule_api_v1->@Inject::onRegisterCommand(Lnet/minecraft/world/level/GameRules$Key;Lnet/minecraft/world/level/GameRules$Type;Lorg/spongepowered/asm/mixin/injection/callback/CallbackInfo;)V does use it's CallbackInfo
[30Jul2026 00:21:34.575] [main/DEBUG] [net.minecraftforge.coremod.transformer.CoreModBaseTransformer/COREMOD]: Transforming net/minecraft/server/commands/SummonCommand
[30Jul2026 00:21:34.662] [main/DEBUG] [mixin/]: Mixing perf.potential_spawns_alloc.ForgeEventFactoryMixin from modernfix-modernfix.mixins.json into net.minecraftforge.event.ForgeEventFactory
[30Jul2026 00:21:34.684] [main/DEBUG] [mixin/]: Mixing perf.potential_spawns_alloc.PotentialSpawnsMixin from modernfix-modernfix.mixins.json into net.minecraftforge.event.level.LevelEvent$PotentialSpawns
[30Jul2026 00:21:34.688] [main/DEBUG] [mixin/]: modernfix-modernfix.mixins.json:perf.potential_spawns_alloc.PotentialSpawnsMixin from mod modernfix->@Inject::initializeSmartLists(Lnet/minecraft/world/level/LevelAccessor;Lnet/minecraft/world/entity/MobCategory;Lnet/minecraft/core/BlockPos;Lnet/minecraft/util/random/WeightedRandomList;Lorg/spongepowered/asm/mixin/injection/callback/CallbackInfo;)V doesn't use it's CallbackInfo
[30Jul2026 00:21:34.688] [main/DEBUG] [mixin/]: modernfix-modernfix.mixins.json:perf.potential_spawns_alloc.PotentialSpawnsMixin from mod modernfix->@Inject::initializeSmartLists(Lnet/minecraft/world/level/LevelAccessor;Lnet/minecraft/world/entity/MobCategory;Lnet/minecraft/core/BlockPos;Lnet/minecraft/util/random/WeightedRandomList;Lorg/spongepowered/asm/mixin/injection/callback/CallbackInfo;)V has 0 override(s) in child classes
[30Jul2026 00:21:34.688] [main/DEBUG] [mixin/]: modernfix-modernfix.mixins.json:perf.potential_spawns_alloc.PotentialSpawnsMixin from mod modernfix->@Inject::initializeSmartLists(Lnet/minecraft/world/level/LevelAccessor;Lnet/minecraft/world/entity/MobCategory;Lnet/minecraft/core/BlockPos;Lnet/minecraft/util/random/WeightedRandomList;Lorg/spongepowered/asm/mixin/injection/callback/CallbackInfo;)V won't be passed a CallbackInfo as a result
[30Jul2026 00:21:34.688] [main/DEBUG] [mixin/]: modernfix-modernfix.mixins.json:perf.potential_spawns_alloc.PotentialSpawnsMixin from mod modernfix->@Inject::populateList(Lnet/minecraft/world/level/biome/MobSpawnSettings$SpawnerData;Lorg/spongepowered/asm/mixin/injection/callback/CallbackInfo;)V doesn't use it's CallbackInfo
[30Jul2026 00:21:34.688] [main/DEBUG] [mixin/]: modernfix-modernfix.mixins.json:perf.potential_spawns_alloc.PotentialSpawnsMixin from mod modernfix->@Inject::populateList(Lnet/minecraft/world/level/biome/MobSpawnSettings$SpawnerData;Lorg/spongepowered/asm/mixin/injection/callback/CallbackInfo;)V has 0 override(s) in child classes
[30Jul2026 00:21:34.688] [main/DEBUG] [mixin/]: modernfix-modernfix.mixins.json:perf.potential_spawns_alloc.PotentialSpawnsMixin from mod modernfix->@Inject::populateList(Lnet/minecraft/world/level/biome/MobSpawnSettings$SpawnerData;Lorg/spongepowered/asm/mixin/injection/callback/CallbackInfo;)V won't be passed a CallbackInfo as a result
[30Jul2026 00:21:34.688] [main/DEBUG] [mixin/]: modernfix-modernfix.mixins.json:perf.potential_spawns_alloc.PotentialSpawnsMixin from mod modernfix->@Inject::populateList(Lnet/minecraft/world/level/biome/MobSpawnSettings$SpawnerData;Lorg/spongepowered/asm/mixin/injection/callback/CallbackInfoReturnable;)V doesn't use it's CallbackInfoReturnable
[30Jul2026 00:21:34.688] [main/DEBUG] [mixin/]: modernfix-modernfix.mixins.json:perf.potential_spawns_alloc.PotentialSpawnsMixin from mod modernfix->@Inject::populateList(Lnet/minecraft/world/level/biome/MobSpawnSettings$SpawnerData;Lorg/spongepowered/asm/mixin/injection/callback/CallbackInfoReturnable;)V has 0 override(s) in child classes
[30Jul2026 00:21:34.688] [main/DEBUG] [mixin/]: modernfix-modernfix.mixins.json:perf.potential_spawns_alloc.PotentialSpawnsMixin from mod modernfix->@Inject::populateList(Lnet/minecraft/world/level/biome/MobSpawnSettings$SpawnerData;Lorg/spongepowered/asm/mixin/injection/callback/CallbackInfoReturnable;)V won't be passed a CallbackInfoReturnable as a result
[30Jul2026 00:21:34.706] [main/DEBUG] [mixin/]: Mixing KeyedResourceReloadListenerMixin from fabric-resource-loader-v0.mixins.json into net.minecraft.server.ServerFunctionLibrary
[30Jul2026 00:21:34.706] [main/DEBUG] [mixin/]: fabric-resource-loader-v0.mixins.json:KeyedResourceReloadListenerMixin from mod fabric_resource_loader_v0: Class version 61 required is higher than the class version supported by the current version of Mixin (JAVA_16 supports class version 60)
[30Jul2026 00:21:34.709] [main/DEBUG] [mixin/]: Mixing TagLoaderMixin from connectormod.mixins.json into net.minecraft.tags.TagLoader
[30Jul2026 00:21:34.710] [main/DEBUG] [mixin/]: connectormod.mixins.json:TagLoaderMixin from mod connectormod->@Inject::afterLoad(Lnet/minecraft/server/packs/resources/ResourceManager;Lorg/spongepowered/asm/mixin/injection/callback/CallbackInfoReturnable;)V does use it's CallbackInfoReturnable
[30Jul2026 00:21:34.712] [main/DEBUG] [mixin/]: Mixing KeyedResourceReloadListenerMixin from fabric-resource-loader-v0.mixins.json into net.minecraft.world.item.crafting.RecipeManager
[30Jul2026 00:21:34.713] [main/DEBUG] [mixin/]: fabric-resource-loader-v0.mixins.json:KeyedResourceReloadListenerMixin from mod fabric_resource_loader_v0: Class version 61 required is higher than the class version supported by the current version of Mixin (JAVA_16 supports class version 60)
[30Jul2026 00:21:34.713] [main/DEBUG] [mixin/]: Mixing perf.datapack_reload_exceptions.RecipeManagerMixin from modernfix-modernfix.mixins.json into net.minecraft.world.item.crafting.RecipeManager
[30Jul2026 00:21:34.717] [main/DEBUG] [mixin/]: Mixing KeyedResourceReloadListenerMixin from fabric-resource-loader-v0.mixins.json into net.minecraft.server.ServerAdvancementManager
[30Jul2026 00:21:34.717] [main/DEBUG] [mixin/]: fabric-resource-loader-v0.mixins.json:KeyedResourceReloadListenerMixin from mod fabric_resource_loader_v0: Class version 61 required is higher than the class version supported by the current version of Mixin (JAVA_16 supports class version 60)
[30Jul2026 00:21:34.720] [main/DEBUG] [mixin/]: Mixing feature.measure_time.AddReloadListenerEventWrapperMixin from modernfix-modernfix.mixins.json into net.minecraftforge.event.AddReloadListenerEvent$WrappedStateAwareListener
[30Jul2026 00:21:34.731] [main/DEBUG] [mixin/]: Mixing SimpleResourceReloadMixin from fabric-resource-loader-v0.mixins.json into net.minecraft.server.packs.resources.SimpleReloadInstance
[30Jul2026 00:21:34.731] [main/DEBUG] [mixin/]: fabric-resource-loader-v0.mixins.json:SimpleResourceReloadMixin from mod fabric_resource_loader_v0: Class version 61 required is higher than the class version supported by the current version of Mixin (JAVA_16 supports class version 60)
[30Jul2026 00:21:34.732] [main/DEBUG] [mixin/]: Mixing feature.measure_time.SimpleReloadInstanceMixin from modernfix-modernfix.mixins.json into net.minecraft.server.packs.resources.SimpleReloadInstance
[30Jul2026 00:21:34.734] [main/DEBUG] [mixin/]: fabric-resource-loader-v0.mixins.json:SimpleResourceReloadMixin from mod fabric_resource_loader_v0->@Inject::method_40087(Lnet/minecraft/server/packs/resources/ResourceManager;Ljava/util/List;Ljava/util/concurrent/Executor;Ljava/util/concurrent/Executor;Ljava/util/concurrent/CompletableFuture;ZLorg/spongepowered/asm/mixin/injection/callback/CallbackInfoReturnable;)V doesn't use it's CallbackInfoReturnable
[30Jul2026 00:21:34.745] [Worker-Main-2/DEBUG] [mixin/]: Mixing perf.tag_id_caching.TagEntryMixin from modernfix-modernfix.mixins.json into net.minecraft.tags.TagEntry
[30Jul2026 00:21:34.751] [Worker-Main-2/DEBUG] [org.sinytra.connector.mod.compat.TagConverter/]: Creating new forge tag forge:enhancement/entity_movement
[30Jul2026 00:21:34.752] [Worker-Main-2/DEBUG] [org.sinytra.connector.mod.compat.TagConverter/]: Creating new forge tag forge:enhancement/weapon_damage
[30Jul2026 00:21:34.752] [Worker-Main-2/DEBUG] [org.sinytra.connector.mod.compat.TagConverter/]: Creating new forge tag forge:looting
[30Jul2026 00:21:34.752] [Worker-Main-2/DEBUG] [org.sinytra.connector.mod.compat.TagConverter/]: Creating new forge tag forge:enhancement/entity_defense
[30Jul2026 00:21:34.755] [Worker-Main-2/DEBUG] [org.sinytra.connector.mod.compat.TagConverter/]: Creating new forge tag forge:fortune
[30Jul2026 00:21:34.755] [Worker-Main-2/DEBUG] [org.sinytra.connector.mod.compat.TagConverter/]: Converted 5 tags in 3 ms
[30Jul2026 00:21:34.755] [Worker-Main-1/DEBUG] [org.sinytra.connector.mod.compat.TagConverter/]: Creating new forge tag forge:boats
[30Jul2026 00:21:34.756] [Worker-Main-1/DEBUG] [org.sinytra.connector.mod.compat.TagConverter/]: Creating new forge tag forge:minecarts
[30Jul2026 00:21:34.756] [Worker-Main-1/DEBUG] [org.sinytra.connector.mod.compat.TagConverter/]: Converted 3 tags in 0 ms
[30Jul2026 00:21:34.757] [Worker-Main-1/DEBUG] [org.sinytra.connector.mod.compat.TagConverter/]: Found existing vanilla tag minecraft:water
[30Jul2026 00:21:34.757] [Worker-Main-1/DEBUG] [org.sinytra.connector.mod.compat.TagConverter/]: Found existing vanilla tag minecraft:lava
[30Jul2026 00:21:34.757] [Worker-Main-1/DEBUG] [org.sinytra.connector.mod.compat.TagConverter/]: Converted 2 tags in 0 ms
[30Jul2026 00:21:34.777] [Worker-Main-1/DEBUG] [org.sinytra.connector.mod.compat.TagConverter/]: Creating new forge tag forge:wet/climate
[30Jul2026 00:21:34.777] [Worker-Main-1/DEBUG] [org.sinytra.connector.mod.compat.TagConverter/]: Creating new forge tag forge:aquatic
[30Jul2026 00:21:34.777] [Worker-Main-1/DEBUG] [org.sinytra.connector.mod.compat.TagConverter/]: Creating new forge tag forge:swamp
[30Jul2026 00:21:34.777] [Worker-Main-1/DEBUG] [org.sinytra.connector.mod.compat.TagConverter/]: Creating new forge tag forge:jungle
[30Jul2026 00:21:34.777] [Worker-Main-1/DEBUG] [org.sinytra.connector.mod.compat.TagConverter/]: Creating new forge tag forge:forests/nether
[30Jul2026 00:21:34.777] [Worker-Main-1/DEBUG] [org.sinytra.connector.mod.compat.TagConverter/]: Creating new forge tag forge:mushroom
[30Jul2026 00:21:34.777] [Worker-Main-1/DEBUG] [org.sinytra.connector.mod.compat.TagConverter/]: Creating new forge tag forge:nether/in
[30Jul2026 00:21:34.778] [Worker-Main-1/DEBUG] [org.sinytra.connector.mod.compat.TagConverter/]: Creating new forge tag forge:coniferous/tree
[30Jul2026 00:21:34.778] [Worker-Main-1/DEBUG] [org.sinytra.connector.mod.compat.TagConverter/]: Creating new forge tag forge:taiga
[30Jul2026 00:21:34.778] [Worker-Main-1/DEBUG] [org.sinytra.connector.mod.compat.TagConverter/]: Creating new forge tag forge:mountain
[30Jul2026 00:21:34.778] [Worker-Main-1/DEBUG] [org.sinytra.connector.mod.compat.TagConverter/]: Creating new forge tag forge:savanna
[30Jul2026 00:21:34.778] [Worker-Main-1/DEBUG] [org.sinytra.connector.mod.compat.TagConverter/]: Creating new forge tag forge:caves
[30Jul2026 00:21:34.778] [Worker-Main-1/DEBUG] [org.sinytra.connector.mod.compat.TagConverter/]: Creating new forge tag forge:floral
[30Jul2026 00:21:34.778] [Worker-Main-1/DEBUG] [org.sinytra.connector.mod.compat.TagConverter/]: Creating new forge tag forge:forests/flower
[30Jul2026 00:21:34.778] [Worker-Main-1/DEBUG] [org.sinytra.connector.mod.compat.TagConverter/]: Creating new forge tag forge:badlands
[30Jul2026 00:21:34.778] [Worker-Main-1/DEBUG] [org.sinytra.connector.mod.compat.TagConverter/]: Creating new forge tag forge:mesa
[30Jul2026 00:21:34.778] [Worker-Main-1/DEBUG] [org.sinytra.connector.mod.compat.TagConverter/]: Creating new forge tag forge:underground
[30Jul2026 00:21:34.778] [Worker-Main-1/DEBUG] [org.sinytra.connector.mod.compat.TagConverter/]: Creating new forge tag forge:plains/snowy
[30Jul2026 00:21:34.778] [Worker-Main-1/DEBUG] [org.sinytra.connector.mod.compat.TagConverter/]: Creating new forge tag forge:dense/vegetation
[30Jul2026 00:21:34.778] [Worker-Main-1/DEBUG] [org.sinytra.connector.mod.compat.TagConverter/]: Creating new forge tag forge:jungle
[30Jul2026 00:21:34.778] [Worker-Main-1/DEBUG] [org.sinytra.connector.mod.compat.TagConverter/]: Creating new forge tag forge:jungle
[30Jul2026 00:21:34.778] [Worker-Main-1/DEBUG] [org.sinytra.connector.mod.compat.TagConverter/]: Creating new forge tag forge:wasteland
[30Jul2026 00:21:34.778] [Worker-Main-1/DEBUG] [org.sinytra.connector.mod.compat.TagConverter/]: Creating new forge tag forge:forest
[30Jul2026 00:21:34.778] [Worker-Main-1/DEBUG] [org.sinytra.connector.mod.compat.TagConverter/]: Creating new forge tag forge:islands/end
[30Jul2026 00:21:34.778] [Worker-Main-1/DEBUG] [org.sinytra.connector.mod.compat.TagConverter/]: Creating new forge tag forge:dead
[30Jul2026 00:21:34.778] [Worker-Main-1/DEBUG] [org.sinytra.connector.mod.compat.TagConverter/]: Creating new forge tag forge:ocean/deep
[30Jul2026 00:21:34.778] [Worker-Main-1/DEBUG] [org.sinytra.connector.mod.compat.TagConverter/]: Creating new forge tag forge:swamp
[30Jul2026 00:21:34.778] [Worker-Main-1/DEBUG] [org.sinytra.connector.mod.compat.TagConverter/]: Creating new forge tag forge:overworld/in
[30Jul2026 00:21:34.778] [Worker-Main-1/DEBUG] [org.sinytra.connector.mod.compat.TagConverter/]: Creating new forge tag forge:jungle/tree
[30Jul2026 00:21:34.778] [Worker-Main-1/DEBUG] [org.sinytra.connector.mod.compat.TagConverter/]: Creating new forge tag forge:cold/climate
[30Jul2026 00:21:34.778] [Worker-Main-1/DEBUG] [org.sinytra.connector.mod.compat.TagConverter/]: Creating new forge tag forge:icy
[30Jul2026 00:21:34.778] [Worker-Main-1/DEBUG] [org.sinytra.connector.mod.compat.TagConverter/]: Creating new forge tag forge:end/in_the
[30Jul2026 00:21:34.779] [Worker-Main-1/DEBUG] [org.sinytra.connector.mod.compat.TagConverter/]: Creating new forge tag forge:river
[30Jul2026 00:21:34.779] [Worker-Main-1/DEBUG] [org.sinytra.connector.mod.compat.TagConverter/]: Creating new forge tag forge:windswept
[30Jul2026 00:21:34.779] [Worker-Main-1/DEBUG] [org.sinytra.connector.mod.compat.TagConverter/]: Creating new forge tag forge:hot/climate
[30Jul2026 00:21:34.779] [Worker-Main-1/DEBUG] [org.sinytra.connector.mod.compat.TagConverter/]: Creating new forge tag forge:desert
[30Jul2026 00:21:34.779] [Worker-Main-1/DEBUG] [org.sinytra.connector.mod.compat.TagConverter/]: Creating new forge tag forge:desert
[30Jul2026 00:21:34.779] [Worker-Main-1/DEBUG] [org.sinytra.connector.mod.compat.TagConverter/]: Creating new forge tag forge:peak/mountain
[30Jul2026 00:21:34.779] [Worker-Main-1/DEBUG] [org.sinytra.connector.mod.compat.TagConverter/]: Creating new forge tag forge:ocean/shallow
[30Jul2026 00:21:34.779] [Worker-Main-1/DEBUG] [org.sinytra.connector.mod.compat.TagConverter/]: Creating new forge tag forge:forests/flower
[30Jul2026 00:21:34.779] [Worker-Main-1/DEBUG] [org.sinytra.connector.mod.compat.TagConverter/]: Creating new forge tag forge:deciduous/tree
[30Jul2026 00:21:34.779] [Worker-Main-1/DEBUG] [org.sinytra.connector.mod.compat.TagConverter/]: Creating new forge tag forge:savanna/tree
[30Jul2026 00:21:34.779] [Worker-Main-1/DEBUG] [org.sinytra.connector.mod.compat.TagConverter/]: Creating new forge tag forge:icy
[30Jul2026 00:21:34.779] [Worker-Main-1/DEBUG] [org.sinytra.connector.mod.compat.TagConverter/]: Creating new forge tag forge:shores/stony
[30Jul2026 00:21:34.779] [Worker-Main-1/DEBUG] [org.sinytra.connector.mod.compat.TagConverter/]: Creating new forge tag forge:slope/mountain
[30Jul2026 00:21:34.779] [Worker-Main-1/DEBUG] [org.sinytra.connector.mod.compat.TagConverter/]: Creating new forge tag forge:void
[30Jul2026 00:21:34.779] [Worker-Main-1/DEBUG] [org.sinytra.connector.mod.compat.TagConverter/]: Creating new forge tag forge:ocean
[30Jul2026 00:21:34.779] [Worker-Main-1/DEBUG] [org.sinytra.connector.mod.compat.TagConverter/]: Creating new forge tag forge:dry/climate
[30Jul2026 00:21:34.779] [Worker-Main-1/DEBUG] [org.sinytra.connector.mod.compat.TagConverter/]: Creating new forge tag forge:forest/birch
[30Jul2026 00:21:34.779] [Worker-Main-1/DEBUG] [org.sinytra.connector.mod.compat.TagConverter/]: Creating new forge tag forge:mesa
[30Jul2026 00:21:34.779] [Worker-Main-1/DEBUG] [org.sinytra.connector.mod.compat.TagConverter/]: Creating new forge tag forge:plains
[30Jul2026 00:21:34.779] [Worker-Main-1/DEBUG] [org.sinytra.connector.mod.compat.TagConverter/]: Creating new forge tag forge:snowy
[30Jul2026 00:21:34.779] [Worker-Main-1/DEBUG] [org.sinytra.connector.mod.compat.TagConverter/]: Creating new forge tag forge:temperate/climate
[30Jul2026 00:21:34.779] [Worker-Main-1/DEBUG] [org.sinytra.connector.mod.compat.TagConverter/]: Creating new forge tag forge:aquatic
[30Jul2026 00:21:34.783] [Worker-Main-1/DEBUG] [org.sinytra.connector.mod.compat.TagConverter/]: Creating new forge tag forge:taiga
[30Jul2026 00:21:34.783] [Worker-Main-1/DEBUG] [org.sinytra.connector.mod.compat.TagConverter/]: Creating new forge tag forge:icy/aquatic
[30Jul2026 00:21:34.783] [Worker-Main-1/DEBUG] [org.sinytra.connector.mod.compat.TagConverter/]: Creating new forge tag forge:sparse/vegetation
[30Jul2026 00:21:34.783] [Worker-Main-1/DEBUG] [org.sinytra.connector.mod.compat.TagConverter/]: Creating new forge tag forge:beach
[30Jul2026 00:21:34.783] [Worker-Main-1/DEBUG] [org.sinytra.connector.mod.compat.TagConverter/]: Creating new forge tag forge:hills/extreme
[30Jul2026 00:21:34.783] [Worker-Main-1/DEBUG] [org.sinytra.connector.mod.compat.TagConverter/]: Converted 50 tags in 5 ms
[30Jul2026 00:21:34.792] [Worker-Main-3/DEBUG] [org.sinytra.connector.mod.compat.TagConverter/]: Creating new forge tag forge:foods
[30Jul2026 00:21:34.792] [Worker-Main-3/DEBUG] [org.sinytra.connector.mod.compat.TagConverter/]: Creating new forge tag forge:buckets/lava
[30Jul2026 00:21:34.793] [Worker-Main-3/DEBUG] [org.sinytra.connector.mod.compat.TagConverter/]: Creating new forge tag forge:lapis
[30Jul2026 00:21:34.793] [Worker-Main-3/DEBUG] [org.sinytra.connector.mod.compat.TagConverter/]: Creating new forge tag forge:slabs/sandstone
[30Jul2026 00:21:34.793] [Worker-Main-3/DEBUG] [org.sinytra.connector.mod.compat.TagConverter/]: Creating new forge tag forge:slabs/uncolored_sandstone
[30Jul2026 00:21:34.793] [Worker-Main-3/DEBUG] [org.sinytra.connector.mod.compat.TagConverter/]: Creating new forge tag forge:slabs/red_sandstone
[30Jul2026 00:21:34.793] [Worker-Main-3/DEBUG] [org.sinytra.connector.mod.compat.TagConverter/]: Creating new forge tag forge:buds
[30Jul2026 00:21:34.793] [Worker-Main-3/DEBUG] [org.sinytra.connector.mod.compat.TagConverter/]: Creating new forge tag forge:storage_blocks/sandstone
[30Jul2026 00:21:34.793] [Worker-Main-3/DEBUG] [org.sinytra.connector.mod.compat.TagConverter/]: Creating new forge tag forge:storage_blocks/uncolored_sandstone
[30Jul2026 00:21:34.793] [Worker-Main-3/DEBUG] [org.sinytra.connector.mod.compat.TagConverter/]: Creating new forge tag forge:storage_blocks/red_sandstone
[30Jul2026 00:21:34.793] [Worker-Main-3/DEBUG] [org.sinytra.connector.mod.compat.TagConverter/]: Found existing singular prefixed forge tag forge:gems/emerald
[30Jul2026 00:21:34.793] [Worker-Main-3/DEBUG] [org.sinytra.connector.mod.compat.TagConverter/]: Creating new forge tag forge:storage_blocks/red_sandstone
[30Jul2026 00:21:34.794] [Worker-Main-3/DEBUG] [org.sinytra.connector.mod.compat.TagConverter/]: Creating new forge tag forge:clusters
[30Jul2026 00:21:34.794] [Worker-Main-3/DEBUG] [org.sinytra.connector.mod.compat.TagConverter/]: Creating new forge tag forge:buckets/water
[30Jul2026 00:21:34.794] [Worker-Main-3/DEBUG] [org.sinytra.connector.mod.compat.TagConverter/]: Creating new forge tag forge:buckets/empty
[30Jul2026 00:21:34.794] [Worker-Main-3/DEBUG] [org.sinytra.connector.mod.compat.TagConverter/]: Creating new forge tag forge:slabs/uncolored_sandstone
[30Jul2026 00:21:34.794] [Worker-Main-3/DEBUG] [org.sinytra.connector.mod.compat.TagConverter/]: Creating new forge tag forge:stairs/red_sandstone
[30Jul2026 00:21:34.795] [Worker-Main-3/DEBUG] [org.sinytra.connector.mod.compat.TagConverter/]: Found existing vanilla tag minecraft:swords
[30Jul2026 00:21:34.795] [Worker-Main-3/DEBUG] [org.sinytra.connector.mod.compat.TagConverter/]: Found existing prefixed forge tag forge:tools/shields
[30Jul2026 00:21:34.795] [Worker-Main-3/DEBUG] [org.sinytra.connector.mod.compat.TagConverter/]: Creating new forge tag forge:stairs/sandstone
[30Jul2026 00:21:34.795] [Worker-Main-3/DEBUG] [org.sinytra.connector.mod.compat.TagConverter/]: Creating new forge tag forge:stairs/uncolored_sandstone
[30Jul2026 00:21:34.795] [Worker-Main-3/DEBUG] [org.sinytra.connector.mod.compat.TagConverter/]: Found existing vanilla tag minecraft:axes
[30Jul2026 00:21:34.795] [Worker-Main-3/DEBUG] [org.sinytra.connector.mod.compat.TagConverter/]: Found existing vanilla tag minecraft:shovels
[30Jul2026 00:21:34.795] [Worker-Main-3/DEBUG] [org.sinytra.connector.mod.compat.TagConverter/]: Creating new forge tag forge:spears
[30Jul2026 00:21:34.795] [Worker-Main-3/DEBUG] [org.sinytra.connector.mod.compat.TagConverter/]: Found existing vanilla tag minecraft:pickaxes
[30Jul2026 00:21:34.795] [Worker-Main-3/DEBUG] [org.sinytra.connector.mod.compat.TagConverter/]: Creating new forge tag forge:panes/glass
[30Jul2026 00:21:34.795] [Worker-Main-3/DEBUG] [org.sinytra.connector.mod.compat.TagConverter/]: Creating new forge tag forge:slabs/red_sandstone
[30Jul2026 00:21:34.795] [Worker-Main-3/DEBUG] [org.sinytra.connector.mod.compat.TagConverter/]: Creating new forge tag forge:buckets/entity_water
[30Jul2026 00:21:34.796] [Worker-Main-3/DEBUG] [org.sinytra.connector.mod.compat.TagConverter/]: Found existing singular prefixed forge tag forge:gems/diamond
[30Jul2026 00:21:34.796] [Worker-Main-3/DEBUG] [org.sinytra.connector.mod.compat.TagConverter/]: Creating new forge tag forge:potions
[30Jul2026 00:21:34.796] [Worker-Main-3/DEBUG] [org.sinytra.connector.mod.compat.TagConverter/]: Creating new forge tag forge:storage_blocks/uncolored_sandstone
[30Jul2026 00:21:34.796] [Worker-Main-3/DEBUG] [org.sinytra.connector.mod.compat.TagConverter/]: Creating new forge tag forge:buckets/milk
[30Jul2026 00:21:34.796] [Worker-Main-3/DEBUG] [org.sinytra.connector.mod.compat.TagConverter/]: Creating new forge tag forge:storage_blocks/budding
[30Jul2026 00:21:34.796] [Worker-Main-3/DEBUG] [org.sinytra.connector.mod.compat.TagConverter/]: Creating new forge tag forge:coal
[30Jul2026 00:21:34.796] [Worker-Main-3/DEBUG] [org.sinytra.connector.mod.compat.TagConverter/]: Found existing vanilla tag minecraft:hoes
[30Jul2026 00:21:34.796] [Worker-Main-3/DEBUG] [org.sinytra.connector.mod.compat.TagConverter/]: Found existing prefixed forge tag forge:tools/bows
[30Jul2026 00:21:34.796] [Worker-Main-3/DEBUG] [org.sinytra.connector.mod.compat.TagConverter/]: Creating new forge tag forge:boxes/shulker
[30Jul2026 00:21:34.796] [Worker-Main-3/DEBUG] [org.sinytra.connector.mod.compat.TagConverter/]: Creating new forge tag forge:storage_blocks/glass
[30Jul2026 00:21:34.796] [Worker-Main-3/DEBUG] [org.sinytra.connector.mod.compat.TagConverter/]: Creating new forge tag forge:quartz
[30Jul2026 00:21:34.796] [Worker-Main-3/DEBUG] [org.sinytra.connector.mod.compat.TagConverter/]: Creating new forge tag forge:sites/villager_job
[30Jul2026 00:21:34.796] [Worker-Main-3/DEBUG] [org.sinytra.connector.mod.compat.TagConverter/]: Creating new forge tag forge:stairs/uncolored_sandstone
[30Jul2026 00:21:34.796] [Worker-Main-3/DEBUG] [org.sinytra.connector.mod.compat.TagConverter/]: Converted 75 tags in 4 ms
[30Jul2026 00:21:34.813] [Worker-Main-2/DEBUG] [org.sinytra.connector.mod.compat.TagConverter/]: Creating new forge tag forge:slabs/sandstone
[30Jul2026 00:21:34.813] [Worker-Main-2/DEBUG] [org.sinytra.connector.mod.compat.TagConverter/]: Creating new forge tag forge:slabs/uncolored_sandstone
[30Jul2026 00:21:34.813] [Worker-Main-2/DEBUG] [org.sinytra.connector.mod.compat.TagConverter/]: Creating new forge tag forge:slabs/red_sandstone
[30Jul2026 00:21:34.813] [Worker-Main-2/DEBUG] [org.sinytra.connector.mod.compat.TagConverter/]: Creating new forge tag forge:buds
[30Jul2026 00:21:34.813] [Worker-Main-2/DEBUG] [org.sinytra.connector.mod.compat.TagConverter/]: Creating new forge tag forge:storage_blocks/sandstone
[30Jul2026 00:21:34.813] [Worker-Main-2/DEBUG] [org.sinytra.connector.mod.compat.TagConverter/]: Creating new forge tag forge:storage_blocks/uncolored_sandstone
[30Jul2026 00:21:34.813] [Worker-Main-2/DEBUG] [org.sinytra.connector.mod.compat.TagConverter/]: Creating new forge tag forge:storage_blocks/red_sandstone
[30Jul2026 00:21:34.813] [Worker-Main-2/DEBUG] [org.sinytra.connector.mod.compat.TagConverter/]: Creating new forge tag forge:storage_blocks/red_sandstone
[30Jul2026 00:21:34.813] [Worker-Main-2/DEBUG] [org.sinytra.connector.mod.compat.TagConverter/]: Creating new forge tag forge:clusters
[30Jul2026 00:21:34.813] [Worker-Main-2/DEBUG] [org.sinytra.connector.mod.compat.TagConverter/]: Creating new forge tag forge:slabs/uncolored_sandstone
[30Jul2026 00:21:34.813] [Worker-Main-2/DEBUG] [org.sinytra.connector.mod.compat.TagConverter/]: Creating new forge tag forge:stairs/red_sandstone
[30Jul2026 00:21:34.813] [Worker-Main-2/DEBUG] [org.sinytra.connector.mod.compat.TagConverter/]: Creating new forge tag forge:stairs/sandstone
[30Jul2026 00:21:34.813] [Worker-Main-2/DEBUG] [org.sinytra.connector.mod.compat.TagConverter/]: Creating new forge tag forge:stairs/uncolored_sandstone
[30Jul2026 00:21:34.813] [Worker-Main-2/DEBUG] [org.sinytra.connector.mod.compat.TagConverter/]: Creating new forge tag forge:panes/glass
[30Jul2026 00:21:34.813] [Worker-Main-2/DEBUG] [org.sinytra.connector.mod.compat.TagConverter/]: Creating new forge tag forge:slabs/red_sandstone
[30Jul2026 00:21:34.813] [Worker-Main-2/DEBUG] [org.sinytra.connector.mod.compat.TagConverter/]: Creating new forge tag forge:storage_blocks/uncolored_sandstone
[30Jul2026 00:21:34.814] [Worker-Main-2/DEBUG] [org.sinytra.connector.mod.compat.TagConverter/]: Creating new forge tag forge:storage_blocks/budding
[30Jul2026 00:21:34.814] [Worker-Main-2/DEBUG] [org.sinytra.connector.mod.compat.TagConverter/]: Creating new forge tag forge:boxes/shulker
[30Jul2026 00:21:34.814] [Worker-Main-2/DEBUG] [org.sinytra.connector.mod.compat.TagConverter/]: Creating new forge tag forge:storage_blocks/glass
[30Jul2026 00:21:34.814] [Worker-Main-2/DEBUG] [org.sinytra.connector.mod.compat.TagConverter/]: Creating new forge tag forge:sites/villager_job
[30Jul2026 00:21:34.814] [Worker-Main-2/DEBUG] [org.sinytra.connector.mod.compat.TagConverter/]: Creating new forge tag forge:stairs/uncolored_sandstone
[30Jul2026 00:21:34.814] [Worker-Main-2/DEBUG] [org.sinytra.connector.mod.compat.TagConverter/]: Converted 21 tags in 0 ms
[30Jul2026 00:21:35.040] [Worker-Main-3/DEBUG] [net.minecraftforge.coremod.transformer.CoreModBaseTransformer/COREMOD]: Transforming net/minecraft/world/entity/raid/Raid
[30Jul2026 00:21:35.226] [main/DEBUG] [mixin/]: Mixing LootTableBuilderMixin from fabric-loot-api-v2.mixins.json into net.minecraft.world.level.storage.loot.LootTable$Builder
[30Jul2026 00:21:35.227] [main/DEBUG] [mixin/]: fabric-loot-api-v2.mixins.json:LootTableBuilderMixin from mod fabric_loot_api_v2: Class version 61 required is higher than the class version supported by the current version of Mixin (JAVA_8 supports class version 52)
[30Jul2026 00:21:35.263] [main/DEBUG] [mixin/]: Mixing ingredient.ShapelessRecipeMixin from fabric-recipe-api-v1.mixins.json into net.minecraft.world.item.crafting.ShapelessRecipe
[30Jul2026 00:21:35.265] [main/DEBUG] [mixin/]: fabric-recipe-api-v1.mixins.json:ingredient.ShapelessRecipeMixin from mod fabric_recipe_api_v1->@Inject::cacheRequiresTesting(Lnet/minecraft/resources/ResourceLocation;Ljava/lang/String;Lnet/minecraft/world/item/crafting/CraftingBookCategory;Lnet/minecraft/world/item/ItemStack;Lnet/minecraft/core/NonNullList;Lorg/spongepowered/asm/mixin/injection/callback/CallbackInfo;)V doesn't use it's CallbackInfo
[30Jul2026 00:21:35.265] [main/DEBUG] [mixin/]: fabric-recipe-api-v1.mixins.json:ingredient.ShapelessRecipeMixin from mod fabric_recipe_api_v1->@Inject::cacheRequiresTesting(Lnet/minecraft/resources/ResourceLocation;Ljava/lang/String;Lnet/minecraft/world/item/crafting/CraftingBookCategory;Lnet/minecraft/world/item/ItemStack;Lnet/minecraft/core/NonNullList;Lorg/spongepowered/asm/mixin/injection/callback/CallbackInfo;)V has 0 override(s) in child classes
[30Jul2026 00:21:35.265] [main/DEBUG] [mixin/]: fabric-recipe-api-v1.mixins.json:ingredient.ShapelessRecipeMixin from mod fabric_recipe_api_v1->@Inject::cacheRequiresTesting(Lnet/minecraft/resources/ResourceLocation;Ljava/lang/String;Lnet/minecraft/world/item/crafting/CraftingBookCategory;Lnet/minecraft/world/item/ItemStack;Lnet/minecraft/core/NonNullList;Lorg/spongepowered/asm/mixin/injection/callback/CallbackInfo;)V won't be passed a CallbackInfo as a result
[30Jul2026 00:21:35.265] [main/DEBUG] [mixin/]: fabric-recipe-api-v1.mixins.json:ingredient.ShapelessRecipeMixin from mod fabric_recipe_api_v1->@Inject::customIngredientMatch(Lnet/minecraft/world/inventory/CraftingContainer;Lnet/minecraft/world/level/Level;Lorg/spongepowered/asm/mixin/injection/callback/CallbackInfoReturnable;)V does use it's CallbackInfoReturnable
[30Jul2026 00:21:35.302] [main/INFO] [net.minecraft.world.item.crafting.RecipeManager/]: Loaded 8 recipes
[30Jul2026 00:21:35.309] [main/DEBUG] [mixin/]: Mixing CriteriaAccessor from fabric-object-builder-v1.mixins.json into net.minecraft.advancements.CriteriaTriggers
[30Jul2026 00:21:35.310] [main/DEBUG] [mixin/]: fabric-object-builder-v1.mixins.json:CriteriaAccessor from mod fabric_object_builder_api_v1: Class version 61 required is higher than the class version supported by the current version of Mixin (JAVA_16 supports class version 60)
[30Jul2026 00:21:35.310] [main/DEBUG] [mixin/]: Renaming @Invoker method callRegister(Lnet/minecraft/advancements/CriterionTrigger;)Lnet/minecraft/advancements/CriterionTrigger; to callRegister$fabric_object_builder_api_v1_$md$da8f76$0 in fabric-object-builder-v1.mixins.json:CriteriaAccessor from mod fabric_object_builder_api_v1
[30Jul2026 00:21:35.398] [main/INFO] [net.minecraft.advancements.AdvancementList/]: Loaded 1293 advancements
[30Jul2026 00:21:35.545] [main/WARN] [ModernFix/]: Initial datapack load took 2.316 s
[30Jul2026 00:21:35.545] [main/DEBUG] [FabricRegistrySync/]: Starting registry save
[30Jul2026 00:21:35.545] [main/DEBUG] [FabricRegistrySync/]: Not saving registry: minecraft:command_argument_type
[30Jul2026 00:21:35.545] [main/DEBUG] [FabricRegistrySync/]: Not saving registry: minecraft:item
[30Jul2026 00:21:35.545] [main/DEBUG] [FabricRegistrySync/]: Not saving registry: minecraft:block_entity_type
[30Jul2026 00:21:35.545] [main/DEBUG] [FabricRegistrySync/]: Not saving registry: minecraft:custom_stat
[30Jul2026 00:21:35.545] [main/DEBUG] [FabricRegistrySync/]: Not saving registry: minecraft:worldgen/foliage_placer_type
[30Jul2026 00:21:35.545] [main/DEBUG] [FabricRegistrySync/]: Not saving registry: minecraft:stat_type
[30Jul2026 00:21:35.545] [main/DEBUG] [FabricRegistrySync/]: Not saving registry: minecraft:worldgen/material_rule
[30Jul2026 00:21:35.545] [main/DEBUG] [FabricRegistrySync/]: Not saving registry: minecraft:worldgen/structure_type
[30Jul2026 00:21:35.546] [main/DEBUG] [FabricRegistrySync/]: Not saving registry: minecraft:attribute
[30Jul2026 00:21:35.546] [main/DEBUG] [FabricRegistrySync/]: Not saving registry: minecraft:position_source_type
[30Jul2026 00:21:35.546] [main/DEBUG] [FabricRegistrySync/]: Not saving registry: minecraft:height_provider_type
[30Jul2026 00:21:35.546] [main/DEBUG] [FabricRegistrySync/]: Not saving registry: minecraft:rule_block_entity_modifier
[30Jul2026 00:21:35.546] [main/DEBUG] [FabricRegistrySync/]: Not saving registry: minecraft:worldgen/density_function_type
[30Jul2026 00:21:35.546] [main/DEBUG] [FabricRegistrySync/]: Not saving registry: minecraft:fluid
[30Jul2026 00:21:35.546] [main/DEBUG] [FabricRegistrySync/]: Not saving registry: forge:global_loot_modifier_serializers
[30Jul2026 00:21:35.546] [main/DEBUG] [FabricRegistrySync/]: Not saving registry: minecraft:loot_condition_type
[30Jul2026 00:21:35.546] [main/DEBUG] [FabricRegistrySync/]: Not saving registry: minecraft:worldgen/structure_pool_element
[30Jul2026 00:21:35.546] [main/DEBUG] [FabricRegistrySync/]: Not saving registry: minecraft:activity
[30Jul2026 00:21:35.546] [main/DEBUG] [FabricRegistrySync/]: Not saving registry: minecraft:recipe_serializer
[30Jul2026 00:21:35.546] [main/DEBUG] [FabricRegistrySync/]: Not saving registry: minecraft:frog_variant
[30Jul2026 00:21:35.546] [main/DEBUG] [FabricRegistrySync/]: Not saving registry: minecraft:banner_pattern
[30Jul2026 00:21:35.546] [main/DEBUG] [FabricRegistrySync/]: Not saving registry: minecraft:instrument
[30Jul2026 00:21:35.546] [main/DEBUG] [FabricRegistrySync/]: Not saving registry: minecraft:decorated_pot_patterns
[30Jul2026 00:21:35.546] [main/DEBUG] [FabricRegistrySync/]: Not saving registry: minecraft:worldgen/feature_size_type
[30Jul2026 00:21:35.546] [main/DEBUG] [FabricRegistrySync/]: Not saving registry: minecraft:point_of_interest_type
[30Jul2026 00:21:35.546] [main/DEBUG] [FabricRegistrySync/]: Not saving registry: minecraft:mob_effect
[30Jul2026 00:21:35.546] [main/DEBUG] [FabricRegistrySync/]: Not saving registry: minecraft:loot_pool_entry_type
[30Jul2026 00:21:35.546] [main/DEBUG] [FabricRegistrySync/]: Not saving registry: minecraft:worldgen/block_state_provider_type
[30Jul2026 00:21:35.546] [main/DEBUG] [FabricRegistrySync/]: Not saving registry: minecraft:worldgen/chunk_generator
[30Jul2026 00:21:35.546] [main/DEBUG] [FabricRegistrySync/]: Not saving registry: minecraft:float_provider_type
[30Jul2026 00:21:35.546] [main/DEBUG] [FabricRegistrySync/]: Not saving registry: minecraft:chunk_status
[30Jul2026 00:21:35.546] [main/DEBUG] [FabricRegistrySync/]: Not saving registry: minecraft:enchantment
[30Jul2026 00:21:35.546] [main/DEBUG] [FabricRegistrySync/]: Not saving registry: minecraft:loot_function_type
[30Jul2026 00:21:35.546] [main/DEBUG] [FabricRegistrySync/]: Not saving registry: minecraft:worldgen/structure_processor
[30Jul2026 00:21:35.546] [main/DEBUG] [FabricRegistrySync/]: Not saving registry: minecraft:loot_score_provider_type
[30Jul2026 00:21:35.546] [main/DEBUG] [FabricRegistrySync/]: Not saving registry: minecraft:worldgen/tree_decorator_type
[30Jul2026 00:21:35.546] [main/DEBUG] [FabricRegistrySync/]: Not saving registry: minecraft:schedule
[30Jul2026 00:21:35.546] [main/DEBUG] [FabricRegistrySync/]: Not saving registry: minecraft:worldgen/material_condition
[30Jul2026 00:21:35.546] [main/DEBUG] [FabricRegistrySync/]: Not saving registry: minecraft:entity_type
[30Jul2026 00:21:35.546] [main/DEBUG] [FabricRegistrySync/]: Not saving registry: minecraft:villager_profession
[30Jul2026 00:21:35.546] [main/DEBUG] [FabricRegistrySync/]: Not saving registry: minecraft:potion
[30Jul2026 00:21:35.546] [main/DEBUG] [FabricRegistrySync/]: Not saving registry: minecraft:recipe_type
[30Jul2026 00:21:35.546] [main/DEBUG] [FabricRegistrySync/]: Not saving registry: minecraft:int_provider_type
[30Jul2026 00:21:35.546] [main/DEBUG] [FabricRegistrySync/]: Not saving registry: minecraft:worldgen/feature
[30Jul2026 00:21:35.546] [main/DEBUG] [FabricRegistrySync/]: Not saving registry: minecraft:cat_variant
[30Jul2026 00:21:35.546] [main/DEBUG] [FabricRegistrySync/]: Not saving registry: minecraft:pos_rule_test
[30Jul2026 00:21:35.546] [main/DEBUG] [FabricRegistrySync/]: Not saving registry: minecraft:worldgen/structure_placement
[30Jul2026 00:21:35.546] [main/DEBUG] [FabricRegistrySync/]: Not saving registry: minecraft:loot_nbt_provider_type
[30Jul2026 00:21:35.546] [main/DEBUG] [FabricRegistrySync/]: Not saving registry: minecraft:menu
[30Jul2026 00:21:35.546] [main/DEBUG] [FabricRegistrySync/]: Not saving registry: minecraft:worldgen/trunk_placer_type
[30Jul2026 00:21:35.546] [main/DEBUG] [FabricRegistrySync/]: Not saving registry: minecraft:creative_mode_tab
[30Jul2026 00:21:35.546] [main/DEBUG] [FabricRegistrySync/]: Not saving registry: minecraft:worldgen/placement_modifier_type
[30Jul2026 00:21:35.546] [main/DEBUG] [FabricRegistrySync/]: Not saving registry: minecraft:worldgen/carver
[30Jul2026 00:21:35.546] [main/DEBUG] [FabricRegistrySync/]: Not saving registry: minecraft:loot_number_provider_type
[30Jul2026 00:21:35.546] [main/DEBUG] [FabricRegistrySync/]: Not saving registry: minecraft:worldgen/structure_piece
[30Jul2026 00:21:35.546] [main/DEBUG] [FabricRegistrySync/]: Not saving registry: minecraft:sound_event
[30Jul2026 00:21:35.546] [main/DEBUG] [FabricRegistrySync/]: Not saving registry: minecraft:particle_type
[30Jul2026 00:21:35.546] [main/DEBUG] [FabricRegistrySync/]: Not saving registry: minecraft:game_event
[30Jul2026 00:21:35.546] [main/DEBUG] [FabricRegistrySync/]: Not saving registry: minecraft:worldgen/biome_source
[30Jul2026 00:21:35.546] [main/DEBUG] [FabricRegistrySync/]: Not saving registry: minecraft:worldgen/root_placer_type
[30Jul2026 00:21:35.546] [main/DEBUG] [FabricRegistrySync/]: Not saving registry: minecraft:villager_type
[30Jul2026 00:21:35.546] [main/DEBUG] [FabricRegistrySync/]: Not saving registry: minecraft:painting_variant
[30Jul2026 00:21:35.546] [main/DEBUG] [FabricRegistrySync/]: Not saving registry: forge:fluid_type
[30Jul2026 00:21:35.546] [main/DEBUG] [FabricRegistrySync/]: Not saving registry: minecraft:block_predicate_type
[30Jul2026 00:21:35.546] [main/DEBUG] [FabricRegistrySync/]: Not saving registry: minecraft:block
[30Jul2026 00:21:35.546] [main/DEBUG] [FabricRegistrySync/]: Not saving registry: forge:entity_data_serializers
[30Jul2026 00:21:35.546] [main/DEBUG] [FabricRegistrySync/]: Not saving registry: minecraft:sensor_type
[30Jul2026 00:21:35.546] [main/DEBUG] [FabricRegistrySync/]: Not saving registry: minecraft:rule_test
[30Jul2026 00:21:35.546] [main/DEBUG] [FabricRegistrySync/]: Not saving registry: minecraft:memory_module_type
[30Jul2026 00:21:35.547] [main/DEBUG] [FabricRegistrySync/]: Not saving empty registry data
[30Jul2026 00:21:35.561] [main/DEBUG] [net.minecraftforge.common.ForgeHooks/WP]: Gathering id map for writing to world save OASIS OSTENTOSO
[30Jul2026 00:21:35.581] [main/DEBUG] [net.minecraftforge.common.ForgeHooks/WP]: ID Map collection complete OASIS OSTENTOSO
[30Jul2026 00:21:35.615] [main/DEBUG] [mixin/]: Mixing feature.mcfunction_profiling.ServerFunctionManagerMixin from modernfix-modernfix.mixins.json into net.minecraft.server.ServerFunctionManager
[30Jul2026 00:21:35.616] [main/DEBUG] [mixin/]: Renaming synthetic method lambda$mfix$getProfilingResults$2(Ljava/util/Map$Entry;)Ljava/time/Duration; to mdda8f76$modernfix$lambda$mfix$getProfilingResults$2$0 in modernfix-modernfix.mixins.json:feature.mcfunction_profiling.ServerFunctionManagerMixin from mod modernfix
[30Jul2026 00:21:35.616] [main/DEBUG] [mixin/]: Renaming synthetic method lambda$pruneUnusedWatches$1(Lcom/google/common/base/Stopwatch;)Z to mdda8f76$modernfix$lambda$pruneUnusedWatches$1$1 in modernfix-modernfix.mixins.json:feature.mcfunction_profiling.ServerFunctionManagerMixin from mod modernfix
[30Jul2026 00:21:35.616] [main/DEBUG] [mixin/]: Renaming synthetic method lambda$startWatch$0(Lnet/minecraft/resources/ResourceLocation;)Lcom/google/common/base/Stopwatch; to mdda8f76$modernfix$lambda$startWatch$0$2 in modernfix-modernfix.mixins.json:feature.mcfunction_profiling.ServerFunctionManagerMixin from mod modernfix
[30Jul2026 00:21:35.620] [main/DEBUG] [mixin/]: modernfix-modernfix.mixins.json:feature.mcfunction_profiling.ServerFunctionManagerMixin from mod modernfix->@Inject::resetWatches(Ljava/util/Collection;Lnet/minecraft/resources/ResourceLocation;Lorg/spongepowered/asm/mixin/injection/callback/CallbackInfo;)V doesn't use it's CallbackInfo
[30Jul2026 00:21:35.620] [main/DEBUG] [mixin/]: modernfix-modernfix.mixins.json:feature.mcfunction_profiling.ServerFunctionManagerMixin from mod modernfix->@Inject::resetWatches(Ljava/util/Collection;Lnet/minecraft/resources/ResourceLocation;Lorg/spongepowered/asm/mixin/injection/callback/CallbackInfo;)V has 0 override(s) in child classes
[30Jul2026 00:21:35.621] [main/DEBUG] [mixin/]: modernfix-modernfix.mixins.json:feature.mcfunction_profiling.ServerFunctionManagerMixin from mod modernfix->@Inject::resetWatches(Ljava/util/Collection;Lnet/minecraft/resources/ResourceLocation;Lorg/spongepowered/asm/mixin/injection/callback/CallbackInfo;)V won't be passed a CallbackInfo as a result
[30Jul2026 00:21:35.621] [main/DEBUG] [mixin/]: modernfix-modernfix.mixins.json:feature.mcfunction_profiling.ServerFunctionManagerMixin from mod modernfix->@Inject::startWatch(Ljava/util/Collection;Lnet/minecraft/resources/ResourceLocation;Lorg/spongepowered/asm/mixin/injection/callback/CallbackInfo;)V doesn't use it's CallbackInfo
[30Jul2026 00:21:35.621] [main/DEBUG] [mixin/]: modernfix-modernfix.mixins.json:feature.mcfunction_profiling.ServerFunctionManagerMixin from mod modernfix->@Inject::startWatch(Ljava/util/Collection;Lnet/minecraft/resources/ResourceLocation;Lorg/spongepowered/asm/mixin/injection/callback/CallbackInfo;)V has 0 override(s) in child classes
[30Jul2026 00:21:35.621] [main/DEBUG] [mixin/]: modernfix-modernfix.mixins.json:feature.mcfunction_profiling.ServerFunctionManagerMixin from mod modernfix->@Inject::startWatch(Ljava/util/Collection;Lnet/minecraft/resources/ResourceLocation;Lorg/spongepowered/asm/mixin/injection/callback/CallbackInfo;)V won't be passed a CallbackInfo as a result
[30Jul2026 00:21:35.621] [main/DEBUG] [mixin/]: modernfix-modernfix.mixins.json:feature.mcfunction_profiling.ServerFunctionManagerMixin from mod modernfix->@Inject::stopWatch(Ljava/util/Collection;Lnet/minecraft/resources/ResourceLocation;Lorg/spongepowered/asm/mixin/injection/callback/CallbackInfo;)V doesn't use it's CallbackInfo
[30Jul2026 00:21:35.621] [main/DEBUG] [mixin/]: modernfix-modernfix.mixins.json:feature.mcfunction_profiling.ServerFunctionManagerMixin from mod modernfix->@Inject::stopWatch(Ljava/util/Collection;Lnet/minecraft/resources/ResourceLocation;Lorg/spongepowered/asm/mixin/injection/callback/CallbackInfo;)V has 0 override(s) in child classes
[30Jul2026 00:21:35.621] [main/DEBUG] [mixin/]: modernfix-modernfix.mixins.json:feature.mcfunction_profiling.ServerFunctionManagerMixin from mod modernfix->@Inject::stopWatch(Ljava/util/Collection;Lnet/minecraft/resources/ResourceLocation;Lorg/spongepowered/asm/mixin/injection/callback/CallbackInfo;)V won't be passed a CallbackInfo as a result
[30Jul2026 00:21:35.621] [main/DEBUG] [mixin/]: modernfix-modernfix.mixins.json:feature.mcfunction_profiling.ServerFunctionManagerMixin from mod modernfix->@Inject::pruneUnusedWatches(Ljava/util/Collection;Lnet/minecraft/resources/ResourceLocation;Lorg/spongepowered/asm/mixin/injection/callback/CallbackInfo;)V doesn't use it's CallbackInfo
[30Jul2026 00:21:35.621] [main/DEBUG] [mixin/]: modernfix-modernfix.mixins.json:feature.mcfunction_profiling.ServerFunctionManagerMixin from mod modernfix->@Inject::pruneUnusedWatches(Ljava/util/Collection;Lnet/minecraft/resources/ResourceLocation;Lorg/spongepowered/asm/mixin/injection/callback/CallbackInfo;)V has 0 override(s) in child classes
[30Jul2026 00:21:35.621] [main/DEBUG] [mixin/]: modernfix-modernfix.mixins.json:feature.mcfunction_profiling.ServerFunctionManagerMixin from mod modernfix->@Inject::pruneUnusedWatches(Ljava/util/Collection;Lnet/minecraft/resources/ResourceLocation;Lorg/spongepowered/asm/mixin/injection/callback/CallbackInfo;)V won't be passed a CallbackInfo as a result
[30Jul2026 00:21:35.649] [Server thread/INFO] [net.minecraft.server.dedicated.DedicatedServer/]: Starting minecraft server version 1.20.1
[30Jul2026 00:21:35.649] [Server thread/INFO] [net.minecraft.server.dedicated.DedicatedServer/]: Loading properties
[30Jul2026 00:21:35.650] [Server thread/INFO] [net.minecraft.server.dedicated.DedicatedServer/]: Default game type: SURVIVAL
[30Jul2026 00:21:35.650] [Server thread/INFO] [net.minecraft.server.MinecraftServer/]: Generating keypair
[30Jul2026 00:21:35.759] [Server thread/INFO] [net.minecraft.server.dedicated.DedicatedServer/]: Starting Minecraft server on *:25565
[30Jul2026 00:21:35.769] [Server thread/DEBUG] [net.minecraftforge.network.DualStackUtils/]: Detected IPv6 address: "0:0:0:0:0:0:0:0"
[30Jul2026 00:21:35.776] [Server thread/DEBUG] [io.netty.util.internal.NativeLibraryLoader/]: -Dio.netty.native.workdir: /tmp (io.netty.tmpdir)
[30Jul2026 00:21:35.776] [Server thread/DEBUG] [io.netty.util.internal.NativeLibraryLoader/]: -Dio.netty.native.deleteLibAfterLoading: true
[30Jul2026 00:21:35.777] [Server thread/DEBUG] [io.netty.util.internal.NativeLibraryLoader/]: -Dio.netty.native.tryPatchShadedId: true
[30Jul2026 00:21:35.777] [Server thread/DEBUG] [io.netty.util.internal.NativeLibraryLoader/]: -Dio.netty.native.detectNativeLibraryDuplicates: true
[30Jul2026 00:21:35.784] [Server thread/DEBUG] [io.netty.util.internal.NativeLibraryLoader/]: Successfully loaded the library /tmp/libnetty_transport_native_epoll_x86_644707133004323824983.so
[30Jul2026 00:21:35.787] [Server thread/DEBUG] [io.netty.util.NetUtil/]: -Djava.net.preferIPv4Stack: false
[30Jul2026 00:21:35.787] [Server thread/DEBUG] [io.netty.util.NetUtil/]: -Djava.net.preferIPv6Addresses: true
[30Jul2026 00:21:35.789] [Server thread/DEBUG] [io.netty.util.NetUtilInitializations/]: Loopback interface: lo (lo, 0:0:0:0:0:0:0:1%lo)
[30Jul2026 00:21:35.790] [Server thread/DEBUG] [io.netty.util.NetUtil/]: /proc/sys/net/core/somaxconn: 4096
[30Jul2026 00:21:35.793] [Server thread/INFO] [net.minecraft.server.network.ServerConnectionListener/]: Using epoll channel type
[30Jul2026 00:21:35.806] [Server thread/DEBUG] [mixin/]: Mixing perf.smart_ingredient_sync.ConnectionMixin from modernfix-modernfix.mixins.json into net.minecraft.network.Connection
[30Jul2026 00:21:35.807] [Server thread/DEBUG] [mixin/]: Mixing ClientConnectionMixin from fabric-networking-api-v1.mixins.json into net.minecraft.network.Connection
[30Jul2026 00:21:35.807] [Server thread/DEBUG] [mixin/]: fabric-networking-api-v1.mixins.json:ClientConnectionMixin from mod fabric_networking_api_v1: Class version 61 required is higher than the class version supported by the current version of Mixin (JAVA_16 supports class version 60)
[30Jul2026 00:21:35.817] [Server thread/DEBUG] [mixin/]: fabric-networking-api-v1.mixins.json:ClientConnectionMixin from mod fabric_networking_api_v1->@Inject::initAddedFields(Lnet/minecraft/network/protocol/PacketFlow;Lorg/spongepowered/asm/mixin/injection/callback/CallbackInfo;)V doesn't use it's CallbackInfo
[30Jul2026 00:21:35.817] [Server thread/DEBUG] [mixin/]: fabric-networking-api-v1.mixins.json:ClientConnectionMixin from mod fabric_networking_api_v1->@Inject::initAddedFields(Lnet/minecraft/network/protocol/PacketFlow;Lorg/spongepowered/asm/mixin/injection/callback/CallbackInfo;)V has 0 override(s) in child classes
[30Jul2026 00:21:35.817] [Server thread/DEBUG] [mixin/]: fabric-networking-api-v1.mixins.json:ClientConnectionMixin from mod fabric_networking_api_v1->@Inject::initAddedFields(Lnet/minecraft/network/protocol/PacketFlow;Lorg/spongepowered/asm/mixin/injection/callback/CallbackInfo;)V won't be passed a CallbackInfo as a result
[30Jul2026 00:21:35.817] [Server thread/DEBUG] [mixin/]: fabric-networking-api-v1.mixins.json:ClientConnectionMixin from mod fabric_networking_api_v1->@Inject::checkPacket(Lnet/minecraft/network/protocol/Packet;Lnet/minecraft/network/PacketSendListener;Lorg/spongepowered/asm/mixin/injection/callback/CallbackInfo;)V doesn't use it's CallbackInfo
[30Jul2026 00:21:35.817] [Server thread/DEBUG] [mixin/]: fabric-networking-api-v1.mixins.json:ClientConnectionMixin from mod fabric_networking_api_v1->@Inject::checkPacket(Lnet/minecraft/network/protocol/Packet;Lnet/minecraft/network/PacketSendListener;Lorg/spongepowered/asm/mixin/injection/callback/CallbackInfo;)V has 0 override(s) in child classes
[30Jul2026 00:21:35.817] [Server thread/DEBUG] [mixin/]: fabric-networking-api-v1.mixins.json:ClientConnectionMixin from mod fabric_networking_api_v1->@Inject::checkPacket(Lnet/minecraft/network/protocol/Packet;Lnet/minecraft/network/PacketSendListener;Lorg/spongepowered/asm/mixin/injection/callback/CallbackInfo;)V won't be passed a CallbackInfo as a result
[30Jul2026 00:21:35.818] [Server thread/DEBUG] [mixin/]: fabric-networking-api-v1.mixins.json:ClientConnectionMixin from mod fabric_networking_api_v1->@Inject::checkPacket(Lnet/minecraft/network/protocol/Packet;Lnet/minecraft/network/PacketSendListener;Lorg/spongepowered/asm/mixin/injection/callback/CallbackInfo;)V doesn't use it's CallbackInfo
[30Jul2026 00:21:35.818] [Server thread/DEBUG] [mixin/]: fabric-networking-api-v1.mixins.json:ClientConnectionMixin from mod fabric_networking_api_v1->@Inject::checkPacket(Lnet/minecraft/network/protocol/Packet;Lnet/minecraft/network/PacketSendListener;Lorg/spongepowered/asm/mixin/injection/callback/CallbackInfo;)V has 0 override(s) in child classes
[30Jul2026 00:21:35.818] [Server thread/DEBUG] [mixin/]: fabric-networking-api-v1.mixins.json:ClientConnectionMixin from mod fabric_networking_api_v1->@Inject::checkPacket(Lnet/minecraft/network/protocol/Packet;Lnet/minecraft/network/PacketSendListener;Lorg/spongepowered/asm/mixin/injection/callback/CallbackInfo;)V won't be passed a CallbackInfo as a result
[30Jul2026 00:21:35.818] [Server thread/DEBUG] [mixin/]: fabric-networking-api-v1.mixins.json:ClientConnectionMixin from mod fabric_networking_api_v1->@Inject::handleDisconnect(Lio/netty/channel/ChannelHandlerContext;Lorg/spongepowered/asm/mixin/injection/callback/CallbackInfo;)V doesn't use it's CallbackInfo
[30Jul2026 00:21:35.818] [Server thread/DEBUG] [mixin/]: fabric-networking-api-v1.mixins.json:ClientConnectionMixin from mod fabric_networking_api_v1->@Inject::handleDisconnect(Lio/netty/channel/ChannelHandlerContext;Lorg/spongepowered/asm/mixin/injection/callback/CallbackInfo;)V has 0 override(s) in child classes
[30Jul2026 00:21:35.818] [Server thread/DEBUG] [mixin/]: fabric-networking-api-v1.mixins.json:ClientConnectionMixin from mod fabric_networking_api_v1->@Inject::handleDisconnect(Lio/netty/channel/ChannelHandlerContext;Lorg/spongepowered/asm/mixin/injection/callback/CallbackInfo;)V won't be passed a CallbackInfo as a result
[30Jul2026 00:21:35.818] [Server thread/DEBUG] [mixin/]: fabric-networking-api-v1.mixins.json:ClientConnectionMixin from mod fabric_networking_api_v1->@Inject::sendInternal(Lnet/minecraft/network/protocol/Packet;Lnet/minecraft/network/PacketSendListener;Lnet/minecraft/network/ConnectionProtocol;Lnet/minecraft/network/ConnectionProtocol;Lorg/spongepowered/asm/mixin/injection/callback/CallbackInfo;Lio/netty/channel/ChannelFuture;)V does use it's CallbackInfo
[30Jul2026 00:21:35.830] [Server thread/DEBUG] [io.netty.channel.MultithreadEventLoopGroup/]: -Dio.netty.eventLoopThreads: 8
[30Jul2026 00:21:35.854] [Server thread/DEBUG] [io.netty.util.internal.PlatformDependent/]: org.jctools-core.MpscChunkedArrayQueue: available
[30Jul2026 00:21:35.864] [Server thread/DEBUG] [io.netty.channel.DefaultChannelId/]: -Dio.netty.processId: 7173 (auto-detected)
[30Jul2026 00:21:35.866] [Server thread/DEBUG] [io.netty.channel.DefaultChannelId/]: -Dio.netty.machineId: 60:45:bd:ff:fe:d1:33:71 (auto-detected)
[30Jul2026 00:21:35.896] [Server thread/DEBUG] [io.netty.buffer.PooledByteBufAllocator/]: -Dio.netty.allocator.numHeapArenas: 8
[30Jul2026 00:21:35.896] [Server thread/DEBUG] [io.netty.buffer.PooledByteBufAllocator/]: -Dio.netty.allocator.numDirectArenas: 8
[30Jul2026 00:21:35.896] [Server thread/DEBUG] [io.netty.buffer.PooledByteBufAllocator/]: -Dio.netty.allocator.pageSize: 8192
[30Jul2026 00:21:35.896] [Server thread/DEBUG] [io.netty.buffer.PooledByteBufAllocator/]: -Dio.netty.allocator.maxOrder: 9
[30Jul2026 00:21:35.896] [Server thread/DEBUG] [io.netty.buffer.PooledByteBufAllocator/]: -Dio.netty.allocator.chunkSize: 4194304
[30Jul2026 00:21:35.896] [Server thread/DEBUG] [io.netty.buffer.PooledByteBufAllocator/]: -Dio.netty.allocator.smallCacheSize: 256
[30Jul2026 00:21:35.896] [Server thread/DEBUG] [io.netty.buffer.PooledByteBufAllocator/]: -Dio.netty.allocator.normalCacheSize: 64
[30Jul2026 00:21:35.896] [Server thread/DEBUG] [io.netty.buffer.PooledByteBufAllocator/]: -Dio.netty.allocator.maxCachedBufferCapacity: 32768
[30Jul2026 00:21:35.896] [Server thread/DEBUG] [io.netty.buffer.PooledByteBufAllocator/]: -Dio.netty.allocator.cacheTrimInterval: 8192
[30Jul2026 00:21:35.897] [Server thread/DEBUG] [io.netty.buffer.PooledByteBufAllocator/]: -Dio.netty.allocator.cacheTrimIntervalMillis: 0
[30Jul2026 00:21:35.897] [Server thread/DEBUG] [io.netty.buffer.PooledByteBufAllocator/]: -Dio.netty.allocator.useCacheForAllThreads: false
[30Jul2026 00:21:35.897] [Server thread/DEBUG] [io.netty.buffer.PooledByteBufAllocator/]: -Dio.netty.allocator.maxCachedByteBuffersPerChunk: 1023
[30Jul2026 00:21:35.905] [Server thread/DEBUG] [io.netty.buffer.ByteBufUtil/]: -Dio.netty.allocator.type: pooled
[30Jul2026 00:21:35.905] [Server thread/DEBUG] [io.netty.buffer.ByteBufUtil/]: -Dio.netty.threadLocalDirectBufferSize: 0
[30Jul2026 00:21:35.905] [Server thread/DEBUG] [io.netty.buffer.ByteBufUtil/]: -Dio.netty.maxThreadLocalCharBufferSize: 16384
[30Jul2026 00:21:35.914] [Server thread/WARN] [net.minecraft.server.dedicated.DedicatedServer/]: **** SERVER IS RUNNING IN OFFLINE/INSECURE MODE!
[30Jul2026 00:21:35.915] [Server thread/WARN] [net.minecraft.server.dedicated.DedicatedServer/]: The server will make no attempt to authenticate usernames. Beware.
[30Jul2026 00:21:35.915] [Server thread/WARN] [net.minecraft.server.dedicated.DedicatedServer/]: While this makes the game possible to play without internet access, it also opens up the ability for hackers to connect with any username they choose.
[30Jul2026 00:21:35.915] [Server thread/WARN] [net.minecraft.server.dedicated.DedicatedServer/]: To change this, set "online-mode" to "true" in the server.properties file.
[30Jul2026 00:21:35.923] [Server thread/DEBUG] [mixin/]: Mixing SerializableRegistriesMixin from fabric-registry-sync-v0.mixins.json into net.minecraft.core.RegistrySynchronization
[30Jul2026 00:21:35.924] [Server thread/DEBUG] [mixin/]: fabric-registry-sync-v0.mixins.json:SerializableRegistriesMixin from mod fabric_registry_sync_v0: Class version 61 required is higher than the class version supported by the current version of Mixin (JAVA_16 supports class version 60)
[30Jul2026 00:21:35.924] [Server thread/DEBUG] [mixin/]: Renaming synthetic method lambda$filterNonSyncedEntries$0(Lnet/minecraft/core/RegistryAccess$RegistryEntry;)Z to mdda8f76$fabric_registry_sync_v0$lambda$filterNonSyncedEntries$0$0 in fabric-registry-sync-v0.mixins.json:SerializableRegistriesMixin from mod fabric_registry_sync_v0
[30Jul2026 00:21:35.932] [Server thread/DEBUG] [net.minecraftforge.fml.config.ConfigTracker/CONFIG]: Loading configs type SERVER
[30Jul2026 00:21:35.932] [Server thread/DEBUG] [net.minecraftforge.fml.config.ConfigFileTypeHandler/CONFIG]: Built TOML config for ./world/serverconfig/jei-server.toml
[30Jul2026 00:21:35.933] [Server thread/DEBUG] [net.minecraftforge.fml.config.ConfigFileTypeHandler/CONFIG]: Loaded TOML config file ./world/serverconfig/jei-server.toml
[30Jul2026 00:21:35.933] [Server thread/DEBUG] [net.minecraftforge.fml.config.ConfigFileTypeHandler/CONFIG]: Watching TOML config file ./world/serverconfig/jei-server.toml for changes
[30Jul2026 00:21:35.933] [Server thread/WARN] [net.minecraftforge.common.ForgeConfigSpec/CORE]: Configuration file ./world/serverconfig/jei-server.toml is not correct. Correcting
[30Jul2026 00:21:35.935] [Server thread/WARN] [net.minecraftforge.common.ForgeConfigSpec/CORE]: Incorrect key cheat mode was corrected from null to its default, SimpleCommentedConfig:{}. 
[30Jul2026 00:21:35.935] [Server thread/WARN] [net.minecraftforge.common.ForgeConfigSpec/CORE]: Incorrect key cheat mode.enableCheatModeForOp was corrected from null to its default, true. 
[30Jul2026 00:21:35.935] [Server thread/DEBUG] [net.minecraftforge.common.ForgeConfigSpec/CORE]: The comment on key cheat mode.enableCheatModeForOp does not match the spec. This may create a backup.
[30Jul2026 00:21:35.935] [Server thread/WARN] [net.minecraftforge.common.ForgeConfigSpec/CORE]: Incorrect key cheat mode.enableCheatModeForCreative was corrected from null to its default, true. 
[30Jul2026 00:21:35.936] [Server thread/DEBUG] [net.minecraftforge.common.ForgeConfigSpec/CORE]: The comment on key cheat mode.enableCheatModeForCreative does not match the spec. This may create a backup.
[30Jul2026 00:21:35.936] [Server thread/WARN] [net.minecraftforge.common.ForgeConfigSpec/CORE]: Incorrect key cheat mode.enableCheatModeForGive was corrected from null to its default, false. 
[30Jul2026 00:21:35.936] [Server thread/DEBUG] [net.minecraftforge.common.ForgeConfigSpec/CORE]: The comment on key cheat mode.enableCheatModeForGive does not match the spec. This may create a backup.
[30Jul2026 00:21:35.937] [Server thread/DEBUG] [net.minecraftforge.fml.config.ConfigFileTypeHandler/CONFIG]: Built TOML config for ./world/serverconfig/tacz-server.toml
[30Jul2026 00:21:35.937] [Server thread/DEBUG] [net.minecraftforge.fml.config.ConfigFileTypeHandler/CONFIG]: Loaded TOML config file ./world/serverconfig/tacz-server.toml
[30Jul2026 00:21:35.938] [Server thread/DEBUG] [net.minecraftforge.fml.config.ConfigFileTypeHandler/CONFIG]: Watching TOML config file ./world/serverconfig/tacz-server.toml for changes
[30Jul2026 00:21:35.938] [Server thread/WARN] [net.minecraftforge.common.ForgeConfigSpec/CORE]: Configuration file ./world/serverconfig/tacz-server.toml is not correct. Correcting
[30Jul2026 00:21:35.938] [Server thread/WARN] [net.minecraftforge.common.ForgeConfigSpec/CORE]: Incorrect key interact_key was corrected from null to its default, SimpleCommentedConfig:{}. 
[30Jul2026 00:21:35.939] [Server thread/WARN] [net.minecraftforge.common.ForgeConfigSpec/CORE]: Incorrect key interact_key.InteractKeyWhitelistBlocks was corrected from null to its default, []. 
[30Jul2026 00:21:35.939] [Server thread/DEBUG] [net.minecraftforge.common.ForgeConfigSpec/CORE]: The comment on key interact_key.InteractKeyWhitelistBlocks does not match the spec. This may create a backup.
[30Jul2026 00:21:35.939] [Server thread/WARN] [net.minecraftforge.common.ForgeConfigSpec/CORE]: Incorrect key interact_key.InteractKeyWhitelistEntities was corrected from null to its default, []. 
[30Jul2026 00:21:35.939] [Server thread/DEBUG] [net.minecraftforge.common.ForgeConfigSpec/CORE]: The comment on key interact_key.InteractKeyWhitelistEntities does not match the spec. This may create a backup.
[30Jul2026 00:21:35.939] [Server thread/WARN] [net.minecraftforge.common.ForgeConfigSpec/CORE]: Incorrect key interact_key.InteractKeyBlacklistBlocks was corrected from null to its default, []. 
[30Jul2026 00:21:35.939] [Server thread/DEBUG] [net.minecraftforge.common.ForgeConfigSpec/CORE]: The comment on key interact_key.InteractKeyBlacklistBlocks does not match the spec. This may create a backup.
[30Jul2026 00:21:35.939] [Server thread/WARN] [net.minecraftforge.common.ForgeConfigSpec/CORE]: Incorrect key interact_key.InteractKeyBlacklistEntities was corrected from null to its default, []. 
[30Jul2026 00:21:35.939] [Server thread/DEBUG] [net.minecraftforge.common.ForgeConfigSpec/CORE]: The comment on key interact_key.InteractKeyBlacklistEntities does not match the spec. This may create a backup.
[30Jul2026 00:21:35.940] [Server thread/WARN] [net.minecraftforge.common.ForgeConfigSpec/CORE]: Incorrect key base_multiplier was corrected from null to its default, SimpleCommentedConfig:{}. 
[30Jul2026 00:21:35.940] [Server thread/WARN] [net.minecraftforge.common.ForgeConfigSpec/CORE]: Incorrect key base_multiplier.DamageBaseMultiplier was corrected from null to its default, 1.0. 
[30Jul2026 00:21:35.940] [Server thread/DEBUG] [net.minecraftforge.common.ForgeConfigSpec/CORE]: The comment on key base_multiplier.DamageBaseMultiplier does not match the spec. This may create a backup.
[30Jul2026 00:21:35.940] [Server thread/WARN] [net.minecraftforge.common.ForgeConfigSpec/CORE]: Incorrect key base_multiplier.ArmorIgnoreBaseMultiplier was corrected from null to its default, 1.0. 
[30Jul2026 00:21:35.940] [Server thread/DEBUG] [net.minecraftforge.common.ForgeConfigSpec/CORE]: The comment on key base_multiplier.ArmorIgnoreBaseMultiplier does not match the spec. This may create a backup.
[30Jul2026 00:21:35.940] [Server thread/WARN] [net.minecraftforge.common.ForgeConfigSpec/CORE]: Incorrect key base_multiplier.HeadShotBaseMultiplier was corrected from null to its default, 1.0. 
[30Jul2026 00:21:35.940] [Server thread/DEBUG] [net.minecraftforge.common.ForgeConfigSpec/CORE]: The comment on key base_multiplier.HeadShotBaseMultiplier does not match the spec. This may create a backup.
[30Jul2026 00:21:35.941] [Server thread/WARN] [net.minecraftforge.common.ForgeConfigSpec/CORE]: Incorrect key base_multiplier.WeightSpeedMultiplier was corrected from null to its default, 0.015. 
[30Jul2026 00:21:35.941] [Server thread/DEBUG] [net.minecraftforge.common.ForgeConfigSpec/CORE]: The comment on key base_multiplier.WeightSpeedMultiplier does not match the spec. This may create a backup.
[30Jul2026 00:21:35.943] [Server thread/WARN] [net.minecraftforge.common.ForgeConfigSpec/CORE]: Incorrect key misc was corrected from null to its default, SimpleCommentedConfig:{}. 
[30Jul2026 00:21:35.943] [Server thread/WARN] [net.minecraftforge.common.ForgeConfigSpec/CORE]: Incorrect key misc.HeadShotAABB was corrected from null to its default, []. 
[30Jul2026 00:21:35.943] [Server thread/DEBUG] [net.minecraftforge.common.ForgeConfigSpec/CORE]: The comment on key misc.HeadShotAABB does not match the spec. This may create a backup.
[30Jul2026 00:21:35.943] [Server thread/WARN] [net.minecraftforge.common.ForgeConfigSpec/CORE]: Incorrect key misc.AmmoBoxStackSize was corrected from null to its default, 3. 
[30Jul2026 00:21:35.943] [Server thread/DEBUG] [net.minecraftforge.common.ForgeConfigSpec/CORE]: The comment on key misc.AmmoBoxStackSize does not match the spec. This may create a backup.
[30Jul2026 00:21:35.943] [Server thread/WARN] [net.minecraftforge.common.ForgeConfigSpec/CORE]: Incorrect key misc.ClientGunPackDownloadUrls was corrected from null to its default, []. 
[30Jul2026 00:21:35.943] [Server thread/DEBUG] [net.minecraftforge.common.ForgeConfigSpec/CORE]: The comment on key misc.ClientGunPackDownloadUrls does not match the spec. This may create a backup.
[30Jul2026 00:21:35.944] [Server thread/WARN] [net.minecraftforge.common.ForgeConfigSpec/CORE]: Incorrect key misc.EnableCrawl was corrected from null to its default, true. 
[30Jul2026 00:21:35.944] [Server thread/DEBUG] [net.minecraftforge.common.ForgeConfigSpec/CORE]: The comment on key misc.EnableCrawl does not match the spec. This may create a backup.
[30Jul2026 00:21:35.944] [Server thread/WARN] [net.minecraftforge.common.ForgeConfigSpec/CORE]: Incorrect key misc.EnableDefaultGunSmithTableFilter was corrected from null to its default, true. 
[30Jul2026 00:21:35.944] [Server thread/DEBUG] [net.minecraftforge.common.ForgeConfigSpec/CORE]: The comment on key misc.EnableDefaultGunSmithTableFilter does not match the spec. This may create a backup.
[30Jul2026 00:21:35.944] [Server thread/WARN] [net.minecraftforge.common.ForgeConfigSpec/CORE]: Incorrect key misc.ServerShootNetworkCheck was corrected from null to its default, true. 
[30Jul2026 00:21:35.944] [Server thread/DEBUG] [net.minecraftforge.common.ForgeConfigSpec/CORE]: The comment on key misc.ServerShootNetworkCheck does not match the spec. This may create a backup.
[30Jul2026 00:21:35.944] [Server thread/WARN] [net.minecraftforge.common.ForgeConfigSpec/CORE]: Incorrect key misc.ServerShootCooldownCheck was corrected from null to its default, true. 
[30Jul2026 00:21:35.945] [Server thread/DEBUG] [net.minecraftforge.common.ForgeConfigSpec/CORE]: The comment on key misc.ServerShootCooldownCheck does not match the spec. This may create a backup.
[30Jul2026 00:21:35.948] [Server thread/DEBUG] [net.minecraftforge.fml.config.ConfigFileTypeHandler/CONFIG]: Built TOML config for ./world/serverconfig/forge-server.toml
[30Jul2026 00:21:35.948] [Server thread/DEBUG] [net.minecraftforge.fml.config.ConfigFileTypeHandler/CONFIG]: Loaded TOML config file ./world/serverconfig/forge-server.toml
[30Jul2026 00:21:35.949] [Server thread/DEBUG] [net.minecraftforge.fml.config.ConfigFileTypeHandler/CONFIG]: Watching TOML config file ./world/serverconfig/forge-server.toml for changes
[30Jul2026 00:21:35.949] [Server thread/WARN] [net.minecraftforge.common.ForgeConfigSpec/CORE]: Configuration file ./world/serverconfig/forge-server.toml is not correct. Correcting
[30Jul2026 00:21:35.950] [Server thread/WARN] [net.minecraftforge.common.ForgeConfigSpec/CORE]: Incorrect key server was corrected from null to its default, SimpleCommentedConfig:{}. 
[30Jul2026 00:21:35.950] [Server thread/WARN] [net.minecraftforge.common.ForgeConfigSpec/CORE]: Incorrect key server.removeErroringBlockEntities was corrected from null to its default, false. 
[30Jul2026 00:21:35.951] [Server thread/DEBUG] [net.minecraftforge.common.ForgeConfigSpec/CORE]: The comment on key server.removeErroringBlockEntities does not match the spec. This may create a backup.
[30Jul2026 00:21:35.951] [Server thread/WARN] [net.minecraftforge.common.ForgeConfigSpec/CORE]: Incorrect key server.removeErroringEntities was corrected from null to its default, false. 
[30Jul2026 00:21:35.951] [Server thread/DEBUG] [net.minecraftforge.common.ForgeConfigSpec/CORE]: The comment on key server.removeErroringEntities does not match the spec. This may create a backup.
[30Jul2026 00:21:35.951] [Server thread/WARN] [net.minecraftforge.common.ForgeConfigSpec/CORE]: Incorrect key server.fullBoundingBoxLadders was corrected from null to its default, false. 
[30Jul2026 00:21:35.952] [Server thread/DEBUG] [net.minecraftforge.common.ForgeConfigSpec/CORE]: The comment on key server.fullBoundingBoxLadders does not match the spec. This may create a backup.
[30Jul2026 00:21:35.952] [Server thread/WARN] [net.minecraftforge.common.ForgeConfigSpec/CORE]: Incorrect key server.zombieBaseSummonChance was corrected from null to its default, 0.1. 
[30Jul2026 00:21:35.952] [Server thread/DEBUG] [net.minecraftforge.common.ForgeConfigSpec/CORE]: The comment on key server.zombieBaseSummonChance does not match the spec. This may create a backup.
[30Jul2026 00:21:35.952] [Server thread/WARN] [net.minecraftforge.common.ForgeConfigSpec/CORE]: Incorrect key server.zombieBabyChance was corrected from null to its default, 0.05. 
[30Jul2026 00:21:35.952] [Server thread/DEBUG] [net.minecraftforge.common.ForgeConfigSpec/CORE]: The comment on key server.zombieBabyChance does not match the spec. This may create a backup.
[30Jul2026 00:21:35.952] [Server thread/WARN] [net.minecraftforge.common.ForgeConfigSpec/CORE]: Incorrect key server.permissionHandler was corrected from null to its default, forge:default_handler. 
[30Jul2026 00:21:35.952] [Server thread/DEBUG] [net.minecraftforge.common.ForgeConfigSpec/CORE]: The comment on key server.permissionHandler does not match the spec. This may create a backup.
[30Jul2026 00:21:35.952] [Server thread/WARN] [net.minecraftforge.common.ForgeConfigSpec/CORE]: Incorrect key server.advertiseDedicatedServerToLan was corrected from null to its default, true. 
[30Jul2026 00:21:35.953] [Server thread/DEBUG] [net.minecraftforge.common.ForgeConfigSpec/CORE]: The comment on key server.advertiseDedicatedServerToLan does not match the spec. This may create a backup.
[30Jul2026 00:21:35.953] [Server thread/DEBUG] [net.minecraftforge.common.ForgeConfigSpec/CORE]: The comment on key server does not match the spec. This may create a backup.
[30Jul2026 00:21:35.954] [Server thread/DEBUG] [net.minecraftforge.common.ForgeConfig/FORGEMOD]: Loaded forge config file forge-server.toml
[30Jul2026 00:21:35.954] [Server thread/DEBUG] [net.minecraftforge.fml.config.ConfigFileTypeHandler/CONFIG]: Built TOML config for ./world/serverconfig/lrtactical-server.toml
[30Jul2026 00:21:35.955] [Server thread/DEBUG] [net.minecraftforge.fml.config.ConfigFileTypeHandler/CONFIG]: Loaded TOML config file ./world/serverconfig/lrtactical-server.toml
[30Jul2026 00:21:35.955] [Server thread/DEBUG] [net.minecraftforge.fml.config.ConfigFileTypeHandler/CONFIG]: Watching TOML config file ./world/serverconfig/lrtactical-server.toml for changes
[30Jul2026 00:21:35.955] [Server thread/WARN] [net.minecraftforge.common.ForgeConfigSpec/CORE]: Configuration file ./world/serverconfig/lrtactical-server.toml is not correct. Correcting
[30Jul2026 00:21:35.955] [Server thread/WARN] [net.minecraftforge.common.ForgeConfigSpec/CORE]: Incorrect key flash shield was corrected from null to its default, SimpleCommentedConfig:{}. 
[30Jul2026 00:21:35.956] [Server thread/WARN] [net.minecraftforge.common.ForgeConfigSpec/CORE]: Incorrect key flash shield.flash_shield_max_durability was corrected from null to its default, 450. 
[30Jul2026 00:21:35.956] [Server thread/DEBUG] [net.minecraftforge.common.ForgeConfigSpec/CORE]: The comment on key flash shield.flash_shield_max_durability does not match the spec. This may create a backup.
[30Jul2026 00:21:35.956] [Server thread/WARN] [net.minecraftforge.common.ForgeConfigSpec/CORE]: Incorrect key flash shield.flash_shield_cooldown was corrected from null to its default, 200. 
[30Jul2026 00:21:35.956] [Server thread/DEBUG] [net.minecraftforge.common.ForgeConfigSpec/CORE]: The comment on key flash shield.flash_shield_cooldown does not match the spec. This may create a backup.
[30Jul2026 00:21:35.956] [Server thread/WARN] [net.minecraftforge.common.ForgeConfigSpec/CORE]: Incorrect key throwable was corrected from null to its default, SimpleCommentedConfig:{}. 
[30Jul2026 00:21:35.957] [Server thread/WARN] [net.minecraftforge.common.ForgeConfigSpec/CORE]: Incorrect key throwable.flash_shield_cooldown was corrected from null to its default, 0.5. 
[30Jul2026 00:21:35.957] [Server thread/DEBUG] [net.minecraftforge.common.ForgeConfigSpec/CORE]: The comment on key throwable.flash_shield_cooldown does not match the spec. This may create a backup.
[30Jul2026 00:21:35.958] [Server thread/WARN] [net.minecraftforge.common.ForgeConfigSpec/CORE]: Incorrect key melee was corrected from null to its default, SimpleCommentedConfig:{}. 
[30Jul2026 00:21:35.958] [Server thread/WARN] [net.minecraftforge.common.ForgeConfigSpec/CORE]: Incorrect key melee.melee_max_target was corrected from null to its default, 32. 
[30Jul2026 00:21:35.958] [Server thread/DEBUG] [net.minecraftforge.common.ForgeConfigSpec/CORE]: The comment on key melee.melee_max_target does not match the spec. This may create a backup.
[30Jul2026 00:21:35.995] [Server thread/DEBUG] [mixin/]: Mixing TradeOffersTypeAwareBuyForOneEmeraldFactoryMixin from fabric-object-builder-v1.mixins.json into net.minecraft.world.entity.npc.VillagerTrades$EmeraldsForVillagerTypeItem
[30Jul2026 00:21:35.995] [Server thread/DEBUG] [mixin/]: fabric-object-builder-v1.mixins.json:TradeOffersTypeAwareBuyForOneEmeraldFactoryMixin from mod fabric_object_builder_api_v1: Class version 61 required is higher than the class version supported by the current version of Mixin (JAVA_16 supports class version 60)
[30Jul2026 00:21:36.006] [Server thread/INFO] [net.minecraft.server.dedicated.DedicatedServer/]: Preparing level "world"
[30Jul2026 00:21:36.006] [Server thread/DEBUG] [mixin/]: Mixing feature.branding.BrandingControlMixin from modernfix-modernfix.mixins.json into net.minecraftforge.internal.BrandingControl
[30Jul2026 00:21:36.008] [Server thread/DEBUG] [mixin/]: modernfix-modernfix.mixins.json:feature.branding.BrandingControlMixin from mod modernfix->@Inject::addModernFixBranding(Lorg/spongepowered/asm/mixin/injection/callback/CallbackInfo;Lcom/google/common/collect/ImmutableList$Builder;)V doesn't use it's CallbackInfo
[30Jul2026 00:21:36.011] [Server thread/DEBUG] [mixin/]: Mixing perf.optimize_surface_rules.BiomeManagerAccessor from modernfix-modernfix.mixins.json into net.minecraft.world.level.biome.BiomeManager
[30Jul2026 00:21:36.013] [Server thread/DEBUG] [net.minecraftforge.coremod.transformer.CoreModBaseTransformer/COREMOD]: Transforming net/minecraft/world/level/levelgen/PhantomSpawner
[30Jul2026 00:21:36.019] [Server thread/DEBUG] [net.minecraftforge.coremod.transformer.CoreModBaseTransformer/COREMOD]: Transforming net/minecraft/world/level/levelgen/PatrolSpawner
[30Jul2026 00:21:36.024] [Server thread/DEBUG] [net.minecraftforge.coremod.transformer.CoreModBaseTransformer/COREMOD]: Transforming net/minecraft/world/entity/npc/CatSpawner
[30Jul2026 00:21:36.028] [Server thread/DEBUG] [net.minecraftforge.coremod.transformer.CoreModBaseTransformer/COREMOD]: Transforming net/minecraft/world/entity/ai/village/VillageSiege
[30Jul2026 00:21:36.039] [Server thread/DEBUG] [mixin/]: Mixing bugfix.chunk_deadlock.ServerChunkCache_CurrentLoadingMixin from modernfix-modernfix.mixins.json into net.minecraft.server.level.ServerChunkCache
[30Jul2026 00:21:36.046] [Server thread/DEBUG] [mixin/]: modernfix-modernfix.mixins.json:bugfix.chunk_deadlock.ServerChunkCache_CurrentLoadingMixin from mod modernfix->@Inject::checkCurrentlyLoading(IILnet/minecraft/world/level/chunk/ChunkStatus;ZLorg/spongepowered/asm/mixin/injection/callback/CallbackInfoReturnable;)V does use it's CallbackInfoReturnable
[30Jul2026 00:21:36.080] [Server thread/DEBUG] [mixin/]: Mixing ServerWorldServerEntityHandlerMixin from fabric-lifecycle-events-v1.mixins.json into net.minecraft.server.level.ServerLevel$EntityCallbacks
[30Jul2026 00:21:36.081] [Server thread/DEBUG] [mixin/]: fabric-lifecycle-events-v1.mixins.json:ServerWorldServerEntityHandlerMixin from mod fabric_lifecycle_events_v1->@Inject::invokeEntityLoadEvent(Lnet/minecraft/world/entity/Entity;Lorg/spongepowered/asm/mixin/injection/callback/CallbackInfo;)V doesn't use it's CallbackInfo
[30Jul2026 00:21:36.081] [Server thread/DEBUG] [mixin/]: fabric-lifecycle-events-v1.mixins.json:ServerWorldServerEntityHandlerMixin from mod fabric_lifecycle_events_v1->@Inject::invokeEntityUnloadEvent(Lnet/minecraft/world/entity/Entity;Lorg/spongepowered/asm/mixin/injection/callback/CallbackInfo;)V doesn't use it's CallbackInfo
[30Jul2026 00:21:36.088] [Server thread/DEBUG] [mixin/]: Mixing perf.ticking_chunk_alloc.ChunkHolderMixin from modernfix-modernfix.mixins.json into net.minecraft.server.level.ChunkHolder
[30Jul2026 00:21:36.088] [Server thread/DEBUG] [mixin/]: Mixing perf.release_protochunks.ChunkHolderMixin from modernfix-modernfix.mixins.json into net.minecraft.server.level.ChunkHolder
[30Jul2026 00:21:36.089] [Server thread/DEBUG] [mixin/]: Renaming synthetic method lambda$mfix$markAsNeedingProtoChunkDrop$0(Lorg/embeddedt/modernfix/duck/release_protochunks/ISuspendedHolderTrackingChunkMap;Lnet/minecraft/world/level/chunk/ChunkAccess;Ljava/lang/Throwable;)V to mdda8f76$modernfix$lambda$mfix$markAsNeedingProtoChunkDrop$0$0 in modernfix-modernfix.mixins.json:perf.release_protochunks.ChunkHolderMixin from mod modernfix
[30Jul2026 00:21:36.092] [Server thread/DEBUG] [mixin/]: modernfix-modernfix.mixins.json:perf.release_protochunks.ChunkHolderMixin from mod modernfix->@Inject::recheckSuspensionAfterNeighbor(Ljava/lang/String;Ljava/util/concurrent/CompletableFuture;Lorg/spongepowered/asm/mixin/injection/callback/CallbackInfo;)V doesn't use it's CallbackInfo
[30Jul2026 00:21:36.092] [Server thread/DEBUG] [mixin/]: modernfix-modernfix.mixins.json:perf.release_protochunks.ChunkHolderMixin from mod modernfix->@Inject::recheckSuspensionAfterNeighbor(Ljava/lang/String;Ljava/util/concurrent/CompletableFuture;Lorg/spongepowered/asm/mixin/injection/callback/CallbackInfo;)V has 0 override(s) in child classes
[30Jul2026 00:21:36.092] [Server thread/DEBUG] [mixin/]: modernfix-modernfix.mixins.json:perf.release_protochunks.ChunkHolderMixin from mod modernfix->@Inject::recheckSuspensionAfterNeighbor(Ljava/lang/String;Ljava/util/concurrent/CompletableFuture;Lorg/spongepowered/asm/mixin/injection/callback/CallbackInfo;)V won't be passed a CallbackInfo as a result
[30Jul2026 00:21:36.093] [Server thread/DEBUG] [mixin/]: modernfix-modernfix.mixins.json:perf.release_protochunks.ChunkHolderMixin from mod modernfix->@Inject::checkSuspension(Lorg/spongepowered/asm/mixin/injection/callback/CallbackInfo;)V doesn't use it's CallbackInfo
[30Jul2026 00:21:36.093] [Server thread/DEBUG] [mixin/]: modernfix-modernfix.mixins.json:perf.release_protochunks.ChunkHolderMixin from mod modernfix->@Inject::checkSuspension(Lorg/spongepowered/asm/mixin/injection/callback/CallbackInfo;)V has 0 override(s) in child classes
[30Jul2026 00:21:36.093] [Server thread/DEBUG] [mixin/]: modernfix-modernfix.mixins.json:perf.release_protochunks.ChunkHolderMixin from mod modernfix->@Inject::checkSuspension(Lorg/spongepowered/asm/mixin/injection/callback/CallbackInfo;)V won't be passed a CallbackInfo as a result
[30Jul2026 00:21:36.093] [Server thread/DEBUG] [mixin/]: modernfix-modernfix.mixins.json:perf.release_protochunks.ChunkHolderMixin from mod modernfix->@Inject::markForSuspensionOnDemotion(Lnet/minecraft/server/level/ChunkMap;Ljava/util/concurrent/Executor;Lorg/spongepowered/asm/mixin/injection/callback/CallbackInfo;)V doesn't use it's CallbackInfo
[30Jul2026 00:21:36.093] [Server thread/DEBUG] [mixin/]: modernfix-modernfix.mixins.json:perf.release_protochunks.ChunkHolderMixin from mod modernfix->@Inject::markForSuspensionOnDemotion(Lnet/minecraft/server/level/ChunkMap;Ljava/util/concurrent/Executor;Lorg/spongepowered/asm/mixin/injection/callback/CallbackInfo;)V has 0 override(s) in child classes
[30Jul2026 00:21:36.093] [Server thread/DEBUG] [mixin/]: modernfix-modernfix.mixins.json:perf.release_protochunks.ChunkHolderMixin from mod modernfix->@Inject::markForSuspensionOnDemotion(Lnet/minecraft/server/level/ChunkMap;Ljava/util/concurrent/Executor;Lorg/spongepowered/asm/mixin/injection/callback/CallbackInfo;)V won't be passed a CallbackInfo as a result
[30Jul2026 00:21:36.097] [Server thread/DEBUG] [mixin/]: Mixing common.DimensionDataStorageMixin from mts.mixins.json into net.minecraft.world.level.storage.DimensionDataStorage
[30Jul2026 00:21:36.101] [Server thread/DEBUG] [mixin/]: Mixing perf.release_protochunks.ChunkMapMixin from modernfix-modernfix.mixins.json into net.minecraft.server.level.ChunkMap
[30Jul2026 00:21:36.102] [Server thread/DEBUG] [mixin/]: Renaming synthetic method lambda$decrementGenRefCountsOnComplete$0(ILnet/minecraft/world/level/ChunkPos;Lcom/mojang/datafixers/util/Either;Ljava/lang/Throwable;)V to mdda8f76$modernfix$lambda$decrementGenRefCountsOnComplete$0$0 in modernfix-modernfix.mixins.json:perf.release_protochunks.ChunkMapMixin from mod modernfix
[30Jul2026 00:21:36.105] [Server thread/DEBUG] [mixin/]: Mixing bugfix.paper_chunk_patches.ChunkMapMixin from modernfix-modernfix.mixins.json into net.minecraft.server.level.ChunkMap
[30Jul2026 00:21:36.106] [Server thread/DEBUG] [mixin/]: Renaming synthetic method lambda$mfix$avoidSchedulingGenerationPrematurely$0(Lnet/minecraft/server/level/ChunkMap;Lnet/minecraft/server/level/ChunkHolder;Lnet/minecraft/world/level/chunk/ChunkStatus;Lcom/mojang/datafixers/util/Either;)Ljava/util/concurrent/CompletionStage; to mdda8f76$modernfix$lambda$mfix$avoidSchedulingGenerationPrematurely$0$1 in modernfix-modernfix.mixins.json:bugfix.paper_chunk_patches.ChunkMapMixin from mod modernfix
[30Jul2026 00:21:36.106] [Server thread/DEBUG] [mixin/]: Mixing bugfix.chunk_deadlock.ChunkMapLoadMixin from modernfix-modernfix.mixins.json into net.minecraft.server.level.ChunkMap
[30Jul2026 00:21:36.106] [Server thread/DEBUG] [mixin/]: Renaming synthetic method lambda$createSurrogateFuture$1(Ljava/util/concurrent/CompletableFuture;Lcom/mojang/datafixers/util/Either;Ljava/lang/Throwable;)V to mdda8f76$modernfix$lambda$createSurrogateFuture$1$2 in modernfix-modernfix.mixins.json:bugfix.chunk_deadlock.ChunkMapLoadMixin from mod modernfix
[30Jul2026 00:21:36.106] [Server thread/DEBUG] [mixin/]: Renaming synthetic method lambda$createSurrogateFuture$0(Ljava/util/concurrent/CompletableFuture;Ljava/util/function/Function;Lcom/mojang/datafixers/util/Either;)Lcom/mojang/datafixers/util/Either; to mdda8f76$modernfix$lambda$createSurrogateFuture$0$3 in modernfix-modernfix.mixins.json:bugfix.chunk_deadlock.ChunkMapLoadMixin from mod modernfix
[30Jul2026 00:21:36.109] [Server thread/DEBUG] [mixin/]: Mixing accessor.ThreadedAnvilChunkStorageAccessor from fabric-networking-api-v1.mixins.json into net.minecraft.server.level.ChunkMap
[30Jul2026 00:21:36.109] [Server thread/DEBUG] [mixin/]: fabric-networking-api-v1.mixins.json:accessor.ThreadedAnvilChunkStorageAccessor from mod fabric_networking_api_v1: Class version 61 required is higher than the class version supported by the current version of Mixin (JAVA_16 supports class version 60)
[30Jul2026 00:21:36.110] [Server thread/DEBUG] [mixin/]: Mixing ThreadedAnvilChunkStorageMixin from fabric-lifecycle-events-v1.mixins.json into net.minecraft.server.level.ChunkMap
[30Jul2026 00:21:36.115] [Server thread/DEBUG] [mixin/]: modernfix-modernfix.mixins.json:perf.release_protochunks.ChunkMapMixin from mod modernfix->@Inject::dropProtoChunks(Ljava/util/function/BooleanSupplier;Lorg/spongepowered/asm/mixin/injection/callback/CallbackInfo;)V doesn't use it's CallbackInfo
[30Jul2026 00:21:36.116] [Server thread/DEBUG] [mixin/]: modernfix-modernfix.mixins.json:perf.release_protochunks.ChunkMapMixin from mod modernfix->@Inject::dropProtoChunks(Ljava/util/function/BooleanSupplier;Lorg/spongepowered/asm/mixin/injection/callback/CallbackInfo;)V has 0 override(s) in child classes
[30Jul2026 00:21:36.116] [Server thread/DEBUG] [mixin/]: modernfix-modernfix.mixins.json:perf.release_protochunks.ChunkMapMixin from mod modernfix->@Inject::dropProtoChunks(Ljava/util/function/BooleanSupplier;Lorg/spongepowered/asm/mixin/injection/callback/CallbackInfo;)V won't be passed a CallbackInfo as a result
[30Jul2026 00:21:36.116] [Server thread/DEBUG] [mixin/]: modernfix-modernfix.mixins.json:perf.release_protochunks.ChunkMapMixin from mod modernfix->@Inject::incrementGenRefCounts(Lnet/minecraft/server/level/ChunkHolder;Lnet/minecraft/world/level/chunk/ChunkStatus;Lorg/spongepowered/asm/mixin/injection/callback/CallbackInfoReturnable;)V doesn't use it's CallbackInfoReturnable
[30Jul2026 00:21:36.116] [Server thread/DEBUG] [mixin/]: modernfix-modernfix.mixins.json:perf.release_protochunks.ChunkMapMixin from mod modernfix->@Inject::incrementGenRefCounts(Lnet/minecraft/server/level/ChunkHolder;Lnet/minecraft/world/level/chunk/ChunkStatus;Lorg/spongepowered/asm/mixin/injection/callback/CallbackInfoReturnable;)V has 0 override(s) in child classes
[30Jul2026 00:21:36.116] [Server thread/DEBUG] [mixin/]: modernfix-modernfix.mixins.json:perf.release_protochunks.ChunkMapMixin from mod modernfix->@Inject::incrementGenRefCounts(Lnet/minecraft/server/level/ChunkHolder;Lnet/minecraft/world/level/chunk/ChunkStatus;Lorg/spongepowered/asm/mixin/injection/callback/CallbackInfoReturnable;)V won't be passed a CallbackInfoReturnable as a result
[30Jul2026 00:21:36.116] [Server thread/DEBUG] [mixin/]: modernfix-modernfix.mixins.json:bugfix.chunk_deadlock.ChunkMapLoadMixin from mod modernfix->@Inject::completeSurrogateFuture(Lnet/minecraft/server/level/ChunkHolder;Lnet/minecraft/world/level/chunk/ChunkAccess;Lorg/spongepowered/asm/mixin/injection/callback/CallbackInfoReturnable;)V doesn't use it's CallbackInfoReturnable
[30Jul2026 00:21:36.116] [Server thread/DEBUG] [mixin/]: modernfix-modernfix.mixins.json:bugfix.chunk_deadlock.ChunkMapLoadMixin from mod modernfix->@Inject::completeSurrogateFuture(Lnet/minecraft/server/level/ChunkHolder;Lnet/minecraft/world/level/chunk/ChunkAccess;Lorg/spongepowered/asm/mixin/injection/callback/CallbackInfoReturnable;)V has 0 override(s) in child classes
[30Jul2026 00:21:36.116] [Server thread/DEBUG] [mixin/]: modernfix-modernfix.mixins.json:bugfix.chunk_deadlock.ChunkMapLoadMixin from mod modernfix->@Inject::completeSurrogateFuture(Lnet/minecraft/server/level/ChunkHolder;Lnet/minecraft/world/level/chunk/ChunkAccess;Lorg/spongepowered/asm/mixin/injection/callback/CallbackInfoReturnable;)V won't be passed a CallbackInfoReturnable as a result
[30Jul2026 00:21:36.116] [Server thread/DEBUG] [mixin/]: modernfix-modernfix.mixins.json:bugfix.chunk_deadlock.ChunkMapLoadMixin from mod modernfix->@Inject::reportDeferredPromotionException(Lorg/spongepowered/asm/mixin/injection/callback/CallbackInfo;)V doesn't use it's CallbackInfo
[30Jul2026 00:21:36.116] [Server thread/DEBUG] [mixin/]: modernfix-modernfix.mixins.json:bugfix.chunk_deadlock.ChunkMapLoadMixin from mod modernfix->@Inject::reportDeferredPromotionException(Lorg/spongepowered/asm/mixin/injection/callback/CallbackInfo;)V has 0 override(s) in child classes
[30Jul2026 00:21:36.116] [Server thread/DEBUG] [mixin/]: modernfix-modernfix.mixins.json:bugfix.chunk_deadlock.ChunkMapLoadMixin from mod modernfix->@Inject::reportDeferredPromotionException(Lorg/spongepowered/asm/mixin/injection/callback/CallbackInfo;)V won't be passed a CallbackInfo as a result
[30Jul2026 00:21:36.117] [Server thread/DEBUG] [mixin/]: fabric-lifecycle-events-v1.mixins.json:ThreadedAnvilChunkStorageMixin from mod fabric_lifecycle_events_v1->@Inject::onChunkUnload(Lnet/minecraft/server/level/ChunkHolder;Ljava/util/concurrent/CompletableFuture;JLnet/minecraft/world/level/chunk/ChunkAccess;Lorg/spongepowered/asm/mixin/injection/callback/CallbackInfo;)V doesn't use it's CallbackInfo
[30Jul2026 00:21:36.117] [Server thread/DEBUG] [mixin/]: fabric-lifecycle-events-v1.mixins.json:ThreadedAnvilChunkStorageMixin from mod fabric_lifecycle_events_v1->@Inject::onChunkUnload(Lnet/minecraft/server/level/ChunkHolder;Ljava/util/concurrent/CompletableFuture;JLnet/minecraft/world/level/chunk/ChunkAccess;Lorg/spongepowered/asm/mixin/injection/callback/CallbackInfo;)V has 0 override(s) in child classes
[30Jul2026 00:21:36.117] [Server thread/DEBUG] [mixin/]: fabric-lifecycle-events-v1.mixins.json:ThreadedAnvilChunkStorageMixin from mod fabric_lifecycle_events_v1->@Inject::onChunkUnload(Lnet/minecraft/server/level/ChunkHolder;Ljava/util/concurrent/CompletableFuture;JLnet/minecraft/world/level/chunk/ChunkAccess;Lorg/spongepowered/asm/mixin/injection/callback/CallbackInfo;)V won't be passed a CallbackInfo as a result
[30Jul2026 00:21:36.117] [Server thread/DEBUG] [mixin/]: fabric-lifecycle-events-v1.mixins.json:ThreadedAnvilChunkStorageMixin from mod fabric_lifecycle_events_v1->@Inject::onChunkLoad(Lnet/minecraft/server/level/ChunkHolder;Lnet/minecraft/world/level/chunk/ChunkAccess;Lorg/spongepowered/asm/mixin/injection/callback/CallbackInfoReturnable;)V does use it's CallbackInfoReturnable
[30Jul2026 00:21:36.126] [Server thread/DEBUG] [mixin/]: Mixing common.chunk.ProtoChunkMixin from starlight.mixins.json into net.minecraft.world.level.chunk.ProtoChunk
[30Jul2026 00:21:36.128] [Server thread/DEBUG] [mixin/]: starlight.mixins.json:common.chunk.ProtoChunkMixin from mod starlight->@Inject::onConstruct(Lnet/minecraft/world/level/ChunkPos;Lnet/minecraft/world/level/chunk/UpgradeData;[Lnet/minecraft/world/level/chunk/LevelChunkSection;Lnet/minecraft/world/ticks/ProtoChunkTicks;Lnet/minecraft/world/ticks/ProtoChunkTicks;Lnet/minecraft/world/level/LevelHeightAccessor;Lnet/minecraft/core/Registry;Lnet/minecraft/world/level/levelgen/blending/BlendingData;Lorg/spongepowered/asm/mixin/injection/callback/CallbackInfo;)V doesn't use it's CallbackInfo
[30Jul2026 00:21:36.128] [Server thread/DEBUG] [mixin/]: starlight.mixins.json:common.chunk.ProtoChunkMixin from mod starlight->@Inject::onConstruct(Lnet/minecraft/world/level/ChunkPos;Lnet/minecraft/world/level/chunk/UpgradeData;[Lnet/minecraft/world/level/chunk/LevelChunkSection;Lnet/minecraft/world/ticks/ProtoChunkTicks;Lnet/minecraft/world/ticks/ProtoChunkTicks;Lnet/minecraft/world/level/LevelHeightAccessor;Lnet/minecraft/core/Registry;Lnet/minecraft/world/level/levelgen/blending/BlendingData;Lorg/spongepowered/asm/mixin/injection/callback/CallbackInfo;)V has 0 override(s) in child classes
[30Jul2026 00:21:36.128] [Server thread/DEBUG] [mixin/]: starlight.mixins.json:common.chunk.ProtoChunkMixin from mod starlight->@Inject::onConstruct(Lnet/minecraft/world/level/ChunkPos;Lnet/minecraft/world/level/chunk/UpgradeData;[Lnet/minecraft/world/level/chunk/LevelChunkSection;Lnet/minecraft/world/ticks/ProtoChunkTicks;Lnet/minecraft/world/ticks/ProtoChunkTicks;Lnet/minecraft/world/level/LevelHeightAccessor;Lnet/minecraft/core/Registry;Lnet/minecraft/world/level/levelgen/blending/BlendingData;Lorg/spongepowered/asm/mixin/injection/callback/CallbackInfo;)V won't be passed a CallbackInfo as a result
[30Jul2026 00:21:36.145] [Server thread/DEBUG] [mixin/]: Mixing NoiseConfigMixin from fabric-biome-api-v1.mixins.json into net.minecraft.world.level.levelgen.RandomState
[30Jul2026 00:21:36.146] [Server thread/DEBUG] [mixin/]: fabric-biome-api-v1.mixins.json:NoiseConfigMixin from mod fabric_biome_api_v1: Class version 61 required is higher than the class version supported by the current version of Mixin (JAVA_16 supports class version 60)
[30Jul2026 00:21:36.148] [Server thread/DEBUG] [mixin/]: fabric-biome-api-v1.mixins.json:NoiseConfigMixin from mod fabric_biome_api_v1->@Inject::init(Lnet/minecraft/world/level/levelgen/NoiseGeneratorSettings;Lnet/minecraft/core/HolderGetter;JLorg/spongepowered/asm/mixin/injection/callback/CallbackInfo;)V doesn't use it's CallbackInfo
[30Jul2026 00:21:36.153] [Server thread/DEBUG] [mixin/]: Mixing perf.optimize_surface_rules.SurfaceSystemMixin from modernfix-modernfix.mixins.json into net.minecraft.world.level.levelgen.SurfaceSystem
[30Jul2026 00:21:36.161] [Server thread/DEBUG] [mixin/]: modernfix-modernfix.mixins.json:perf.optimize_surface_rules.SurfaceSystemMixin from mod modernfix->@Inject::injectBiomesOnContext(Lorg/spongepowered/asm/mixin/injection/callback/CallbackInfo;)V doesn't use it's CallbackInfo
[30Jul2026 00:21:36.162] [Server thread/DEBUG] [mixin/]: modernfix-modernfix.mixins.json:perf.optimize_surface_rules.SurfaceSystemMixin from mod modernfix->@Inject::injectBiomesOnContext(Lorg/spongepowered/asm/mixin/injection/callback/CallbackInfo;)V has 0 override(s) in child classes
[30Jul2026 00:21:36.162] [Server thread/DEBUG] [mixin/]: modernfix-modernfix.mixins.json:perf.optimize_surface_rules.SurfaceSystemMixin from mod modernfix->@Inject::injectBiomesOnContext(Lorg/spongepowered/asm/mixin/injection/callback/CallbackInfo;)V won't be passed a CallbackInfo as a result
[30Jul2026 00:21:36.162] [Server thread/DEBUG] [mixin/]: modernfix-modernfix.mixins.json:perf.optimize_surface_rules.SurfaceSystemMixin from mod modernfix->@Inject::finishAndDisposeLookups(Lnet/minecraft/world/level/levelgen/RandomState;Lnet/minecraft/world/level/biome/BiomeManager;Lnet/minecraft/core/Registry;ZLnet/minecraft/world/level/levelgen/WorldGenerationContext;Lnet/minecraft/world/level/chunk/ChunkAccess;Lnet/minecraft/world/level/levelgen/NoiseChunk;Lnet/minecraft/world/level/levelgen/SurfaceRules$RuleSource;Lorg/spongepowered/asm/mixin/injection/callback/CallbackInfo;)V doesn't use it's CallbackInfo
[30Jul2026 00:21:36.162] [Server thread/DEBUG] [mixin/]: modernfix-modernfix.mixins.json:perf.optimize_surface_rules.SurfaceSystemMixin from mod modernfix->@Inject::finishAndDisposeLookups(Lnet/minecraft/world/level/levelgen/RandomState;Lnet/minecraft/world/level/biome/BiomeManager;Lnet/minecraft/core/Registry;ZLnet/minecraft/world/level/levelgen/WorldGenerationContext;Lnet/minecraft/world/level/chunk/ChunkAccess;Lnet/minecraft/world/level/levelgen/NoiseChunk;Lnet/minecraft/world/level/levelgen/SurfaceRules$RuleSource;Lorg/spongepowered/asm/mixin/injection/callback/CallbackInfo;)V has 0 override(s) in child classes
[30Jul2026 00:21:36.162] [Server thread/DEBUG] [mixin/]: modernfix-modernfix.mixins.json:perf.optimize_surface_rules.SurfaceSystemMixin from mod modernfix->@Inject::finishAndDisposeLookups(Lnet/minecraft/world/level/levelgen/RandomState;Lnet/minecraft/world/level/biome/BiomeManager;Lnet/minecraft/core/Registry;ZLnet/minecraft/world/level/levelgen/WorldGenerationContext;Lnet/minecraft/world/level/chunk/ChunkAccess;Lnet/minecraft/world/level/levelgen/NoiseChunk;Lnet/minecraft/world/level/levelgen/SurfaceRules$RuleSource;Lorg/spongepowered/asm/mixin/injection/callback/CallbackInfo;)V won't be passed a CallbackInfo as a result
[30Jul2026 00:21:36.162] [Server thread/DEBUG] [mixin/]: modernfix-modernfix.mixins.json:perf.optimize_surface_rules.SurfaceSystemMixin from mod modernfix->@Inject::captureRealBlockColumn(Lorg/spongepowered/asm/mixin/injection/callback/CallbackInfo;)V doesn't use it's CallbackInfo
[30Jul2026 00:21:36.162] [Server thread/DEBUG] [mixin/]: modernfix-modernfix.mixins.json:perf.optimize_surface_rules.SurfaceSystemMixin from mod modernfix->@Inject::captureRealBlockColumn(Lorg/spongepowered/asm/mixin/injection/callback/CallbackInfo;)V has 0 override(s) in child classes
[30Jul2026 00:21:36.162] [Server thread/DEBUG] [mixin/]: modernfix-modernfix.mixins.json:perf.optimize_surface_rules.SurfaceSystemMixin from mod modernfix->@Inject::captureRealBlockColumn(Lorg/spongepowered/asm/mixin/injection/callback/CallbackInfo;)V won't be passed a CallbackInfo as a result
[30Jul2026 00:21:36.163] [Server thread/DEBUG] [mixin/]: modernfix-modernfix.mixins.json:perf.optimize_surface_rules.SurfaceSystemMixin from mod modernfix->@Inject::prefetchBlockArray(Lnet/minecraft/world/level/levelgen/RandomState;Lnet/minecraft/world/level/biome/BiomeManager;Lnet/minecraft/core/Registry;ZLnet/minecraft/world/level/levelgen/WorldGenerationContext;Lnet/minecraft/world/level/chunk/ChunkAccess;Lnet/minecraft/world/level/levelgen/NoiseChunk;Lnet/minecraft/world/level/levelgen/SurfaceRules$RuleSource;Lorg/spongepowered/asm/mixin/injection/callback/CallbackInfo;)V doesn't use it's CallbackInfo
[30Jul2026 00:21:36.163] [Server thread/DEBUG] [mixin/]: modernfix-modernfix.mixins.json:perf.optimize_surface_rules.SurfaceSystemMixin from mod modernfix->@Inject::prefetchBlockArray(Lnet/minecraft/world/level/levelgen/RandomState;Lnet/minecraft/world/level/biome/BiomeManager;Lnet/minecraft/core/Registry;ZLnet/minecraft/world/level/levelgen/WorldGenerationContext;Lnet/minecraft/world/level/chunk/ChunkAccess;Lnet/minecraft/world/level/levelgen/NoiseChunk;Lnet/minecraft/world/level/levelgen/SurfaceRules$RuleSource;Lorg/spongepowered/asm/mixin/injection/callback/CallbackInfo;)V has 0 override(s) in child classes
[30Jul2026 00:21:36.163] [Server thread/DEBUG] [mixin/]: modernfix-modernfix.mixins.json:perf.optimize_surface_rules.SurfaceSystemMixin from mod modernfix->@Inject::prefetchBlockArray(Lnet/minecraft/world/level/levelgen/RandomState;Lnet/minecraft/world/level/biome/BiomeManager;Lnet/minecraft/core/Registry;ZLnet/minecraft/world/level/levelgen/WorldGenerationContext;Lnet/minecraft/world/level/chunk/ChunkAccess;Lnet/minecraft/world/level/levelgen/NoiseChunk;Lnet/minecraft/world/level/levelgen/SurfaceRules$RuleSource;Lorg/spongepowered/asm/mixin/injection/callback/CallbackInfo;)V won't be passed a CallbackInfo as a result
[30Jul2026 00:21:36.175] [Server thread/DEBUG] [mixin/]: Mixing MultiNoiseUtilMultiNoiseSamplerMixin from fabric-biome-api-v1.mixins.json into net.minecraft.world.level.biome.Climate$Sampler
[30Jul2026 00:21:36.175] [Server thread/DEBUG] [mixin/]: fabric-biome-api-v1.mixins.json:MultiNoiseUtilMultiNoiseSamplerMixin from mod fabric_biome_api_v1: Class version 61 required is higher than the class version supported by the current version of Mixin (JAVA_16 supports class version 60)
[30Jul2026 00:21:36.182] [Server thread/DEBUG] [mixin/]: Mixing perf.cache_strongholds.ChunkGeneratorMixin from modernfix-modernfix.mixins.json into net.minecraft.world.level.chunk.ChunkGeneratorStructureState
[30Jul2026 00:21:36.183] [Server thread/DEBUG] [mixin/]: Renaming synthetic method lambda$modernfix$cacheRingPositions$0(Lnet/minecraft/server/MinecraftServer;Ljava/lang/String;Ljava/util/List;)Ljava/util/List; to mdda8f76$modernfix$lambda$modernfix$cacheRingPositions$0$0 in modernfix-modernfix.mixins.json:perf.cache_strongholds.ChunkGeneratorMixin from mod modernfix
[30Jul2026 00:21:36.268] [Server thread/DEBUG] [mixin/]: Mixing perf.faster_structure_location.StructureCheckMixin from modernfix-modernfix.mixins.json into net.minecraft.world.level.levelgen.structure.StructureCheck
[30Jul2026 00:21:36.270] [Server thread/DEBUG] [net.minecraftforge.coremod.transformer.CoreModBaseTransformer/COREMOD]: Transforming net/minecraft/world/level/levelgen/structure/Structure
[30Jul2026 00:21:36.277] [Server thread/DEBUG] [mixin/]: Mixing no_physical_trigger.MixinGameEventDispatcher from axiom.mixins.json into net.minecraft.world.level.gameevent.GameEventDispatcher
[30Jul2026 00:21:36.278] [Server thread/DEBUG] [mixin/]: axiom.mixins.json:no_physical_trigger.MixinGameEventDispatcher from mod axiom->@Inject::post(Lorg/spongepowered/asm/mixin/injection/callback/CallbackInfo;)V does use it's CallbackInfo
[30Jul2026 00:21:36.282] [Server thread/ERROR] [net.minecraft.world.RandomSequences/]: Failed to load random sequence salt
java.util.NoSuchElementException: No value present
	at java.util.Optional.get(Optional.java:143) ~[?:?]
	at net.minecraft.world.RandomSequences.m_287187_(RandomSequences.java:103) ~[server-1.20.1-20230612.114412-srg.jar%23143!/:?]
	at net.minecraft.server.level.ServerLevel.m_287052_(ServerLevel.java:239) ~[server-1.20.1-20230612.114412-srg.jar%23143!/:?]
	at net.minecraft.world.level.storage.DimensionDataStorage.m_164868_(DimensionDataStorage.java:70) ~[server-1.20.1-20230612.114412-srg.jar%23143!/:?]
	at net.minecraft.world.level.storage.DimensionDataStorage.m_164858_(DimensionDataStorage.java:54) ~[server-1.20.1-20230612.114412-srg.jar%23143!/:?]
	at net.minecraft.world.level.storage.DimensionDataStorage.m_164861_(DimensionDataStorage.java:39) ~[server-1.20.1-20230612.114412-srg.jar%23143!/:?]
	at net.minecraft.server.level.ServerLevel.m_288114_(ServerLevel.java:238) ~[server-1.20.1-20230612.114412-srg.jar%23143!/:?]
	at java.util.Objects.requireNonNullElseGet(Objects.java:310) ~[?:?]
	at net.minecraft.server.level.ServerLevel.<init>(ServerLevel.java:237) ~[server-1.20.1-20230612.114412-srg.jar%23143!/:?]
	at net.minecraft.server.MinecraftServer.m_129815_(MinecraftServer.java:337) ~[server-1.20.1-20230612.114412-srg.jar%23143!/:?]
	at net.minecraft.server.MinecraftServer.m_130006_(MinecraftServer.java:308) ~[server-1.20.1-20230612.114412-srg.jar%23143!/:?]
	at net.minecraft.server.dedicated.DedicatedServer.m_7038_(DedicatedServer.java:164) ~[server-1.20.1-20230612.114412-srg.jar%23143!/:?]
	at net.minecraft.server.MinecraftServer.m_130011_(MinecraftServer.java:634) ~[server-1.20.1-20230612.114412-srg.jar%23143!/:?]
	at net.minecraft.server.MinecraftServer.m_206580_(MinecraftServer.java:251) ~[server-1.20.1-20230612.114412-srg.jar%23143!/:?]
	at java.lang.Thread.run(Thread.java:840) ~[?:?]
[30Jul2026 00:21:36.283] [Server thread/ERROR] [net.minecraft.world.RandomSequences/]: Failed to load random sequence sequences
java.util.NoSuchElementException: No value present
	at java.util.Optional.get(Optional.java:143) ~[?:?]
	at net.minecraft.world.RandomSequences.m_287187_(RandomSequences.java:103) ~[server-1.20.1-20230612.114412-srg.jar%23143!/:?]
	at net.minecraft.server.level.ServerLevel.m_287052_(ServerLevel.java:239) ~[server-1.20.1-20230612.114412-srg.jar%23143!/:?]
	at net.minecraft.world.level.storage.DimensionDataStorage.m_164868_(DimensionDataStorage.java:70) ~[server-1.20.1-20230612.114412-srg.jar%23143!/:?]
	at net.minecraft.world.level.storage.DimensionDataStorage.m_164858_(DimensionDataStorage.java:54) ~[server-1.20.1-20230612.114412-srg.jar%23143!/:?]
	at net.minecraft.world.level.storage.DimensionDataStorage.m_164861_(DimensionDataStorage.java:39) ~[server-1.20.1-20230612.114412-srg.jar%23143!/:?]
	at net.minecraft.server.level.ServerLevel.m_288114_(ServerLevel.java:238) ~[server-1.20.1-20230612.114412-srg.jar%23143!/:?]
	at java.util.Objects.requireNonNullElseGet(Objects.java:310) ~[?:?]
	at net.minecraft.server.level.ServerLevel.<init>(ServerLevel.java:237) ~[server-1.20.1-20230612.114412-srg.jar%23143!/:?]
	at net.minecraft.server.MinecraftServer.m_129815_(MinecraftServer.java:337) ~[server-1.20.1-20230612.114412-srg.jar%23143!/:?]
	at net.minecraft.server.MinecraftServer.m_130006_(MinecraftServer.java:308) ~[server-1.20.1-20230612.114412-srg.jar%23143!/:?]
	at net.minecraft.server.dedicated.DedicatedServer.m_7038_(DedicatedServer.java:164) ~[server-1.20.1-20230612.114412-srg.jar%23143!/:?]
	at net.minecraft.server.MinecraftServer.m_130011_(MinecraftServer.java:634) ~[server-1.20.1-20230612.114412-srg.jar%23143!/:?]
	at net.minecraft.server.MinecraftServer.m_206580_(MinecraftServer.java:251) ~[server-1.20.1-20230612.114412-srg.jar%23143!/:?]
	at java.lang.Thread.run(Thread.java:840) ~[?:?]
[30Jul2026 00:21:36.332] [Server thread/INFO] [Ksyxis/MinecraftServerMixin/MOD_KSYXIS]: Ksyxis: Speeding up the world loading... Delete the mod, if it got stuck after this message. (net.minecraft.server.dedicated.DedicatedServer m_129940_)
[30Jul2026 00:21:36.332] [Server thread/INFO] [net.minecraft.server.MinecraftServer/]: Preparing start region for dimension minecraft:overworld
[30Jul2026 00:21:36.334] [Server thread/DEBUG] [mixin/]: Mixing bugfix.paper_chunk_patches.SortedArraySetMixin from modernfix-modernfix.mixins.json into net.minecraft.util.SortedArraySet
[30Jul2026 00:21:36.385] [Server thread/INFO] [net.minecraft.server.level.progress.LoggerChunkProgressListener/]: Time elapsed: 52 ms
[30Jul2026 00:21:36.386] [Server thread/INFO] [net.minecraft.server.dedicated.DedicatedServer/]: Done (0.454s)! For help, type "help"
[30Jul2026 00:21:36.397] [Server thread/DEBUG] [net.minecraftforge.network.DualStackUtils/]: Detected IPv6 address: "0:0:0:0:0:0:0:0"
[30Jul2026 00:21:36.411] [Server thread/DEBUG] [net.minecraftforge.common.ForgeI18n/CORE]: Loading I18N data entries: 2470
[30Jul2026 00:21:36.414] [Server thread/INFO] [net.minecraftforge.server.permission.PermissionAPI/]: Successfully initialized permission handler forge:default_handler
[30Jul2026 00:21:36.417] [Server thread/WARN] [ModernFix/]: Dedicated server took 23.21 seconds to load
[30Jul2026 00:21:36.445] [Server thread/DEBUG] [io.netty.buffer.AbstractByteBuf/]: -Dio.netty.buffer.checkAccessible: true
[30Jul2026 00:21:36.445] [Server thread/DEBUG] [io.netty.buffer.AbstractByteBuf/]: -Dio.netty.buffer.checkBounds: true
[30Jul2026 00:21:36.446] [Server thread/DEBUG] [io.netty.util.ResourceLeakDetectorFactory/]: Loaded default ResourceLeakDetector: io.netty.util.ResourceLeakDetector@67e39f49
[30Jul2026 00:21:36.471] [Server thread/DEBUG] [net.minecraftforge.coremod.transformer.CoreModBaseTransformer/COREMOD]: Transforming net/minecraft/world/level/NaturalSpawner
[30Jul2026 00:21:36.520] [Server thread/DEBUG] [mixin/]: Mixing ChunkSerializerMixin from fabric-data-attachment-api-v1.mixins.json into net.minecraft.world.level.chunk.storage.ChunkSerializer
[30Jul2026 00:21:36.520] [Server thread/DEBUG] [mixin/]: Mixing common.world.ChunkSerializerMixin from starlight.mixins.json into net.minecraft.world.level.chunk.storage.ChunkSerializer
[30Jul2026 00:21:36.521] [Server thread/DEBUG] [mixin/]: Mixing ChunkSerializerMixin from fabric-registry-sync-v0.mixins.json into net.minecraft.world.level.chunk.storage.ChunkSerializer
[30Jul2026 00:21:36.521] [Server thread/DEBUG] [mixin/]: fabric-registry-sync-v0.mixins.json:ChunkSerializerMixin from mod fabric_registry_sync_v0: Class version 61 required is higher than the class version supported by the current version of Mixin (JAVA_16 supports class version 60)
[30Jul2026 00:21:36.521] [Server thread/DEBUG] [mixin/]: Mixing MixinChunkSerializer from architectury.mixins.json into net.minecraft.world.level.chunk.storage.ChunkSerializer
[30Jul2026 00:21:36.526] [Server thread/DEBUG] [mixin/]: fabric-data-attachment-api-v1.mixins.json:ChunkSerializerMixin from mod fabric_data_attachment_api_v1->@Inject::writeChunkAttachments(Lnet/minecraft/server/level/ServerLevel;Lnet/minecraft/world/level/chunk/ChunkAccess;Lorg/spongepowered/asm/mixin/injection/callback/CallbackInfoReturnable;)V does use it's CallbackInfoReturnable
[30Jul2026 00:21:36.526] [Server thread/DEBUG] [mixin/]: starlight.mixins.json:common.world.ChunkSerializerMixin from mod starlight->@Inject::saveLightHook(Lnet/minecraft/server/level/ServerLevel;Lnet/minecraft/world/level/chunk/ChunkAccess;Lorg/spongepowered/asm/mixin/injection/callback/CallbackInfoReturnable;)V does use it's CallbackInfoReturnable
[30Jul2026 00:21:36.526] [Server thread/DEBUG] [mixin/]: starlight.mixins.json:common.world.ChunkSerializerMixin from mod starlight->@Inject::loadLightHook(Lnet/minecraft/server/level/ServerLevel;Lnet/minecraft/world/entity/ai/village/poi/PoiManager;Lnet/minecraft/world/level/ChunkPos;Lnet/minecraft/nbt/CompoundTag;Lorg/spongepowered/asm/mixin/injection/callback/CallbackInfoReturnable;)V does use it's CallbackInfoReturnable
[30Jul2026 00:21:36.526] [Server thread/DEBUG] [mixin/]: starlight.mixins.json:common.world.ChunkSerializerMixin from mod starlight->@Inject::loadLightHook(Lnet/minecraft/server/level/ServerLevel;Lnet/minecraft/world/entity/ai/village/poi/PoiManager;Lnet/minecraft/world/level/ChunkPos;Lnet/minecraft/nbt/CompoundTag;Lorg/spongepowered/asm/mixin/injection/callback/CallbackInfoReturnable;)V does use it's CallbackInfoReturnable
[30Jul2026 00:21:36.526] [Server thread/DEBUG] [mixin/]: architectury.mixins.json:MixinChunkSerializer from mod architectury->@Inject::read(Lnet/minecraft/server/level/ServerLevel;Lnet/minecraft/world/entity/ai/village/poi/PoiManager;Lnet/minecraft/world/level/ChunkPos;Lnet/minecraft/nbt/CompoundTag;Lorg/spongepowered/asm/mixin/injection/callback/CallbackInfoReturnable;)V doesn't use it's CallbackInfoReturnable
[30Jul2026 00:21:36.533] [Server thread/DEBUG] [mixin/]: Mixing perf.compact_imposterprotochunks.ImposterProtoChunkMixin from modernfix-modernfix.mixins.json into net.minecraft.world.level.chunk.ImposterProtoChunk
[30Jul2026 00:21:36.534] [Server thread/DEBUG] [mixin/]: Mixing perf.release_protochunks.ImposterProtoChunkMixin from modernfix-modernfix.mixins.json into net.minecraft.world.level.chunk.ImposterProtoChunk
[30Jul2026 00:21:36.534] [Server thread/DEBUG] [mixin/]: Mixing WrapperProtoChunkMixin from fabric-data-attachment-api-v1.mixins.json into net.minecraft.world.level.chunk.ImposterProtoChunk
[30Jul2026 00:21:36.535] [Server thread/DEBUG] [mixin/]: Mixing common.chunk.ImposterProtoChunkMixin from starlight.mixins.json into net.minecraft.world.level.chunk.ImposterProtoChunk
[30Jul2026 00:21:36.539] [Server thread/DEBUG] [mixin/]: modernfix-modernfix.mixins.json:perf.compact_imposterprotochunks.ImposterProtoChunkMixin from mod modernfix->@Inject::replaceDuplicateObjects(Lnet/minecraft/world/level/chunk/LevelChunk;ZLorg/spongepowered/asm/mixin/injection/callback/CallbackInfo;)V doesn't use it's CallbackInfo
[30Jul2026 00:21:36.539] [Server thread/DEBUG] [mixin/]: modernfix-modernfix.mixins.json:perf.compact_imposterprotochunks.ImposterProtoChunkMixin from mod modernfix->@Inject::replaceDuplicateObjects(Lnet/minecraft/world/level/chunk/LevelChunk;ZLorg/spongepowered/asm/mixin/injection/callback/CallbackInfo;)V has 0 override(s) in child classes
[30Jul2026 00:21:36.539] [Server thread/DEBUG] [mixin/]: modernfix-modernfix.mixins.json:perf.compact_imposterprotochunks.ImposterProtoChunkMixin from mod modernfix->@Inject::replaceDuplicateObjects(Lnet/minecraft/world/level/chunk/LevelChunk;ZLorg/spongepowered/asm/mixin/injection/callback/CallbackInfo;)V won't be passed a CallbackInfo as a result
[30Jul2026 00:21:36.544] [Server thread/DEBUG] [mixin/]: Mixing perf.compact_bit_storage.PalettedContainerMixin from modernfix-modernfix.mixins.json into net.minecraft.world.level.chunk.PalettedContainer
[30Jul2026 00:21:36.545] [Server thread/DEBUG] [mixin/]: Mixing core.PalettedContainerMixin from modernfix-modernfix.mixins.json into net.minecraft.world.level.chunk.PalettedContainer
[30Jul2026 00:21:36.547] [Server thread/DEBUG] [mixin/]: modernfix-modernfix.mixins.json:perf.compact_bit_storage.PalettedContainerMixin from mod modernfix->@Inject::validateData(Lnet/minecraft/network/FriendlyByteBuf;Lorg/spongepowered/asm/mixin/injection/callback/CallbackInfo;I)V doesn't use it's CallbackInfo
[30Jul2026 00:21:36.547] [Server thread/DEBUG] [mixin/]: modernfix-modernfix.mixins.json:perf.compact_bit_storage.PalettedContainerMixin from mod modernfix->@Inject::validateData(Lnet/minecraft/network/FriendlyByteBuf;Lorg/spongepowered/asm/mixin/injection/callback/CallbackInfo;I)V has 0 override(s) in child classes
[30Jul2026 00:21:36.547] [Server thread/DEBUG] [mixin/]: modernfix-modernfix.mixins.json:perf.compact_bit_storage.PalettedContainerMixin from mod modernfix->@Inject::validateData(Lnet/minecraft/network/FriendlyByteBuf;Lorg/spongepowered/asm/mixin/injection/callback/CallbackInfo;I)V won't be passed a CallbackInfo as a result
[30Jul2026 00:21:36.972] [Server thread/DEBUG] [mixin/]: Mixing perf.cache_blockstate_cache_arrays.AbstractBlockStateCacheMixin from modernfix-modernfix.mixins.json into net.minecraft.world.level.block.state.BlockBehaviour$BlockStateBase$Cache
[30Jul2026 00:21:36.972] [Server thread/DEBUG] [mixin/]: Mixing BlockStateCacheMixin from ferritecore.blockstatecache.mixin.json into net.minecraft.world.level.block.state.BlockBehaviour$BlockStateBase$Cache
[30Jul2026 00:21:49.838] [Netty Epoll Server IO #1/DEBUG] [mixin/]: Mixing MixinConnectionProtocol from axiom.mixins.json into net.minecraft.network.ConnectionProtocol
[30Jul2026 00:21:49.840] [Netty Epoll Server IO #1/DEBUG] [mixin/]: axiom.mixins.json:MixinConnectionProtocol from mod axiom->@Inject::createPacket(Lnet/minecraft/network/protocol/PacketFlow;ILnet/minecraft/network/FriendlyByteBuf;Lorg/spongepowered/asm/mixin/injection/callback/CallbackInfoReturnable;)V does use it's CallbackInfoReturnable
[30Jul2026 00:21:49.852] [Netty Epoll Server IO #1/DEBUG] [mixin/]: Mixing BlockEntityUpdateS2CPacketMixin from fabric-data-attachment-api-v1.mixins.json into net.minecraft.network.protocol.game.ClientboundBlockEntityDataPacket
[30Jul2026 00:21:49.852] [Netty Epoll Server IO #1/DEBUG] [mixin/]: Renaming synthetic method lambda$stripPersistentAttachmentData$0(Ljava/util/function/Function;Lnet/minecraft/world/level/block/entity/BlockEntity;)Lnet/minecraft/nbt/CompoundTag; to mdda8f76$fabric_data_attachment_api_v1$lambda$stripPersistentAttachmentData$0$0 in fabric-data-attachment-api-v1.mixins.json:BlockEntityUpdateS2CPacketMixin from mod fabric_data_attachment_api_v1
[30Jul2026 00:21:50.175] [Netty Epoll Server IO #1/DEBUG] [io.netty.util.Recycler/]: -Dio.netty.recycler.maxCapacityPerThread: 4096
[30Jul2026 00:21:50.176] [Netty Epoll Server IO #1/DEBUG] [io.netty.util.Recycler/]: -Dio.netty.recycler.ratio: 8
[30Jul2026 00:21:50.176] [Netty Epoll Server IO #1/DEBUG] [io.netty.util.Recycler/]: -Dio.netty.recycler.chunkSize: 32
[30Jul2026 00:21:50.176] [Netty Epoll Server IO #1/DEBUG] [io.netty.util.Recycler/]: -Dio.netty.recycler.blocking: false
[30Jul2026 00:21:50.188] [Netty Epoll Server IO #1/DEBUG] [mixin/]: Mixing NetworkHooksMixin from fabric-screen-handler-api-v1.mixins.json into net.minecraftforge.network.NetworkHooks
[30Jul2026 00:21:50.188] [Netty Epoll Server IO #1/DEBUG] [mixin/]: fabric-screen-handler-api-v1.mixins.json:NetworkHooksMixin from mod fabric_screen_handler_api_v1: Class version 61 required is higher than the class version supported by the current version of Mixin (JAVA_16 supports class version 60)
[30Jul2026 00:21:50.190] [Netty Epoll Server IO #1/DEBUG] [mixin/]: Mixing core.NetworkHooksMixin from modernfix-modernfix.mixins.json into net.minecraftforge.network.NetworkHooks
[30Jul2026 00:21:50.192] [Netty Epoll Server IO #1/DEBUG] [mixin/]: fabric-screen-handler-api-v1.mixins.json:NetworkHooksMixin from mod fabric_screen_handler_api_v1->@Inject::injectOpenScreen(Lnet/minecraft/server/level/ServerPlayer;Lnet/minecraft/world/MenuProvider;Ljava/util/function/Consumer;Lorg/spongepowered/asm/mixin/injection/callback/CallbackInfo;ILnet/minecraft/network/FriendlyByteBuf;Lnet/minecraft/network/FriendlyByteBuf;Lnet/minecraft/world/inventory/AbstractContainerMenu;)V doesn't use it's CallbackInfo
[30Jul2026 00:21:50.192] [Netty Epoll Server IO #1/DEBUG] [mixin/]: modernfix-modernfix.mixins.json:core.NetworkHooksMixin from mod modernfix->@Inject::setVanillaGlobalFlag(Lnet/minecraft/network/Connection;Lorg/spongepowered/asm/mixin/injection/callback/CallbackInfo;)V doesn't use it's CallbackInfo
[30Jul2026 00:21:56.331] [Netty Epoll Server IO #2/DEBUG] [mixin/]: Mixing network.ConnectionTypeMixin from connectormod.mixins.json into net.minecraftforge.network.ConnectionType
[30Jul2026 00:21:56.333] [Netty Epoll Server IO #2/DEBUG] [mixin/]: connectormod.mixins.json:network.ConnectionTypeMixin from mod connectormod->@Inject::handleUnknownVersionFlag(Ljava/lang/String;Lorg/spongepowered/asm/mixin/injection/callback/CallbackInfoReturnable;)V does use it's CallbackInfoReturnable
[30Jul2026 00:21:56.359] [Netty Epoll Server IO #2/DEBUG] [net.minecraftforge.network.HandshakeHandler/FMLHANDSHAKE]: Starting new modded impl connection. Found 28 messages to dispatch.
[30Jul2026 00:21:56.368] [Server thread/DEBUG] [net.minecraftforge.network.HandshakeHandler/FMLHANDSHAKE]: Sending ticking packet info 'net.minecraftforge.network.HandshakeMessages$S2CModData' to 'fml:handshake' sequence 0
[30Jul2026 00:21:56.369] [Server thread/DEBUG] [net.minecraftforge.network.HandshakeHandler/FMLHANDSHAKE]: Sending ticking packet info 'net.minecraftforge.network.HandshakeMessages$S2CModList' to 'fml:handshake' sequence 1
[30Jul2026 00:21:56.369] [Server thread/DEBUG] [net.minecraftforge.network.HandshakeHandler/FMLHANDSHAKE]: Sending ticking packet info 'Registry minecraft:command_argument_type' to 'fml:handshake' sequence 2
[30Jul2026 00:21:56.369] [Server thread/DEBUG] [net.minecraftforge.network.HandshakeHandler/FMLHANDSHAKE]: Sending ticking packet info 'Registry minecraft:recipe_serializer' to 'fml:handshake' sequence 3
[30Jul2026 00:21:56.369] [Server thread/DEBUG] [net.minecraftforge.network.HandshakeHandler/FMLHANDSHAKE]: Sending ticking packet info 'Registry minecraft:sound_event' to 'fml:handshake' sequence 4
[30Jul2026 00:21:56.369] [Server thread/DEBUG] [net.minecraftforge.network.HandshakeHandler/FMLHANDSHAKE]: Sending ticking packet info 'Registry minecraft:particle_type' to 'fml:handshake' sequence 5
[30Jul2026 00:21:56.369] [Server thread/DEBUG] [net.minecraftforge.network.HandshakeHandler/FMLHANDSHAKE]: Sending ticking packet info 'Registry minecraft:villager_profession' to 'fml:handshake' sequence 6
[30Jul2026 00:21:56.369] [Server thread/DEBUG] [net.minecraftforge.network.HandshakeHandler/FMLHANDSHAKE]: Sending ticking packet info 'Registry minecraft:item' to 'fml:handshake' sequence 7
[30Jul2026 00:21:56.369] [Server thread/DEBUG] [net.minecraftforge.network.HandshakeHandler/FMLHANDSHAKE]: Sending ticking packet info 'Registry minecraft:potion' to 'fml:handshake' sequence 8
[30Jul2026 00:21:56.369] [Server thread/DEBUG] [net.minecraftforge.network.HandshakeHandler/FMLHANDSHAKE]: Sending ticking packet info 'Registry lrtactical:melee_type' to 'fml:handshake' sequence 9
[30Jul2026 00:21:56.369] [Server thread/DEBUG] [net.minecraftforge.network.HandshakeHandler/FMLHANDSHAKE]: Sending ticking packet info 'Registry minecraft:painting_variant' to 'fml:handshake' sequence 10
[30Jul2026 00:21:56.370] [Server thread/DEBUG] [net.minecraftforge.network.HandshakeHandler/FMLHANDSHAKE]: Sending ticking packet info 'Registry forge:fluid_type' to 'fml:handshake' sequence 11
[30Jul2026 00:21:56.370] [Server thread/DEBUG] [net.minecraftforge.network.HandshakeHandler/FMLHANDSHAKE]: Sending ticking packet info 'Registry minecraft:block_entity_type' to 'fml:handshake' sequence 12
[30Jul2026 00:21:56.370] [Server thread/DEBUG] [net.minecraftforge.network.HandshakeHandler/FMLHANDSHAKE]: Sending ticking packet info 'Registry forge:display_contexts' to 'fml:handshake' sequence 13
[30Jul2026 00:21:56.370] [Server thread/DEBUG] [net.minecraftforge.network.HandshakeHandler/FMLHANDSHAKE]: Sending ticking packet info 'Registry minecraft:block' to 'fml:handshake' sequence 14
[30Jul2026 00:21:56.370] [Server thread/DEBUG] [net.minecraftforge.network.HandshakeHandler/FMLHANDSHAKE]: Sending ticking packet info 'Registry forge:entity_data_serializers' to 'fml:handshake' sequence 15
[30Jul2026 00:21:56.370] [Server thread/DEBUG] [net.minecraftforge.network.HandshakeHandler/FMLHANDSHAKE]: Sending ticking packet info 'Registry minecraft:mob_effect' to 'fml:handshake' sequence 16
[30Jul2026 00:21:56.370] [Server thread/DEBUG] [net.minecraftforge.network.HandshakeHandler/FMLHANDSHAKE]: Sending ticking packet info 'Registry minecraft:stat_type' to 'fml:handshake' sequence 17
[30Jul2026 00:21:56.370] [Server thread/DEBUG] [net.minecraftforge.network.HandshakeHandler/FMLHANDSHAKE]: Sending ticking packet info 'Registry lrtactical:throwable_type' to 'fml:handshake' sequence 18
[30Jul2026 00:21:56.370] [Server thread/DEBUG] [net.minecraftforge.network.HandshakeHandler/FMLHANDSHAKE]: Sending ticking packet info 'Registry minecraft:menu' to 'fml:handshake' sequence 19
[30Jul2026 00:21:56.370] [Server thread/DEBUG] [net.minecraftforge.network.HandshakeHandler/FMLHANDSHAKE]: Sending ticking packet info 'Registry minecraft:enchantment' to 'fml:handshake' sequence 20
[30Jul2026 00:21:56.370] [Server thread/DEBUG] [net.minecraftforge.network.HandshakeHandler/FMLHANDSHAKE]: Sending ticking packet info 'Registry minecraft:fluid' to 'fml:handshake' sequence 21
[30Jul2026 00:21:56.370] [Server thread/DEBUG] [net.minecraftforge.network.HandshakeHandler/FMLHANDSHAKE]: Sending ticking packet info 'Registry minecraft:entity_type' to 'fml:handshake' sequence 22
[30Jul2026 00:21:56.370] [Server thread/DEBUG] [net.minecraftforge.network.HandshakeHandler/FMLHANDSHAKE]: Sending ticking packet info 'Config jei-server.toml' to 'fml:handshake' sequence 23
[30Jul2026 00:21:56.370] [Server thread/DEBUG] [net.minecraftforge.network.HandshakeHandler/FMLHANDSHAKE]: Sending ticking packet info 'Config tacz-server.toml' to 'fml:handshake' sequence 24
[30Jul2026 00:21:56.370] [Server thread/DEBUG] [net.minecraftforge.network.HandshakeHandler/FMLHANDSHAKE]: Sending ticking packet info 'Config forge-server.toml' to 'fml:handshake' sequence 25
[30Jul2026 00:21:56.370] [Server thread/DEBUG] [net.minecraftforge.network.HandshakeHandler/FMLHANDSHAKE]: Sending ticking packet info 'Config lrtactical-server.toml' to 'fml:handshake' sequence 26
[30Jul2026 00:21:56.370] [Server thread/DEBUG] [net.minecraftforge.network.HandshakeHandler/FMLHANDSHAKE]: Sending ticking packet info 'com.tacz.guns.network.message.handshake.ServerMessageSyncedEntityDataMapping' to 'tacz:handshake' sequence 27
[30Jul2026 00:21:56.438] [Netty Epoll Server IO #2/DEBUG] [ServerLoginNetworkAddon for /10.146.56.30:57113/]: Handling inbound login query with id 1
[30Jul2026 00:21:56.442] [Netty Epoll Server IO #2/DEBUG] [net.minecraftforge.network.LoginWrapper/FMLHANDSHAKE]: Recieved login wrapper packet event for channel fml:handshake with index 1
[30Jul2026 00:21:56.444] [Netty Epoll Server IO #2/DEBUG] [net.minecraftforge.network.HandshakeHandler/FMLHANDSHAKE]: Received client indexed reply 1 of type net.minecraftforge.network.HandshakeMessages$C2SModListReply
[30Jul2026 00:21:56.445] [Netty Epoll Server IO #2/DEBUG] [net.minecraftforge.network.HandshakeHandler/FMLHANDSHAKE]: Received client connection with modlist [fabric_renderer_api_v1, fabric_item_api_v1, firstperson, fabric_rendering_fluids_v1, fabric_models_v0, fabric_convention_tags_v1, xaeroworldmap, modernfix, fabric_command_api_v1, fabric_block_view_api_v2, fabric_command_api_v2, fabric_data_attachment_api_v1, pickupnotifier, litematica, fabric_screen_api_v1, fpsreducer, chat_heads, cloth_config, sound_physics_remastered, crash_assistant, fabric_api, fabric_content_registries_v0, embeddium, rubidium, entity_model_features, mtsofficialpack, entity_texture_features, fabric_game_rule_api_v1, ambientsounds, fabric_api_lookup_api_v1, highlighter, modelfix, simplebedrockmodel, oculus, cullleaves, chatanimation, connectormod, fabric_entity_events_v1, malilib, e4mc, architectury, fabric_loot_api_v2, transition, dynamic_fps, fabric_rendering_data_attachment_v1, fabric_networking_api_v1, unilib, fabric_lifecycle_events_v1, fabric_key_binding_api_v1, essential, fabric_client_tags_api_v1, craftpresence, fabric_dimensions_v1, fabric_transfer_api_v1, fabric_model_loading_api_v1, jei, xaerolib, tacz, fabric_screen_handler_api_v1, pingwheel, fabric_resource_loader_v0, trender, fabric_rendering_v1, fabric_renderer_indigo, fabric_mining_level_api_v1, midnightlib, starlight, waveycapes, mts, memoryleakfix, fabric_particles_v1, skinlayers3d, forge, fabric_transitive_access_wideners_v1, minecraft, fabric_api_base, mousetweaks, fabric_blockrenderlayer_v1, jade, creativecore, fabric_block_api_v1, fabric_resource_conditions_api_v1, ksyxis, lrtactical, kotlinforforge, com_moulberry_axiomclientapi, notenoughanimations, iceberg, fabric_item_group_api_v1, com_moulberry_mixinconstraints, freecam, entityculling, fabric_biome_api_v1, fabric_registry_sync_v0, immediatelyfast, appleskin, fabric_recipe_api_v1, ferritecore, fabric_object_builder_api_v1, puzzleslib, betterf3, fabric_sound_api_v1, fabric_message_api_v1, lattice, fabric_data_generation_api_v1, fabric_events_interaction_v0, axiom]
[30Jul2026 00:21:56.445] [Netty Epoll Server IO #2/DEBUG] [net.minecraftforge.network.NetworkRegistry/NETREGISTRY]: Channel 'fml:loginwrapper' : Version test of 'FML3' from client : ACCEPTED
[30Jul2026 00:21:56.445] [Netty Epoll Server IO #2/DEBUG] [net.minecraftforge.network.NetworkRegistry/NETREGISTRY]: Channel 'forge:tier_sorting' : Version test of '1.0' from client : ACCEPTED
[30Jul2026 00:21:56.445] [Netty Epoll Server IO #2/DEBUG] [net.minecraftforge.network.NetworkRegistry/NETREGISTRY]: Channel 'architectury:network' : Version test of '1' from client : ACCEPTED
[30Jul2026 00:21:56.445] [Netty Epoll Server IO #2/DEBUG] [net.minecraftforge.network.NetworkRegistry/NETREGISTRY]: Channel 'jei:channel' : Version test of '1.0.0' from client : ACCEPTED
[30Jul2026 00:21:56.445] [Netty Epoll Server IO #2/DEBUG] [net.minecraftforge.network.NetworkRegistry/NETREGISTRY]: Channel 'minecraft:unregister' : Version test of 'FML3' from client : ACCEPTED
[30Jul2026 00:21:56.445] [Netty Epoll Server IO #2/DEBUG] [net.minecraftforge.network.NetworkRegistry/NETREGISTRY]: Channel 'fml:play' : Version test of 'FML3' from client : ACCEPTED
[30Jul2026 00:21:56.445] [Netty Epoll Server IO #2/DEBUG] [net.minecraftforge.network.NetworkRegistry/NETREGISTRY]: Channel 'mts:main' : Version test of '1' from client : ACCEPTED
[30Jul2026 00:21:56.446] [Netty Epoll Server IO #2/DEBUG] [net.minecraftforge.network.NetworkRegistry/NETREGISTRY]: Channel 'creativecore:main' : Version test of '1' from client : ACCEPTED
[30Jul2026 00:21:56.446] [Netty Epoll Server IO #2/DEBUG] [net.minecraftforge.network.NetworkRegistry/NETREGISTRY]: Channel 'lrtactical:network' : Version test of '0.3.0' from client : ACCEPTED
[30Jul2026 00:21:56.446] [Netty Epoll Server IO #2/DEBUG] [net.minecraftforge.network.NetworkRegistry/NETREGISTRY]: Channel 'fml:handshake' : Version test of 'FML3' from client : ACCEPTED
[30Jul2026 00:21:56.446] [Netty Epoll Server IO #2/DEBUG] [net.minecraftforge.network.NetworkRegistry/NETREGISTRY]: Channel 'tacz:handshake' : Version test of '1.0.5' from client : ACCEPTED
[30Jul2026 00:21:56.446] [Netty Epoll Server IO #2/DEBUG] [net.minecraftforge.network.NetworkRegistry/NETREGISTRY]: Channel 'modernfix:main' : Version test of '1' from client : ACCEPTED
[30Jul2026 00:21:56.446] [Netty Epoll Server IO #2/DEBUG] [net.minecraftforge.network.NetworkRegistry/NETREGISTRY]: Channel 'modernfix:ingredient_sync' : Version test of '1' from client : ACCEPTED
[30Jul2026 00:21:56.446] [Netty Epoll Server IO #2/DEBUG] [net.minecraftforge.network.NetworkRegistry/NETREGISTRY]: Channel 'minecraft:register' : Version test of 'FML3' from client : ACCEPTED
[30Jul2026 00:21:56.446] [Netty Epoll Server IO #2/DEBUG] [net.minecraftforge.network.NetworkRegistry/NETREGISTRY]: Channel 'forge:split' : Version test of '1.1' from client : ACCEPTED
[30Jul2026 00:21:56.446] [Netty Epoll Server IO #2/DEBUG] [net.minecraftforge.network.NetworkRegistry/NETREGISTRY]: Channel 'tacz:network' : Version test of '1.0.5' from client : ACCEPTED
[30Jul2026 00:21:56.446] [Netty Epoll Server IO #2/DEBUG] [net.minecraftforge.network.NetworkRegistry/NETREGISTRY]: Channel 'simplebedrockmodel:network' : Version test of '0.1.0' from client : ACCEPTED
[30Jul2026 00:21:56.446] [Netty Epoll Server IO #2/DEBUG] [net.minecraftforge.network.NetworkRegistry/NETREGISTRY]: Accepting channel list from client
[30Jul2026 00:21:56.446] [Netty Epoll Server IO #2/DEBUG] [net.minecraftforge.network.HandshakeHandler/FMLHANDSHAKE]: Accepted client connection mod list
[30Jul2026 00:21:56.449] [Netty Epoll Server IO #2/DEBUG] [ServerLoginNetworkAddon for /10.146.56.30:57113/]: Handling inbound login query with id 2
[30Jul2026 00:21:56.449] [Netty Epoll Server IO #2/DEBUG] [net.minecraftforge.network.LoginWrapper/FMLHANDSHAKE]: Recieved login wrapper packet event for channel fml:handshake with index 2
[30Jul2026 00:21:56.449] [Netty Epoll Server IO #2/DEBUG] [net.minecraftforge.network.HandshakeHandler/FMLHANDSHAKE]: Received client indexed reply 2 of type net.minecraftforge.network.HandshakeMessages$C2SAcknowledge
[30Jul2026 00:21:56.449] [Netty Epoll Server IO #2/DEBUG] [net.minecraftforge.network.HandshakeHandler/FMLHANDSHAKE]: Received acknowledgement from client
[30Jul2026 00:21:56.449] [Netty Epoll Server IO #2/DEBUG] [ServerLoginNetworkAddon for /10.146.56.30:57113/]: Handling inbound login query with id 3
[30Jul2026 00:21:56.450] [Netty Epoll Server IO #2/DEBUG] [net.minecraftforge.network.LoginWrapper/FMLHANDSHAKE]: Recieved login wrapper packet event for channel fml:handshake with index 3
[30Jul2026 00:21:56.450] [Netty Epoll Server IO #2/DEBUG] [net.minecraftforge.network.HandshakeHandler/FMLHANDSHAKE]: Received client indexed reply 3 of type net.minecraftforge.network.HandshakeMessages$C2SAcknowledge
[30Jul2026 00:21:56.450] [Netty Epoll Server IO #2/DEBUG] [net.minecraftforge.network.HandshakeHandler/FMLHANDSHAKE]: Received acknowledgement from client
[30Jul2026 00:21:56.490] [Netty Epoll Server IO #2/DEBUG] [ServerLoginNetworkAddon for /10.146.56.30:57113/]: Handling inbound login query with id 4
[30Jul2026 00:21:56.490] [Netty Epoll Server IO #2/DEBUG] [net.minecraftforge.network.LoginWrapper/FMLHANDSHAKE]: Recieved login wrapper packet event for channel fml:handshake with index 4
[30Jul2026 00:21:56.490] [Netty Epoll Server IO #2/DEBUG] [net.minecraftforge.network.HandshakeHandler/FMLHANDSHAKE]: Received client indexed reply 4 of type net.minecraftforge.network.HandshakeMessages$C2SAcknowledge
[30Jul2026 00:21:56.490] [Netty Epoll Server IO #2/DEBUG] [net.minecraftforge.network.HandshakeHandler/FMLHANDSHAKE]: Received acknowledgement from client
[30Jul2026 00:21:56.491] [Netty Epoll Server IO #2/DEBUG] [ServerLoginNetworkAddon for /10.146.56.30:57113/]: Handling inbound login query with id 5
[30Jul2026 00:21:56.491] [Netty Epoll Server IO #2/DEBUG] [net.minecraftforge.network.LoginWrapper/FMLHANDSHAKE]: Recieved login wrapper packet event for channel fml:handshake with index 5
[30Jul2026 00:21:56.491] [Netty Epoll Server IO #2/DEBUG] [net.minecraftforge.network.HandshakeHandler/FMLHANDSHAKE]: Received client indexed reply 5 of type net.minecraftforge.network.HandshakeMessages$C2SAcknowledge
[30Jul2026 00:21:56.491] [Netty Epoll Server IO #2/DEBUG] [net.minecraftforge.network.HandshakeHandler/FMLHANDSHAKE]: Received acknowledgement from client
[30Jul2026 00:21:56.492] [Netty Epoll Server IO #2/DEBUG] [ServerLoginNetworkAddon for /10.146.56.30:57113/]: Handling inbound login query with id 6
[30Jul2026 00:21:56.492] [Netty Epoll Server IO #2/DEBUG] [net.minecraftforge.network.LoginWrapper/FMLHANDSHAKE]: Recieved login wrapper packet event for channel fml:handshake with index 6
[30Jul2026 00:21:56.492] [Netty Epoll Server IO #2/DEBUG] [net.minecraftforge.network.HandshakeHandler/FMLHANDSHAKE]: Received client indexed reply 6 of type net.minecraftforge.network.HandshakeMessages$C2SAcknowledge
[30Jul2026 00:21:56.492] [Netty Epoll Server IO #2/DEBUG] [net.minecraftforge.network.HandshakeHandler/FMLHANDSHAKE]: Received acknowledgement from client
[30Jul2026 00:21:56.547] [Netty Epoll Server IO #2/DEBUG] [ServerLoginNetworkAddon for /10.146.56.30:57113/]: Handling inbound login query with id 7
[30Jul2026 00:21:56.547] [Netty Epoll Server IO #2/DEBUG] [net.minecraftforge.network.LoginWrapper/FMLHANDSHAKE]: Recieved login wrapper packet event for channel fml:handshake with index 7
[30Jul2026 00:21:56.547] [Netty Epoll Server IO #2/DEBUG] [net.minecraftforge.network.HandshakeHandler/FMLHANDSHAKE]: Received client indexed reply 7 of type net.minecraftforge.network.HandshakeMessages$C2SAcknowledge
[30Jul2026 00:21:56.547] [Netty Epoll Server IO #2/DEBUG] [net.minecraftforge.network.HandshakeHandler/FMLHANDSHAKE]: Received acknowledgement from client
[30Jul2026 00:21:56.548] [Netty Epoll Server IO #2/DEBUG] [ServerLoginNetworkAddon for /10.146.56.30:57113/]: Handling inbound login query with id 8
[30Jul2026 00:21:56.548] [Netty Epoll Server IO #2/DEBUG] [net.minecraftforge.network.LoginWrapper/FMLHANDSHAKE]: Recieved login wrapper packet event for channel fml:handshake with index 8
[30Jul2026 00:21:56.548] [Netty Epoll Server IO #2/DEBUG] [net.minecraftforge.network.HandshakeHandler/FMLHANDSHAKE]: Received client indexed reply 8 of type net.minecraftforge.network.HandshakeMessages$C2SAcknowledge
[30Jul2026 00:21:56.548] [Netty Epoll Server IO #2/DEBUG] [net.minecraftforge.network.HandshakeHandler/FMLHANDSHAKE]: Received acknowledgement from client
[30Jul2026 00:21:56.548] [Netty Epoll Server IO #2/DEBUG] [ServerLoginNetworkAddon for /10.146.56.30:57113/]: Handling inbound login query with id 9
[30Jul2026 00:21:56.548] [Netty Epoll Server IO #2/DEBUG] [net.minecraftforge.network.LoginWrapper/FMLHANDSHAKE]: Recieved login wrapper packet event for channel fml:handshake with index 9
[30Jul2026 00:21:56.548] [Netty Epoll Server IO #2/DEBUG] [net.minecraftforge.network.HandshakeHandler/FMLHANDSHAKE]: Received client indexed reply 9 of type net.minecraftforge.network.HandshakeMessages$C2SAcknowledge
[30Jul2026 00:21:56.548] [Netty Epoll Server IO #2/DEBUG] [net.minecraftforge.network.HandshakeHandler/FMLHANDSHAKE]: Received acknowledgement from client
[30Jul2026 00:21:56.549] [Netty Epoll Server IO #2/DEBUG] [ServerLoginNetworkAddon for /10.146.56.30:57113/]: Handling inbound login query with id 10
[30Jul2026 00:21:56.549] [Netty Epoll Server IO #2/DEBUG] [net.minecraftforge.network.LoginWrapper/FMLHANDSHAKE]: Recieved login wrapper packet event for channel fml:handshake with index 10
[30Jul2026 00:21:56.549] [Netty Epoll Server IO #2/DEBUG] [net.minecraftforge.network.HandshakeHandler/FMLHANDSHAKE]: Received client indexed reply 10 of type net.minecraftforge.network.HandshakeMessages$C2SAcknowledge
[30Jul2026 00:21:56.549] [Netty Epoll Server IO #2/DEBUG] [net.minecraftforge.network.HandshakeHandler/FMLHANDSHAKE]: Received acknowledgement from client
[30Jul2026 00:21:56.550] [Netty Epoll Server IO #2/DEBUG] [ServerLoginNetworkAddon for /10.146.56.30:57113/]: Handling inbound login query with id 11
[30Jul2026 00:21:56.550] [Netty Epoll Server IO #2/DEBUG] [net.minecraftforge.network.LoginWrapper/FMLHANDSHAKE]: Recieved login wrapper packet event for channel fml:handshake with index 11
[30Jul2026 00:21:56.550] [Netty Epoll Server IO #2/DEBUG] [net.minecraftforge.network.HandshakeHandler/FMLHANDSHAKE]: Received client indexed reply 11 of type net.minecraftforge.network.HandshakeMessages$C2SAcknowledge
[30Jul2026 00:21:56.550] [Netty Epoll Server IO #2/DEBUG] [net.minecraftforge.network.HandshakeHandler/FMLHANDSHAKE]: Received acknowledgement from client
[30Jul2026 00:21:56.550] [Netty Epoll Server IO #2/DEBUG] [ServerLoginNetworkAddon for /10.146.56.30:57113/]: Handling inbound login query with id 12
[30Jul2026 00:21:56.550] [Netty Epoll Server IO #2/DEBUG] [net.minecraftforge.network.LoginWrapper/FMLHANDSHAKE]: Recieved login wrapper packet event for channel fml:handshake with index 12
[30Jul2026 00:21:56.550] [Netty Epoll Server IO #2/DEBUG] [net.minecraftforge.network.HandshakeHandler/FMLHANDSHAKE]: Received client indexed reply 12 of type net.minecraftforge.network.HandshakeMessages$C2SAcknowledge
[30Jul2026 00:21:56.550] [Netty Epoll Server IO #2/DEBUG] [net.minecraftforge.network.HandshakeHandler/FMLHANDSHAKE]: Received acknowledgement from client
[30Jul2026 00:21:56.551] [Netty Epoll Server IO #2/DEBUG] [ServerLoginNetworkAddon for /10.146.56.30:57113/]: Handling inbound login query with id 13
[30Jul2026 00:21:56.552] [Netty Epoll Server IO #2/DEBUG] [net.minecraftforge.network.LoginWrapper/FMLHANDSHAKE]: Recieved login wrapper packet event for channel fml:handshake with index 13
[30Jul2026 00:21:56.552] [Netty Epoll Server IO #2/DEBUG] [net.minecraftforge.network.HandshakeHandler/FMLHANDSHAKE]: Received client indexed reply 13 of type net.minecraftforge.network.HandshakeMessages$C2SAcknowledge
[30Jul2026 00:21:56.552] [Netty Epoll Server IO #2/DEBUG] [net.minecraftforge.network.HandshakeHandler/FMLHANDSHAKE]: Received acknowledgement from client
[30Jul2026 00:21:56.554] [Netty Epoll Server IO #2/DEBUG] [ServerLoginNetworkAddon for /10.146.56.30:57113/]: Handling inbound login query with id 14
[30Jul2026 00:21:56.554] [Netty Epoll Server IO #2/DEBUG] [net.minecraftforge.network.LoginWrapper/FMLHANDSHAKE]: Recieved login wrapper packet event for channel fml:handshake with index 14
[30Jul2026 00:21:56.554] [Netty Epoll Server IO #2/DEBUG] [net.minecraftforge.network.HandshakeHandler/FMLHANDSHAKE]: Received client indexed reply 14 of type net.minecraftforge.network.HandshakeMessages$C2SAcknowledge
[30Jul2026 00:21:56.554] [Netty Epoll Server IO #2/DEBUG] [net.minecraftforge.network.HandshakeHandler/FMLHANDSHAKE]: Received acknowledgement from client
[30Jul2026 00:21:56.555] [Netty Epoll Server IO #2/DEBUG] [ServerLoginNetworkAddon for /10.146.56.30:57113/]: Handling inbound login query with id 15
[30Jul2026 00:21:56.555] [Netty Epoll Server IO #2/DEBUG] [net.minecraftforge.network.LoginWrapper/FMLHANDSHAKE]: Recieved login wrapper packet event for channel fml:handshake with index 15
[30Jul2026 00:21:56.555] [Netty Epoll Server IO #2/DEBUG] [net.minecraftforge.network.HandshakeHandler/FMLHANDSHAKE]: Received client indexed reply 15 of type net.minecraftforge.network.HandshakeMessages$C2SAcknowledge
[30Jul2026 00:21:56.555] [Netty Epoll Server IO #2/DEBUG] [net.minecraftforge.network.HandshakeHandler/FMLHANDSHAKE]: Received acknowledgement from client
[30Jul2026 00:21:56.555] [Netty Epoll Server IO #2/DEBUG] [ServerLoginNetworkAddon for /10.146.56.30:57113/]: Handling inbound login query with id 16
[30Jul2026 00:21:56.555] [Netty Epoll Server IO #2/DEBUG] [net.minecraftforge.network.LoginWrapper/FMLHANDSHAKE]: Recieved login wrapper packet event for channel fml:handshake with index 16
[30Jul2026 00:21:56.555] [Netty Epoll Server IO #2/DEBUG] [net.minecraftforge.network.HandshakeHandler/FMLHANDSHAKE]: Received client indexed reply 16 of type net.minecraftforge.network.HandshakeMessages$C2SAcknowledge
[30Jul2026 00:21:56.555] [Netty Epoll Server IO #2/DEBUG] [net.minecraftforge.network.HandshakeHandler/FMLHANDSHAKE]: Received acknowledgement from client
[30Jul2026 00:21:56.556] [Netty Epoll Server IO #2/DEBUG] [ServerLoginNetworkAddon for /10.146.56.30:57113/]: Handling inbound login query with id 17
[30Jul2026 00:21:56.556] [Netty Epoll Server IO #2/DEBUG] [net.minecraftforge.network.LoginWrapper/FMLHANDSHAKE]: Recieved login wrapper packet event for channel fml:handshake with index 17
[30Jul2026 00:21:56.556] [Netty Epoll Server IO #2/DEBUG] [net.minecraftforge.network.HandshakeHandler/FMLHANDSHAKE]: Received client indexed reply 17 of type net.minecraftforge.network.HandshakeMessages$C2SAcknowledge
[30Jul2026 00:21:56.556] [Netty Epoll Server IO #2/DEBUG] [net.minecraftforge.network.HandshakeHandler/FMLHANDSHAKE]: Received acknowledgement from client
[30Jul2026 00:21:56.557] [Netty Epoll Server IO #2/DEBUG] [ServerLoginNetworkAddon for /10.146.56.30:57113/]: Handling inbound login query with id 18
[30Jul2026 00:21:56.557] [Netty Epoll Server IO #2/DEBUG] [net.minecraftforge.network.LoginWrapper/FMLHANDSHAKE]: Recieved login wrapper packet event for channel fml:handshake with index 18
[30Jul2026 00:21:56.557] [Netty Epoll Server IO #2/DEBUG] [net.minecraftforge.network.HandshakeHandler/FMLHANDSHAKE]: Received client indexed reply 18 of type net.minecraftforge.network.HandshakeMessages$C2SAcknowledge
[30Jul2026 00:21:56.557] [Netty Epoll Server IO #2/DEBUG] [net.minecraftforge.network.HandshakeHandler/FMLHANDSHAKE]: Received acknowledgement from client
[30Jul2026 00:21:56.557] [Netty Epoll Server IO #2/DEBUG] [ServerLoginNetworkAddon for /10.146.56.30:57113/]: Handling inbound login query with id 19
[30Jul2026 00:21:56.557] [Netty Epoll Server IO #2/DEBUG] [net.minecraftforge.network.LoginWrapper/FMLHANDSHAKE]: Recieved login wrapper packet event for channel fml:handshake with index 19
[30Jul2026 00:21:56.557] [Netty Epoll Server IO #2/DEBUG] [net.minecraftforge.network.HandshakeHandler/FMLHANDSHAKE]: Received client indexed reply 19 of type net.minecraftforge.network.HandshakeMessages$C2SAcknowledge
[30Jul2026 00:21:56.557] [Netty Epoll Server IO #2/DEBUG] [net.minecraftforge.network.HandshakeHandler/FMLHANDSHAKE]: Received acknowledgement from client
[30Jul2026 00:21:56.558] [Netty Epoll Server IO #2/DEBUG] [ServerLoginNetworkAddon for /10.146.56.30:57113/]: Handling inbound login query with id 20
[30Jul2026 00:21:56.558] [Netty Epoll Server IO #2/DEBUG] [net.minecraftforge.network.LoginWrapper/FMLHANDSHAKE]: Recieved login wrapper packet event for channel fml:handshake with index 20
[30Jul2026 00:21:56.559] [Netty Epoll Server IO #2/DEBUG] [net.minecraftforge.network.HandshakeHandler/FMLHANDSHAKE]: Received client indexed reply 20 of type net.minecraftforge.network.HandshakeMessages$C2SAcknowledge
[30Jul2026 00:21:56.559] [Netty Epoll Server IO #2/DEBUG] [net.minecraftforge.network.HandshakeHandler/FMLHANDSHAKE]: Received acknowledgement from client
[30Jul2026 00:21:56.560] [Netty Epoll Server IO #2/DEBUG] [ServerLoginNetworkAddon for /10.146.56.30:57113/]: Handling inbound login query with id 21
[30Jul2026 00:21:56.560] [Netty Epoll Server IO #2/DEBUG] [net.minecraftforge.network.LoginWrapper/FMLHANDSHAKE]: Recieved login wrapper packet event for channel fml:handshake with index 21
[30Jul2026 00:21:56.560] [Netty Epoll Server IO #2/DEBUG] [net.minecraftforge.network.HandshakeHandler/FMLHANDSHAKE]: Received client indexed reply 21 of type net.minecraftforge.network.HandshakeMessages$C2SAcknowledge
[30Jul2026 00:21:56.560] [Netty Epoll Server IO #2/DEBUG] [net.minecraftforge.network.HandshakeHandler/FMLHANDSHAKE]: Received acknowledgement from client
[30Jul2026 00:21:56.635] [Netty Epoll Server IO #2/DEBUG] [ServerLoginNetworkAddon for /10.146.56.30:57113/]: Handling inbound login query with id 22
[30Jul2026 00:21:56.635] [Netty Epoll Server IO #2/DEBUG] [net.minecraftforge.network.LoginWrapper/FMLHANDSHAKE]: Recieved login wrapper packet event for channel fml:handshake with index 22
[30Jul2026 00:21:56.635] [Netty Epoll Server IO #2/DEBUG] [net.minecraftforge.network.HandshakeHandler/FMLHANDSHAKE]: Received client indexed reply 22 of type net.minecraftforge.network.HandshakeMessages$C2SAcknowledge
[30Jul2026 00:21:56.635] [Netty Epoll Server IO #2/DEBUG] [net.minecraftforge.network.HandshakeHandler/FMLHANDSHAKE]: Received acknowledgement from client
[30Jul2026 00:21:56.635] [Netty Epoll Server IO #2/DEBUG] [ServerLoginNetworkAddon for /10.146.56.30:57113/]: Handling inbound login query with id 23
[30Jul2026 00:21:56.636] [Netty Epoll Server IO #2/DEBUG] [net.minecraftforge.network.LoginWrapper/FMLHANDSHAKE]: Recieved login wrapper packet event for channel fml:handshake with index 23
[30Jul2026 00:21:56.636] [Netty Epoll Server IO #2/DEBUG] [net.minecraftforge.network.HandshakeHandler/FMLHANDSHAKE]: Received client indexed reply 23 of type net.minecraftforge.network.HandshakeMessages$C2SAcknowledge
[30Jul2026 00:21:56.636] [Netty Epoll Server IO #2/DEBUG] [net.minecraftforge.network.HandshakeHandler/FMLHANDSHAKE]: Received acknowledgement from client
[30Jul2026 00:21:56.639] [Netty Epoll Server IO #2/DEBUG] [ServerLoginNetworkAddon for /10.146.56.30:57113/]: Handling inbound login query with id 24
[30Jul2026 00:21:56.640] [Netty Epoll Server IO #2/DEBUG] [net.minecraftforge.network.LoginWrapper/FMLHANDSHAKE]: Recieved login wrapper packet event for channel fml:handshake with index 24
[30Jul2026 00:21:56.640] [Netty Epoll Server IO #2/DEBUG] [net.minecraftforge.network.HandshakeHandler/FMLHANDSHAKE]: Received client indexed reply 24 of type net.minecraftforge.network.HandshakeMessages$C2SAcknowledge
[30Jul2026 00:21:56.640] [Netty Epoll Server IO #2/DEBUG] [net.minecraftforge.network.HandshakeHandler/FMLHANDSHAKE]: Received acknowledgement from client
[30Jul2026 00:21:56.644] [Netty Epoll Server IO #2/DEBUG] [ServerLoginNetworkAddon for /10.146.56.30:57113/]: Handling inbound login query with id 25
[30Jul2026 00:21:56.645] [Netty Epoll Server IO #2/DEBUG] [net.minecraftforge.network.LoginWrapper/FMLHANDSHAKE]: Recieved login wrapper packet event for channel fml:handshake with index 25
[30Jul2026 00:21:56.645] [Netty Epoll Server IO #2/DEBUG] [net.minecraftforge.network.HandshakeHandler/FMLHANDSHAKE]: Received client indexed reply 25 of type net.minecraftforge.network.HandshakeMessages$C2SAcknowledge
[30Jul2026 00:21:56.645] [Netty Epoll Server IO #2/DEBUG] [net.minecraftforge.network.HandshakeHandler/FMLHANDSHAKE]: Received acknowledgement from client
[30Jul2026 00:21:56.646] [Netty Epoll Server IO #2/DEBUG] [ServerLoginNetworkAddon for /10.146.56.30:57113/]: Handling inbound login query with id 26
[30Jul2026 00:21:56.646] [Netty Epoll Server IO #2/DEBUG] [net.minecraftforge.network.LoginWrapper/FMLHANDSHAKE]: Recieved login wrapper packet event for channel fml:handshake with index 26
[30Jul2026 00:21:56.646] [Netty Epoll Server IO #2/DEBUG] [net.minecraftforge.network.HandshakeHandler/FMLHANDSHAKE]: Received client indexed reply 26 of type net.minecraftforge.network.HandshakeMessages$C2SAcknowledge
[30Jul2026 00:21:56.646] [Netty Epoll Server IO #2/DEBUG] [net.minecraftforge.network.HandshakeHandler/FMLHANDSHAKE]: Received acknowledgement from client
[30Jul2026 00:21:56.664] [Netty Epoll Server IO #2/DEBUG] [ServerLoginNetworkAddon for /10.146.56.30:57113/]: Handling inbound login query with id 27
[30Jul2026 00:21:56.664] [Netty Epoll Server IO #2/DEBUG] [net.minecraftforge.network.LoginWrapper/FMLHANDSHAKE]: Recieved login wrapper packet event for channel tacz:handshake with index 27
[30Jul2026 00:21:56.664] [Netty Epoll Server IO #2/DEBUG] [net.minecraftforge.network.HandshakeHandler/FMLHANDSHAKE]: Received client indexed reply 27 of type com.tacz.guns.network.message.handshake.Acknowledge
[30Jul2026 00:21:56.664] [Netty Epoll Server IO #2/DEBUG] [tacz/HANDSHAKE_ACKNOWLEDGE]: Received acknowledgement from client
[30Jul2026 00:21:56.668] [Server thread/DEBUG] [net.minecraftforge.network.HandshakeHandler/FMLHANDSHAKE]: Handshake complete!
[30Jul2026 00:21:56.723] [Server thread/DEBUG] [fabric_networking_api_v1/]: Sent accepted channels to the client for "com.mojang.authlib.GameProfile@5ef4dd03[id=<null>,name=SmorFFour,properties={},legacy=false] (/10.146.56.30:57113)"
[30Jul2026 00:21:56.781] [Netty Epoll Server IO #2/DEBUG] [ServerLoginNetworkAddon for /10.146.56.30:57113/]: Handling inbound login query with id 999
[30Jul2026 00:21:56.782] [Netty Epoll Server IO #2/DEBUG] [fabric_networking_api_v1/]: Received accepted channels from the client for "com.mojang.authlib.GameProfile@5ef4dd03[id=<null>,name=SmorFFour,properties={},legacy=false] (/10.146.56.30:57113)"
[30Jul2026 00:21:56.839] [Server thread/DEBUG] [ModernFix/]: Generating capability dispatcher #1 for types: [me.xjqsh.lrtactical.capability.CustomItemCoolDownsProvider -> indeterminate (bytecode analysis disabled), me.xjqsh.lrtactical.capability.CombatPropertiesProvider -> indeterminate (bytecode analysis disabled), com.tacz.guns.entity.sync.core.DataHolderCapabilityProvider -> indeterminate (bytecode analysis disabled)]
[30Jul2026 00:21:57.213] [Server thread/INFO] [net.minecraft.server.players.PlayerList/]: SmorFFour[/10.146.56.30:57113] logged in with entity id 1 at (-4.5, -60.0, -5.5)
[30Jul2026 00:21:57.222] [Server thread/DEBUG] [mixin/]: Mixing network.NetworkFiltersMixin from connectormod.mixins.json into net.minecraftforge.network.filters.NetworkFilters
[30Jul2026 00:21:57.223] [Server thread/DEBUG] [mixin/]: connectormod.mixins.json:network.NetworkFiltersMixin from mod connectormod->@Inject::preventDuplicateHandler(Lnet/minecraft/network/Connection;Lio/netty/channel/ChannelPipeline;Ljava/lang/String;Ljava/util/function/Function;Lorg/spongepowered/asm/mixin/injection/callback/CallbackInfo;)V does use it's CallbackInfo
[30Jul2026 00:21:57.227] [Server thread/DEBUG] [net.minecraftforge.network.filters.NetworkFilters/]: Injected net.minecraftforge.network.filters.ForgeConnectionNetworkFilter@3f9c1c55 into net.minecraft.network.Connection@28a782c2
[30Jul2026 00:21:57.229] [Server thread/DEBUG] [FabricRegistrySync/]: Not syncing registry: minecraft:command_argument_type
[30Jul2026 00:21:57.229] [Server thread/DEBUG] [FabricRegistrySync/]: Not syncing registry: minecraft:item
[30Jul2026 00:21:57.229] [Server thread/DEBUG] [FabricRegistrySync/]: Not syncing registry: minecraft:block_entity_type
[30Jul2026 00:21:57.229] [Server thread/DEBUG] [FabricRegistrySync/]: Not syncing registry: minecraft:custom_stat
[30Jul2026 00:21:57.229] [Server thread/DEBUG] [FabricRegistrySync/]: Not syncing registry: minecraft:worldgen/foliage_placer_type
[30Jul2026 00:21:57.229] [Server thread/DEBUG] [FabricRegistrySync/]: Not syncing registry: minecraft:stat_type
[30Jul2026 00:21:57.229] [Server thread/DEBUG] [FabricRegistrySync/]: Not syncing registry: minecraft:worldgen/material_rule
[30Jul2026 00:21:57.229] [Server thread/DEBUG] [FabricRegistrySync/]: Not syncing registry: minecraft:worldgen/structure_type
[30Jul2026 00:21:57.229] [Server thread/DEBUG] [FabricRegistrySync/]: Not syncing registry: minecraft:attribute
[30Jul2026 00:21:57.229] [Server thread/DEBUG] [FabricRegistrySync/]: Not syncing registry: minecraft:position_source_type
[30Jul2026 00:21:57.229] [Server thread/DEBUG] [FabricRegistrySync/]: Not syncing registry: minecraft:height_provider_type
[30Jul2026 00:21:57.229] [Server thread/DEBUG] [FabricRegistrySync/]: Not syncing registry: minecraft:rule_block_entity_modifier
[30Jul2026 00:21:57.229] [Server thread/DEBUG] [FabricRegistrySync/]: Not syncing registry: minecraft:worldgen/density_function_type
[30Jul2026 00:21:57.229] [Server thread/DEBUG] [FabricRegistrySync/]: Not syncing registry: minecraft:fluid
[30Jul2026 00:21:57.229] [Server thread/DEBUG] [FabricRegistrySync/]: Not syncing registry: forge:global_loot_modifier_serializers
[30Jul2026 00:21:57.229] [Server thread/DEBUG] [FabricRegistrySync/]: Not syncing registry: minecraft:loot_condition_type
[30Jul2026 00:21:57.229] [Server thread/DEBUG] [FabricRegistrySync/]: Not syncing registry: minecraft:worldgen/structure_pool_element
[30Jul2026 00:21:57.229] [Server thread/DEBUG] [FabricRegistrySync/]: Not syncing registry: minecraft:activity
[30Jul2026 00:21:57.229] [Server thread/DEBUG] [FabricRegistrySync/]: Not syncing registry: minecraft:recipe_serializer
[30Jul2026 00:21:57.229] [Server thread/DEBUG] [FabricRegistrySync/]: Not syncing registry: minecraft:frog_variant
[30Jul2026 00:21:57.229] [Server thread/DEBUG] [FabricRegistrySync/]: Not syncing registry: minecraft:banner_pattern
[30Jul2026 00:21:57.229] [Server thread/DEBUG] [FabricRegistrySync/]: Not syncing registry: minecraft:instrument
[30Jul2026 00:21:57.229] [Server thread/DEBUG] [FabricRegistrySync/]: Not syncing registry: minecraft:decorated_pot_patterns
[30Jul2026 00:21:57.229] [Server thread/DEBUG] [FabricRegistrySync/]: Not syncing registry: minecraft:worldgen/feature_size_type
[30Jul2026 00:21:57.229] [Server thread/DEBUG] [FabricRegistrySync/]: Not syncing registry: minecraft:point_of_interest_type
[30Jul2026 00:21:57.229] [Server thread/DEBUG] [FabricRegistrySync/]: Not syncing registry: minecraft:mob_effect
[30Jul2026 00:21:57.230] [Server thread/DEBUG] [FabricRegistrySync/]: Not syncing registry: minecraft:loot_pool_entry_type
[30Jul2026 00:21:57.230] [Server thread/DEBUG] [FabricRegistrySync/]: Not syncing registry: minecraft:worldgen/block_state_provider_type
[30Jul2026 00:21:57.230] [Server thread/DEBUG] [FabricRegistrySync/]: Not syncing registry: minecraft:worldgen/chunk_generator
[30Jul2026 00:21:57.230] [Server thread/DEBUG] [FabricRegistrySync/]: Not syncing registry: minecraft:float_provider_type
[30Jul2026 00:21:57.230] [Server thread/DEBUG] [FabricRegistrySync/]: Not syncing registry: minecraft:chunk_status
[30Jul2026 00:21:57.230] [Server thread/DEBUG] [FabricRegistrySync/]: Not syncing registry: minecraft:enchantment
[30Jul2026 00:21:57.230] [Server thread/DEBUG] [FabricRegistrySync/]: Not syncing registry: minecraft:loot_function_type
[30Jul2026 00:21:57.230] [Server thread/DEBUG] [FabricRegistrySync/]: Not syncing registry: minecraft:worldgen/structure_processor
[30Jul2026 00:21:57.230] [Server thread/DEBUG] [FabricRegistrySync/]: Not syncing registry: minecraft:loot_score_provider_type
[30Jul2026 00:21:57.230] [Server thread/DEBUG] [FabricRegistrySync/]: Not syncing registry: minecraft:worldgen/tree_decorator_type
[30Jul2026 00:21:57.230] [Server thread/DEBUG] [FabricRegistrySync/]: Not syncing registry: minecraft:schedule
[30Jul2026 00:21:57.230] [Server thread/DEBUG] [FabricRegistrySync/]: Not syncing registry: minecraft:worldgen/material_condition
[30Jul2026 00:21:57.230] [Server thread/DEBUG] [FabricRegistrySync/]: Not syncing registry: minecraft:entity_type
[30Jul2026 00:21:57.230] [Server thread/DEBUG] [FabricRegistrySync/]: Not syncing registry: minecraft:villager_profession
[30Jul2026 00:21:57.230] [Server thread/DEBUG] [FabricRegistrySync/]: Not syncing registry: minecraft:potion
[30Jul2026 00:21:57.230] [Server thread/DEBUG] [FabricRegistrySync/]: Not syncing registry: minecraft:recipe_type
[30Jul2026 00:21:57.230] [Server thread/DEBUG] [FabricRegistrySync/]: Not syncing registry: minecraft:int_provider_type
[30Jul2026 00:21:57.230] [Server thread/DEBUG] [FabricRegistrySync/]: Not syncing registry: minecraft:worldgen/feature
[30Jul2026 00:21:57.230] [Server thread/DEBUG] [FabricRegistrySync/]: Not syncing registry: minecraft:cat_variant
[30Jul2026 00:21:57.230] [Server thread/DEBUG] [FabricRegistrySync/]: Not syncing registry: minecraft:pos_rule_test
[30Jul2026 00:21:57.230] [Server thread/DEBUG] [FabricRegistrySync/]: Not syncing registry: minecraft:worldgen/structure_placement
[30Jul2026 00:21:57.230] [Server thread/DEBUG] [FabricRegistrySync/]: Not syncing registry: minecraft:loot_nbt_provider_type
[30Jul2026 00:21:57.230] [Server thread/DEBUG] [FabricRegistrySync/]: Not syncing registry: minecraft:menu
[30Jul2026 00:21:57.230] [Server thread/DEBUG] [FabricRegistrySync/]: Not syncing registry: minecraft:worldgen/trunk_placer_type
[30Jul2026 00:21:57.230] [Server thread/DEBUG] [FabricRegistrySync/]: Not syncing registry: minecraft:creative_mode_tab
[30Jul2026 00:21:57.230] [Server thread/DEBUG] [FabricRegistrySync/]: Not syncing registry: minecraft:worldgen/placement_modifier_type
[30Jul2026 00:21:57.231] [Server thread/DEBUG] [FabricRegistrySync/]: Not syncing registry: minecraft:worldgen/carver
[30Jul2026 00:21:57.231] [Server thread/DEBUG] [FabricRegistrySync/]: Not syncing registry: minecraft:loot_number_provider_type
[30Jul2026 00:21:57.231] [Server thread/DEBUG] [FabricRegistrySync/]: Not syncing registry: minecraft:worldgen/structure_piece
[30Jul2026 00:21:57.231] [Server thread/DEBUG] [FabricRegistrySync/]: Not syncing registry: minecraft:sound_event
[30Jul2026 00:21:57.231] [Server thread/DEBUG] [FabricRegistrySync/]: Not syncing registry: minecraft:particle_type
[30Jul2026 00:21:57.231] [Server thread/DEBUG] [FabricRegistrySync/]: Not syncing registry: minecraft:game_event
[30Jul2026 00:21:57.231] [Server thread/DEBUG] [FabricRegistrySync/]: Not syncing registry: minecraft:worldgen/biome_source
[30Jul2026 00:21:57.231] [Server thread/DEBUG] [FabricRegistrySync/]: Not syncing registry: minecraft:worldgen/root_placer_type
[30Jul2026 00:21:57.231] [Server thread/DEBUG] [FabricRegistrySync/]: Not syncing registry: minecraft:villager_type
[30Jul2026 00:21:57.231] [Server thread/DEBUG] [FabricRegistrySync/]: Not syncing registry: minecraft:painting_variant
[30Jul2026 00:21:57.231] [Server thread/DEBUG] [FabricRegistrySync/]: Not syncing registry: forge:fluid_type
[30Jul2026 00:21:57.231] [Server thread/DEBUG] [FabricRegistrySync/]: Not syncing registry: minecraft:block_predicate_type
[30Jul2026 00:21:57.231] [Server thread/DEBUG] [FabricRegistrySync/]: Not syncing registry: minecraft:block
[30Jul2026 00:21:57.231] [Server thread/DEBUG] [FabricRegistrySync/]: Not syncing registry: forge:entity_data_serializers
[30Jul2026 00:21:57.231] [Server thread/DEBUG] [FabricRegistrySync/]: Not syncing registry: minecraft:sensor_type
[30Jul2026 00:21:57.231] [Server thread/DEBUG] [FabricRegistrySync/]: Not syncing registry: minecraft:rule_test
[30Jul2026 00:21:57.231] [Server thread/DEBUG] [FabricRegistrySync/]: Not syncing registry: minecraft:memory_module_type
[30Jul2026 00:21:57.248] [Server thread/INFO] [ModernFix/]: Using enhanced recipe sync for player SmorFFour
[30Jul2026 00:21:57.298] [Server thread/INFO] [net.minecraft.server.MinecraftServer/]: SmorFFour joined the game
[30Jul2026 00:21:57.320] [Server thread/DEBUG] [mixin/]: Mixing accessor.EntityTrackerAccessor from fabric-networking-api-v1.mixins.json into net.minecraft.server.level.ChunkMap$TrackedEntity
[30Jul2026 00:21:57.320] [Server thread/DEBUG] [mixin/]: fabric-networking-api-v1.mixins.json:accessor.EntityTrackerAccessor from mod fabric_networking_api_v1: Class version 61 required is higher than the class version supported by the current version of Mixin (JAVA_16 supports class version 60)
[30Jul2026 00:21:57.322] [Server thread/DEBUG] [mixin/]: Mixing EntityTrackerEntryMixin from fabric-networking-api-v1.mixins.json into net.minecraft.server.level.ServerEntity
[30Jul2026 00:21:57.322] [Server thread/DEBUG] [mixin/]: fabric-networking-api-v1.mixins.json:EntityTrackerEntryMixin from mod fabric_networking_api_v1: Class version 61 required is higher than the class version supported by the current version of Mixin (JAVA_16 supports class version 60)
[30Jul2026 00:21:57.323] [Server thread/DEBUG] [mixin/]: fabric-networking-api-v1.mixins.json:EntityTrackerEntryMixin from mod fabric_networking_api_v1->@Inject::onStartTracking(Lnet/minecraft/server/level/ServerPlayer;Lorg/spongepowered/asm/mixin/injection/callback/CallbackInfo;)V doesn't use it's CallbackInfo
[30Jul2026 00:21:57.323] [Server thread/DEBUG] [mixin/]: fabric-networking-api-v1.mixins.json:EntityTrackerEntryMixin from mod fabric_networking_api_v1->@Inject::onStartTracking(Lnet/minecraft/server/level/ServerPlayer;Lorg/spongepowered/asm/mixin/injection/callback/CallbackInfo;)V has 0 override(s) in child classes
[30Jul2026 00:21:57.323] [Server thread/DEBUG] [mixin/]: fabric-networking-api-v1.mixins.json:EntityTrackerEntryMixin from mod fabric_networking_api_v1->@Inject::onStartTracking(Lnet/minecraft/server/level/ServerPlayer;Lorg/spongepowered/asm/mixin/injection/callback/CallbackInfo;)V won't be passed a CallbackInfo as a result
[30Jul2026 00:21:57.323] [Server thread/DEBUG] [mixin/]: fabric-networking-api-v1.mixins.json:EntityTrackerEntryMixin from mod fabric_networking_api_v1->@Inject::onStopTracking(Lnet/minecraft/server/level/ServerPlayer;Lorg/spongepowered/asm/mixin/injection/callback/CallbackInfo;)V doesn't use it's CallbackInfo
[30Jul2026 00:21:57.323] [Server thread/DEBUG] [mixin/]: fabric-networking-api-v1.mixins.json:EntityTrackerEntryMixin from mod fabric_networking_api_v1->@Inject::onStopTracking(Lnet/minecraft/server/level/ServerPlayer;Lorg/spongepowered/asm/mixin/injection/callback/CallbackInfo;)V has 0 override(s) in child classes
[30Jul2026 00:21:57.323] [Server thread/DEBUG] [mixin/]: fabric-networking-api-v1.mixins.json:EntityTrackerEntryMixin from mod fabric_networking_api_v1->@Inject::onStopTracking(Lnet/minecraft/server/level/ServerPlayer;Lorg/spongepowered/asm/mixin/injection/callback/CallbackInfo;)V won't be passed a CallbackInfo as a result
[30Jul2026 00:21:57.525] [Server thread/DEBUG] [ModernFix/]: Generating capability dispatcher #2 for types: [com.tacz.guns.entity.sync.core.DataHolderCapabilityProvider -> indeterminate (bytecode analysis disabled)]
[30Jul2026 00:21:57.530] [Server thread/DEBUG] [mixin/]: Mixing LandPathNodeMakerMixin from fabric-content-registries-v0.mixins.json into net.minecraft.world.level.pathfinder.WalkNodeEvaluator
[30Jul2026 00:21:57.531] [Server thread/DEBUG] [mixin/]: fabric-content-registries-v0.mixins.json:LandPathNodeMakerMixin from mod fabric_content_registries_v0: Class version 61 required is higher than the class version supported by the current version of Mixin (JAVA_16 supports class version 60)
[30Jul2026 00:21:57.533] [Server thread/DEBUG] [mixin/]: fabric-content-registries-v0.mixins.json:LandPathNodeMakerMixin from mod fabric_content_registries_v0->@Inject::getCommonNodeType(Lnet/minecraft/world/level/BlockGetter;Lnet/minecraft/core/BlockPos;Lorg/spongepowered/asm/mixin/injection/callback/CallbackInfoReturnable;Lnet/minecraft/world/level/block/state/BlockState;)V does use it's CallbackInfoReturnable
[30Jul2026 00:21:57.533] [Server thread/DEBUG] [mixin/]: fabric-content-registries-v0.mixins.json:LandPathNodeMakerMixin from mod fabric_content_registries_v0->@Inject::getNodeTypeFromNeighbors(Lnet/minecraft/world/level/BlockGetter;Lnet/minecraft/core/BlockPos$MutableBlockPos;Lnet/minecraft/world/level/pathfinder/BlockPathTypes;Lorg/spongepowered/asm/mixin/injection/callback/CallbackInfoReturnable;IIIIIILnet/minecraft/world/level/block/state/BlockState;)V does use it's CallbackInfoReturnable
[30Jul2026 00:21:57.552] [Server thread/DEBUG] [tacz/SYNC_BASE_TIMESTAMP]: Update server base timestamp: 1785370917551
[30Jul2026 00:21:58.189] [Server thread/DEBUG] [mixin/]: Mixing SubShapeAccess from ferritecore.blockstatecache.mixin.json into net.minecraft.world.phys.shapes.SubShape
[30Jul2026 00:21:58.941] [Server thread/DEBUG] [mixin/]: Mixing common.chunk.EmptyLevelChunkMixin from starlight.mixins.json into net.minecraft.world.level.chunk.EmptyLevelChunk
[30Jul2026 00:22:00.001] [Server thread/ERROR] [net.minecraft.world.entity.decoration.HangingEntity/]: Hanging entity at invalid position: BlockPos{x=0, y=0, z=0}
[30Jul2026 00:22:00.001] [Server thread/WARN] [net.minecraft.world.entity.decoration.ItemFrame/]: Unable to load item from: {count:1,id:"minecraft:anvil"}
[30Jul2026 00:22:00.002] [Server thread/ERROR] [net.minecraft.world.entity.decoration.HangingEntity/]: Hanging entity at invalid position: BlockPos{x=0, y=0, z=0}
[30Jul2026 00:22:00.002] [Server thread/WARN] [net.minecraft.world.entity.decoration.ItemFrame/]: Unable to load item from: {count:1,id:"minecraft:anvil"}
[30Jul2026 00:22:00.759] [Server thread/ERROR] [net.minecraft.world.entity.decoration.HangingEntity/]: Hanging entity at invalid position: BlockPos{x=0, y=0, z=0}
[30Jul2026 00:22:00.760] [Server thread/WARN] [net.minecraft.world.entity.decoration.ItemFrame/]: Unable to load item from: {count:1,id:"minecraft:anvil"}
[30Jul2026 00:22:00.760] [Server thread/ERROR] [net.minecraft.world.entity.decoration.HangingEntity/]: Hanging entity at invalid position: BlockPos{x=0, y=0, z=0}
[30Jul2026 00:22:00.760] [Server thread/WARN] [net.minecraft.world.entity.decoration.ItemFrame/]: Unable to load item from: {count:1,id:"minecraft:anvil"}
[30Jul2026 00:22:00.798] [Server thread/DEBUG] [ModernFix/]: Generating capability dispatcher #3 for types: [net.fabricmc.fabric.impl.transfer.compat.TransferApiForgeCompat$1 -> indeterminate (bytecode analysis disabled)]
[30Jul2026 00:22:00.801] [Server thread/WARN] [net.minecraft.world.level.block.entity.BlockEntity/]: Skipping BlockEntity with id minecraft:shelf
[30Jul2026 00:22:00.802] [Server thread/WARN] [net.minecraft.world.level.block.entity.BlockEntity/]: Skipping BlockEntity with id minecraft:shelf
[30Jul2026 00:22:00.895] [Server thread/WARN] [net.minecraft.world.level.block.entity.BlockEntity/]: Skipping BlockEntity with id minecraft:shelf
[30Jul2026 00:22:00.896] [Server thread/WARN] [net.minecraft.world.level.block.entity.BlockEntity/]: Skipping BlockEntity with id minecraft:shelf
[30Jul2026 00:22:00.897] [Server thread/ERROR] [net.minecraft.world.entity.decoration.HangingEntity/]: Hanging entity at invalid position: BlockPos{x=0, y=0, z=0}
[30Jul2026 00:22:00.897] [Server thread/WARN] [net.minecraft.world.entity.decoration.ItemFrame/]: Unable to load item from: {count:1,id:"minecraft:anvil"}
[30Jul2026 00:22:00.897] [Server thread/ERROR] [net.minecraft.world.entity.decoration.HangingEntity/]: Hanging entity at invalid position: BlockPos{x=0, y=0, z=0}
[30Jul2026 00:22:00.897] [Server thread/WARN] [net.minecraft.world.entity.decoration.ItemFrame/]: Unable to load item from: {count:1,id:"minecraft:anvil"}
[30Jul2026 00:22:01.237] [Server thread/ERROR] [net.minecraft.world.entity.decoration.HangingEntity/]: Hanging entity at invalid position: BlockPos{x=0, y=0, z=0}
[30Jul2026 00:22:01.238] [Server thread/WARN] [net.minecraft.world.entity.decoration.ItemFrame/]: Unable to load item from: {count:1,id:"minecraft:anvil"}
[30Jul2026 00:22:01.238] [Server thread/ERROR] [net.minecraft.world.entity.decoration.HangingEntity/]: Hanging entity at invalid position: BlockPos{x=0, y=0, z=0}
[30Jul2026 00:22:01.238] [Server thread/WARN] [net.minecraft.world.entity.decoration.ItemFrame/]: Unable to load item from: {count:1,id:"minecraft:anvil"}
[30Jul2026 00:22:01.241] [Server thread/WARN] [net.minecraft.world.level.block.entity.BlockEntity/]: Skipping BlockEntity with id minecraft:shelf
[30Jul2026 00:22:01.241] [Server thread/WARN] [net.minecraft.world.level.block.entity.BlockEntity/]: Skipping BlockEntity with id minecraft:shelf
[30Jul2026 00:22:01.244] [Server thread/WARN] [net.minecraft.world.level.block.entity.BlockEntity/]: Skipping BlockEntity with id minecraft:shelf
[30Jul2026 00:22:01.244] [Server thread/WARN] [net.minecraft.world.level.block.entity.BlockEntity/]: Skipping BlockEntity with id minecraft:shelf
[30Jul2026 00:22:01.566] [Server thread/ERROR] [net.minecraft.world.entity.decoration.HangingEntity/]: Hanging entity at invalid position: BlockPos{x=0, y=0, z=0}
[30Jul2026 00:22:01.566] [Server thread/WARN] [net.minecraft.world.entity.decoration.ItemFrame/]: Unable to load item from: {count:1,id:"minecraft:anvil"}
[30Jul2026 00:22:01.566] [Server thread/ERROR] [net.minecraft.world.entity.decoration.HangingEntity/]: Hanging entity at invalid position: BlockPos{x=0, y=0, z=0}
[30Jul2026 00:22:01.566] [Server thread/WARN] [net.minecraft.world.entity.decoration.ItemFrame/]: Unable to load item from: {count:1,id:"minecraft:anvil"}
[30Jul2026 00:22:09.477] [Server thread/ERROR] [net.minecraft.world.entity.decoration.HangingEntity/]: Hanging entity at invalid position: BlockPos{x=0, y=0, z=0}
[30Jul2026 00:22:09.477] [Server thread/WARN] [net.minecraft.world.entity.decoration.ItemFrame/]: Unable to load item from: {count:1,id:"minecraft:anvil"}
[30Jul2026 00:22:13.267] [Server thread/WARN] [net.minecraft.server.level.ServerEntity/]: Fetching packet for removed entity ItemEntity['Air'/30, l='ServerLevel[OASIS OSTENTOSO]', x=55.31, y=-60.00, z=102.09, removed=DISCARDED]
[30Jul2026 00:22:18.218] [Server thread/WARN] [net.minecraft.server.level.ServerEntity/]: Fetching packet for removed entity ItemEntity['Air'/126, l='ServerLevel[OASIS OSTENTOSO]', x=62.95, y=-62.00, z=177.06, removed=DISCARDED]
[30Jul2026 00:22:28.717] [Server thread/WARN] [net.minecraft.server.level.ServerEntity/]: Fetching packet for removed entity ItemEntity['Air'/126, l='ServerLevel[OASIS OSTENTOSO]', x=62.95, y=-62.00, z=177.06, removed=DISCARDED]
[30Jul2026 00:26:36.393] [Server thread/DEBUG] [FabricRegistrySync/]: Starting registry save
[30Jul2026 00:26:36.393] [Server thread/DEBUG] [FabricRegistrySync/]: Not saving registry: minecraft:command_argument_type
[30Jul2026 00:26:36.393] [Server thread/DEBUG] [FabricRegistrySync/]: Not saving registry: minecraft:item
[30Jul2026 00:26:36.393] [Server thread/DEBUG] [FabricRegistrySync/]: Not saving registry: minecraft:block_entity_type
[30Jul2026 00:26:36.393] [Server thread/DEBUG] [FabricRegistrySync/]: Not saving registry: minecraft:custom_stat
[30Jul2026 00:26:36.393] [Server thread/DEBUG] [FabricRegistrySync/]: Not saving registry: minecraft:worldgen/foliage_placer_type
[30Jul2026 00:26:36.393] [Server thread/DEBUG] [FabricRegistrySync/]: Not saving registry: minecraft:stat_type
[30Jul2026 00:26:36.393] [Server thread/DEBUG] [FabricRegistrySync/]: Not saving registry: minecraft:worldgen/material_rule
[30Jul2026 00:26:36.393] [Server thread/DEBUG] [FabricRegistrySync/]: Not saving registry: minecraft:worldgen/structure_type
[30Jul2026 00:26:36.393] [Server thread/DEBUG] [FabricRegistrySync/]: Not saving registry: minecraft:attribute
[30Jul2026 00:26:36.393] [Server thread/DEBUG] [FabricRegistrySync/]: Not saving registry: minecraft:position_source_type
[30Jul2026 00:26:36.393] [Server thread/DEBUG] [FabricRegistrySync/]: Not saving registry: minecraft:height_provider_type
[30Jul2026 00:26:36.393] [Server thread/DEBUG] [FabricRegistrySync/]: Not saving registry: minecraft:rule_block_entity_modifier
[30Jul2026 00:26:36.393] [Server thread/DEBUG] [FabricRegistrySync/]: Not saving registry: minecraft:worldgen/density_function_type
[30Jul2026 00:26:36.393] [Server thread/DEBUG] [FabricRegistrySync/]: Not saving registry: minecraft:fluid
[30Jul2026 00:26:36.393] [Server thread/DEBUG] [FabricRegistrySync/]: Not saving registry: forge:global_loot_modifier_serializers
[30Jul2026 00:26:36.393] [Server thread/DEBUG] [FabricRegistrySync/]: Not saving registry: minecraft:loot_condition_type
[30Jul2026 00:26:36.393] [Server thread/DEBUG] [FabricRegistrySync/]: Not saving registry: minecraft:worldgen/structure_pool_element
[30Jul2026 00:26:36.393] [Server thread/DEBUG] [FabricRegistrySync/]: Not saving registry: minecraft:activity
[30Jul2026 00:26:36.393] [Server thread/DEBUG] [FabricRegistrySync/]: Not saving registry: minecraft:recipe_serializer
[30Jul2026 00:26:36.393] [Server thread/DEBUG] [FabricRegistrySync/]: Not saving registry: minecraft:frog_variant
[30Jul2026 00:26:36.393] [Server thread/DEBUG] [FabricRegistrySync/]: Not saving registry: minecraft:banner_pattern
[30Jul2026 00:26:36.393] [Server thread/DEBUG] [FabricRegistrySync/]: Not saving registry: minecraft:instrument
[30Jul2026 00:26:36.394] [Server thread/DEBUG] [FabricRegistrySync/]: Not saving registry: minecraft:decorated_pot_patterns
[30Jul2026 00:26:36.394] [Server thread/DEBUG] [FabricRegistrySync/]: Not saving registry: minecraft:worldgen/feature_size_type
[30Jul2026 00:26:36.394] [Server thread/DEBUG] [FabricRegistrySync/]: Not saving registry: minecraft:point_of_interest_type
[30Jul2026 00:26:36.394] [Server thread/DEBUG] [FabricRegistrySync/]: Not saving registry: minecraft:mob_effect
[30Jul2026 00:26:36.394] [Server thread/DEBUG] [FabricRegistrySync/]: Not saving registry: minecraft:loot_pool_entry_type
[30Jul2026 00:26:36.394] [Server thread/DEBUG] [FabricRegistrySync/]: Not saving registry: minecraft:worldgen/block_state_provider_type
[30Jul2026 00:26:36.394] [Server thread/DEBUG] [FabricRegistrySync/]: Not saving registry: minecraft:worldgen/chunk_generator
[30Jul2026 00:26:36.394] [Server thread/DEBUG] [FabricRegistrySync/]: Not saving registry: minecraft:float_provider_type
[30Jul2026 00:26:36.394] [Server thread/DEBUG] [FabricRegistrySync/]: Not saving registry: minecraft:chunk_status
[30Jul2026 00:26:36.394] [Server thread/DEBUG] [FabricRegistrySync/]: Not saving registry: minecraft:enchantment
[30Jul2026 00:26:36.394] [Server thread/DEBUG] [FabricRegistrySync/]: Not saving registry: minecraft:loot_function_type
[30Jul2026 00:26:36.394] [Server thread/DEBUG] [FabricRegistrySync/]: Not saving registry: minecraft:worldgen/structure_processor
[30Jul2026 00:26:36.394] [Server thread/DEBUG] [FabricRegistrySync/]: Not saving registry: minecraft:loot_score_provider_type
[30Jul2026 00:26:36.394] [Server thread/DEBUG] [FabricRegistrySync/]: Not saving registry: minecraft:worldgen/tree_decorator_type
[30Jul2026 00:26:36.394] [Server thread/DEBUG] [FabricRegistrySync/]: Not saving registry: minecraft:schedule
[30Jul2026 00:26:36.394] [Server thread/DEBUG] [FabricRegistrySync/]: Not saving registry: minecraft:worldgen/material_condition
[30Jul2026 00:26:36.394] [Server thread/DEBUG] [FabricRegistrySync/]: Not saving registry: minecraft:entity_type
[30Jul2026 00:26:36.394] [Server thread/DEBUG] [FabricRegistrySync/]: Not saving registry: minecraft:villager_profession
[30Jul2026 00:26:36.394] [Server thread/DEBUG] [FabricRegistrySync/]: Not saving registry: minecraft:potion
[30Jul2026 00:26:36.394] [Server thread/DEBUG] [FabricRegistrySync/]: Not saving registry: minecraft:recipe_type
[30Jul2026 00:26:36.394] [Server thread/DEBUG] [FabricRegistrySync/]: Not saving registry: minecraft:int_provider_type
[30Jul2026 00:26:36.394] [Server thread/DEBUG] [FabricRegistrySync/]: Not saving registry: minecraft:worldgen/feature
[30Jul2026 00:26:36.394] [Server thread/DEBUG] [FabricRegistrySync/]: Not saving registry: minecraft:cat_variant
[30Jul2026 00:26:36.394] [Server thread/DEBUG] [FabricRegistrySync/]: Not saving registry: minecraft:pos_rule_test
[30Jul2026 00:26:36.394] [Server thread/DEBUG] [FabricRegistrySync/]: Not saving registry: minecraft:worldgen/structure_placement
[30Jul2026 00:26:36.394] [Server thread/DEBUG] [FabricRegistrySync/]: Not saving registry: minecraft:loot_nbt_provider_type
[30Jul2026 00:26:36.394] [Server thread/DEBUG] [FabricRegistrySync/]: Not saving registry: minecraft:menu
[30Jul2026 00:26:36.394] [Server thread/DEBUG] [FabricRegistrySync/]: Not saving registry: minecraft:worldgen/trunk_placer_type
[30Jul2026 00:26:36.394] [Server thread/DEBUG] [FabricRegistrySync/]: Not saving registry: minecraft:creative_mode_tab
[30Jul2026 00:26:36.394] [Server thread/DEBUG] [FabricRegistrySync/]: Not saving registry: minecraft:worldgen/placement_modifier_type
[30Jul2026 00:26:36.394] [Server thread/DEBUG] [FabricRegistrySync/]: Not saving registry: minecraft:worldgen/carver
[30Jul2026 00:26:36.394] [Server thread/DEBUG] [FabricRegistrySync/]: Not saving registry: minecraft:loot_number_provider_type
[30Jul2026 00:26:36.394] [Server thread/DEBUG] [FabricRegistrySync/]: Not saving registry: minecraft:worldgen/structure_piece
[30Jul2026 00:26:36.394] [Server thread/DEBUG] [FabricRegistrySync/]: Not saving registry: minecraft:sound_event
[30Jul2026 00:26:36.394] [Server thread/DEBUG] [FabricRegistrySync/]: Not saving registry: minecraft:particle_type
[30Jul2026 00:26:36.394] [Server thread/DEBUG] [FabricRegistrySync/]: Not saving registry: minecraft:game_event
[30Jul2026 00:26:36.394] [Server thread/DEBUG] [FabricRegistrySync/]: Not saving registry: minecraft:worldgen/biome_source
[30Jul2026 00:26:36.394] [Server thread/DEBUG] [FabricRegistrySync/]: Not saving registry: minecraft:worldgen/root_placer_type
[30Jul2026 00:26:36.394] [Server thread/DEBUG] [FabricRegistrySync/]: Not saving registry: minecraft:villager_type
[30Jul2026 00:26:36.394] [Server thread/DEBUG] [FabricRegistrySync/]: Not saving registry: minecraft:painting_variant
[30Jul2026 00:26:36.395] [Server thread/DEBUG] [FabricRegistrySync/]: Not saving registry: forge:fluid_type
[30Jul2026 00:26:36.395] [Server thread/DEBUG] [FabricRegistrySync/]: Not saving registry: minecraft:block_predicate_type
[30Jul2026 00:26:36.395] [Server thread/DEBUG] [FabricRegistrySync/]: Not saving registry: minecraft:block
[30Jul2026 00:26:36.395] [Server thread/DEBUG] [FabricRegistrySync/]: Not saving registry: forge:entity_data_serializers
[30Jul2026 00:26:36.395] [Server thread/DEBUG] [FabricRegistrySync/]: Not saving registry: minecraft:sensor_type
[30Jul2026 00:26:36.395] [Server thread/DEBUG] [FabricRegistrySync/]: Not saving registry: minecraft:rule_test
[30Jul2026 00:26:36.395] [Server thread/DEBUG] [FabricRegistrySync/]: Not saving registry: minecraft:memory_module_type
[30Jul2026 00:26:36.395] [Server thread/DEBUG] [FabricRegistrySync/]: Not saving empty registry data
[30Jul2026 00:26:36.398] [Server thread/DEBUG] [net.minecraftforge.common.ForgeHooks/WP]: Gathering id map for writing to world save OASIS OSTENTOSO
[30Jul2026 00:26:36.420] [Server thread/DEBUG] [net.minecraftforge.common.ForgeHooks/WP]: ID Map collection complete OASIS OSTENTOSO
[30Jul2026 00:27:50.731] [Server thread/INFO] [net.minecraft.server.MinecraftServer/]: [SmorFFour: Stopping the server]
[30Jul2026 00:27:50.768] [Server thread/INFO] [net.minecraft.server.MinecraftServer/]: Stopping server
[30Jul2026 00:27:50.769] [Server thread/INFO] [net.minecraft.server.MinecraftServer/]: Saving players
[30Jul2026 00:27:50.772] [Server thread/INFO] [net.minecraft.server.MinecraftServer/]: Saving worlds
[30Jul2026 00:27:50.808] [Server thread/INFO] [net.minecraft.server.MinecraftServer/]: Saving chunks for level 'ServerLevel[OASIS OSTENTOSO]'/minecraft:overworld
[30Jul2026 00:27:50.900] [Server thread/INFO] [net.minecraft.server.MinecraftServer/]: Saving chunks for level 'ServerLevel[OASIS OSTENTOSO]'/minecraft:the_nether
[30Jul2026 00:27:50.901] [Server thread/INFO] [net.minecraft.server.MinecraftServer/]: Saving chunks for level 'ServerLevel[OASIS OSTENTOSO]'/minecraft:the_end
[30Jul2026 00:27:50.903] [Server thread/DEBUG] [FabricRegistrySync/]: Starting registry save
[30Jul2026 00:27:50.903] [Server thread/DEBUG] [FabricRegistrySync/]: Not saving registry: minecraft:command_argument_type
[30Jul2026 00:27:50.903] [Server thread/DEBUG] [FabricRegistrySync/]: Not saving registry: minecraft:item
[30Jul2026 00:27:50.903] [Server thread/DEBUG] [FabricRegistrySync/]: Not saving registry: minecraft:block_entity_type
[30Jul2026 00:27:50.903] [Server thread/DEBUG] [FabricRegistrySync/]: Not saving registry: minecraft:custom_stat
[30Jul2026 00:27:50.903] [Server thread/DEBUG] [FabricRegistrySync/]: Not saving registry: minecraft:worldgen/foliage_placer_type
[30Jul2026 00:27:50.903] [Server thread/DEBUG] [FabricRegistrySync/]: Not saving registry: minecraft:stat_type
[30Jul2026 00:27:50.903] [Server thread/DEBUG] [FabricRegistrySync/]: Not saving registry: minecraft:worldgen/material_rule
[30Jul2026 00:27:50.903] [Server thread/DEBUG] [FabricRegistrySync/]: Not saving registry: minecraft:worldgen/structure_type
[30Jul2026 00:27:50.903] [Server thread/DEBUG] [FabricRegistrySync/]: Not saving registry: minecraft:attribute
[30Jul2026 00:27:50.904] [Server thread/DEBUG] [FabricRegistrySync/]: Not saving registry: minecraft:position_source_type
[30Jul2026 00:27:50.904] [Server thread/DEBUG] [FabricRegistrySync/]: Not saving registry: minecraft:height_provider_type
[30Jul2026 00:27:50.904] [Server thread/DEBUG] [FabricRegistrySync/]: Not saving registry: minecraft:rule_block_entity_modifier
[30Jul2026 00:27:50.904] [Server thread/DEBUG] [FabricRegistrySync/]: Not saving registry: minecraft:worldgen/density_function_type
[30Jul2026 00:27:50.904] [Server thread/DEBUG] [FabricRegistrySync/]: Not saving registry: minecraft:fluid
[30Jul2026 00:27:50.904] [Server thread/DEBUG] [FabricRegistrySync/]: Not saving registry: forge:global_loot_modifier_serializers
[30Jul2026 00:27:50.905] [Server thread/DEBUG] [FabricRegistrySync/]: Not saving registry: minecraft:loot_condition_type
[30Jul2026 00:27:50.905] [Server thread/DEBUG] [FabricRegistrySync/]: Not saving registry: minecraft:worldgen/structure_pool_element
[30Jul2026 00:27:50.905] [Server thread/DEBUG] [FabricRegistrySync/]: Not saving registry: minecraft:activity
[30Jul2026 00:27:50.905] [Server thread/DEBUG] [FabricRegistrySync/]: Not saving registry: minecraft:recipe_serializer
[30Jul2026 00:27:50.905] [Server thread/DEBUG] [FabricRegistrySync/]: Not saving registry: minecraft:frog_variant
[30Jul2026 00:27:50.905] [Server thread/DEBUG] [FabricRegistrySync/]: Not saving registry: minecraft:banner_pattern
[30Jul2026 00:27:50.905] [Server thread/DEBUG] [FabricRegistrySync/]: Not saving registry: minecraft:instrument
[30Jul2026 00:27:50.905] [Server thread/DEBUG] [FabricRegistrySync/]: Not saving registry: minecraft:decorated_pot_patterns
[30Jul2026 00:27:50.905] [Server thread/DEBUG] [FabricRegistrySync/]: Not saving registry: minecraft:worldgen/feature_size_type
[30Jul2026 00:27:50.905] [Server thread/DEBUG] [FabricRegistrySync/]: Not saving registry: minecraft:point_of_interest_type
[30Jul2026 00:27:50.905] [Server thread/DEBUG] [FabricRegistrySync/]: Not saving registry: minecraft:mob_effect
[30Jul2026 00:27:50.905] [Server thread/DEBUG] [FabricRegistrySync/]: Not saving registry: minecraft:loot_pool_entry_type
[30Jul2026 00:27:50.905] [Server thread/DEBUG] [FabricRegistrySync/]: Not saving registry: minecraft:worldgen/block_state_provider_type
[30Jul2026 00:27:50.905] [Server thread/DEBUG] [FabricRegistrySync/]: Not saving registry: minecraft:worldgen/chunk_generator
[30Jul2026 00:27:50.905] [Server thread/DEBUG] [FabricRegistrySync/]: Not saving registry: minecraft:float_provider_type
[30Jul2026 00:27:50.905] [Server thread/DEBUG] [FabricRegistrySync/]: Not saving registry: minecraft:chunk_status
[30Jul2026 00:27:50.905] [Server thread/DEBUG] [FabricRegistrySync/]: Not saving registry: minecraft:enchantment
[30Jul2026 00:27:50.905] [Server thread/DEBUG] [FabricRegistrySync/]: Not saving registry: minecraft:loot_function_type
[30Jul2026 00:27:50.905] [Server thread/DEBUG] [FabricRegistrySync/]: Not saving registry: minecraft:worldgen/structure_processor
[30Jul2026 00:27:50.905] [Server thread/DEBUG] [FabricRegistrySync/]: Not saving registry: minecraft:loot_score_provider_type
[30Jul2026 00:27:50.905] [Server thread/DEBUG] [FabricRegistrySync/]: Not saving registry: minecraft:worldgen/tree_decorator_type
[30Jul2026 00:27:50.905] [Server thread/DEBUG] [FabricRegistrySync/]: Not saving registry: minecraft:schedule
[30Jul2026 00:27:50.905] [Server thread/DEBUG] [FabricRegistrySync/]: Not saving registry: minecraft:worldgen/material_condition
[30Jul2026 00:27:50.905] [Server thread/DEBUG] [FabricRegistrySync/]: Not saving registry: minecraft:entity_type
[30Jul2026 00:27:50.905] [Server thread/DEBUG] [FabricRegistrySync/]: Not saving registry: minecraft:villager_profession
[30Jul2026 00:27:50.905] [Server thread/DEBUG] [FabricRegistrySync/]: Not saving registry: minecraft:potion
[30Jul2026 00:27:50.905] [Server thread/DEBUG] [FabricRegistrySync/]: Not saving registry: minecraft:recipe_type
[30Jul2026 00:27:50.905] [Server thread/DEBUG] [FabricRegistrySync/]: Not saving registry: minecraft:int_provider_type
[30Jul2026 00:27:50.905] [Server thread/DEBUG] [FabricRegistrySync/]: Not saving registry: minecraft:worldgen/feature
[30Jul2026 00:27:50.905] [Server thread/DEBUG] [FabricRegistrySync/]: Not saving registry: minecraft:cat_variant
[30Jul2026 00:27:50.905] [Server thread/DEBUG] [FabricRegistrySync/]: Not saving registry: minecraft:pos_rule_test
[30Jul2026 00:27:50.905] [Server thread/DEBUG] [FabricRegistrySync/]: Not saving registry: minecraft:worldgen/structure_placement
[30Jul2026 00:27:50.905] [Server thread/DEBUG] [FabricRegistrySync/]: Not saving registry: minecraft:loot_nbt_provider_type
[30Jul2026 00:27:50.906] [Server thread/DEBUG] [FabricRegistrySync/]: Not saving registry: minecraft:menu
[30Jul2026 00:27:50.906] [Server thread/DEBUG] [FabricRegistrySync/]: Not saving registry: minecraft:worldgen/trunk_placer_type
[30Jul2026 00:27:50.907] [Server thread/DEBUG] [FabricRegistrySync/]: Not saving registry: minecraft:creative_mode_tab
[30Jul2026 00:27:50.907] [Server thread/DEBUG] [FabricRegistrySync/]: Not saving registry: minecraft:worldgen/placement_modifier_type
[30Jul2026 00:27:50.907] [Server thread/DEBUG] [FabricRegistrySync/]: Not saving registry: minecraft:worldgen/carver
[30Jul2026 00:27:50.907] [Server thread/DEBUG] [FabricRegistrySync/]: Not saving registry: minecraft:loot_number_provider_type
[30Jul2026 00:27:50.907] [Server thread/DEBUG] [FabricRegistrySync/]: Not saving registry: minecraft:worldgen/structure_piece
[30Jul2026 00:27:50.907] [Server thread/DEBUG] [FabricRegistrySync/]: Not saving registry: minecraft:sound_event
[30Jul2026 00:27:50.907] [Server thread/DEBUG] [FabricRegistrySync/]: Not saving registry: minecraft:particle_type
[30Jul2026 00:27:50.907] [Server thread/DEBUG] [FabricRegistrySync/]: Not saving registry: minecraft:game_event
[30Jul2026 00:27:50.907] [Server thread/DEBUG] [FabricRegistrySync/]: Not saving registry: minecraft:worldgen/biome_source
[30Jul2026 00:27:50.907] [Server thread/DEBUG] [FabricRegistrySync/]: Not saving registry: minecraft:worldgen/root_placer_type
[30Jul2026 00:27:50.907] [Server thread/DEBUG] [FabricRegistrySync/]: Not saving registry: minecraft:villager_type
[30Jul2026 00:27:50.907] [Server thread/DEBUG] [FabricRegistrySync/]: Not saving registry: minecraft:painting_variant
[30Jul2026 00:27:50.907] [Server thread/DEBUG] [FabricRegistrySync/]: Not saving registry: forge:fluid_type
[30Jul2026 00:27:50.907] [Server thread/DEBUG] [FabricRegistrySync/]: Not saving registry: minecraft:block_predicate_type
[30Jul2026 00:27:50.907] [Server thread/DEBUG] [FabricRegistrySync/]: Not saving registry: minecraft:block
[30Jul2026 00:27:50.907] [Server thread/DEBUG] [FabricRegistrySync/]: Not saving registry: forge:entity_data_serializers
[30Jul2026 00:27:50.907] [Server thread/DEBUG] [FabricRegistrySync/]: Not saving registry: minecraft:sensor_type
[30Jul2026 00:27:50.907] [Server thread/DEBUG] [FabricRegistrySync/]: Not saving registry: minecraft:rule_test
[30Jul2026 00:27:50.907] [Server thread/DEBUG] [FabricRegistrySync/]: Not saving registry: minecraft:memory_module_type
[30Jul2026 00:27:50.907] [Server thread/DEBUG] [FabricRegistrySync/]: Not saving empty registry data
[30Jul2026 00:27:50.908] [Server thread/DEBUG] [net.minecraftforge.common.ForgeHooks/WP]: Gathering id map for writing to world save OASIS OSTENTOSO
[30Jul2026 00:27:50.915] [Server thread/DEBUG] [net.minecraftforge.common.ForgeHooks/WP]: ID Map collection complete OASIS OSTENTOSO
[30Jul2026 00:27:50.924] [Server thread/INFO] [net.minecraft.server.MinecraftServer/]: ThreadedAnvilChunkStorage (world): All chunks are saved
[30Jul2026 00:27:50.925] [Server thread/INFO] [net.minecraft.server.MinecraftServer/]: ThreadedAnvilChunkStorage (DIM-1): All chunks are saved
[30Jul2026 00:27:50.925] [Server thread/INFO] [net.minecraft.server.MinecraftServer/]: ThreadedAnvilChunkStorage (DIM1): All chunks are saved
[30Jul2026 00:27:50.925] [Server thread/INFO] [net.minecraft.server.MinecraftServer/]: ThreadedAnvilChunkStorage: All dimensions are saved
[30Jul2026 00:27:50.944] [Server thread/DEBUG] [net.minecraftforge.fml.config.ConfigTracker/CONFIG]: Unloading configs type SERVER
